P09331	P09332	44.000	250	117	6	6	251	5	235	1.76e-64	199
P09331	Q08370	36.842	38	23	1	151	187	237	274	1.5	25.8
P09331	B5AGT2	28.571	77	47	4	40	109	315	390	3.5	24.6
P09331	Q9Z3F4	40.000	25	14	1	218	241	210	234	4.1	24.3
P09331	P55711	34.375	32	21	0	40	71	279	310	4.9	24.3
Q9X721	P43153	43.563	1134	581	18	1	1112	1	1097	0.0	891
Q9X721	P43153	22.892	166	121	3	837	1000	942	1102	1.05e-06	48.5
Q9X721	P43154	47.727	88	46	0	792	879	604	691	4.10e-17	82.0
Q9X721	P43154	23.009	565	365	21	84	619	38	561	1.96e-12	67.0
Q9X721	Q8D4Y9	22.609	460	297	18	131	561	41	470	9.54e-10	58.2
Q9X721	Q8VPK4	44.444	27	15	0	360	386	350	376	0.35	30.4
Q9X721	NP_819427_1	26.812	138	89	4	249	380	144	275	0.68	29.3
Q46085	P43153	42.914	1009	524	16	45	1007	90	1092	0.0	758
Q46085	P43153	38.605	215	124	6	810	1019	768	979	1.51e-31	129
Q46085	P43154	41.818	110	58	1	724	833	606	709	3.50e-17	82.0
Q46085	P43154	34.066	91	59	1	809	899	602	691	4.83e-11	62.0
Q46085	P43154	30.097	103	59	4	400	494	415	512	1.97e-05	43.9
Q46085	P43154	23.256	129	92	2	24	151	53	175	1.5	28.1
Q46085	Q8D4Y9	21.927	301	176	15	235	491	183	468	1.24e-05	44.7
Q46085	YP_001199348_1	26.230	122	68	4	329	430	775	894	1.2	28.5
Q46085	P09332	30.380	79	45	4	438	513	25	96	2.9	26.6
Q9KRJ0	Q8D4Y9	66.625	809	253	6	12	817	12	806	0.0	1118
Q9KRJ0	P43154	31.091	550	360	12	27	569	74	611	6.34e-75	256
Q9KRJ0	P43153	21.206	514	334	20	103	573	165	650	2.25e-08	53.1
Q9KRJ0	P43153	23.810	168	86	7	577	727	858	1000	0.59	28.9
Q9KRJ0	Q5ZWG1	22.581	62	48	0	152	213	27	88	0.46	28.5
Q9KRJ0	NP_819566_1	23.214	56	41	1	621	674	158	213	1.9	26.9
P81177	P0C0Q4	71.850	508	142	1	1	508	1	507	0.0	768
P81177	Q59223	43.048	374	177	8	166	508	177	545	4.02e-82	261
P81177	P14756	30.833	240	139	9	277	508	272	492	6.26e-22	94.4
P81177	Q9Z877	30.508	59	39	1	200	258	120	176	0.36	28.9
P81177	A0KHZ7	23.704	135	79	5	283	404	4304	4427	1.1	27.3
P0C0Q3	P0C0Q4	98.422	507	8	0	1	507	1	507	0.0	1025
P0C0Q3	Q59223	42.667	375	177	8	165	507	177	545	1.70e-83	265
P0C0Q3	P14756	28.682	387	224	16	148	507	131	492	3.08e-25	104
P0C0Q3	Q9Z877	44.828	29	16	0	205	233	126	154	0.77	27.7
P0C0Q3	A0KHZ7	22.917	144	86	6	282	411	4304	4436	4.0	25.4
Q54873	Q53591	49.795	974	467	8	43	994	2	975	0.0	971
Q54873	P0CZ00	26.027	657	447	16	283	921	31	666	2.36e-64	229
Q54873	Q07833	34.615	52	33	1	156	206	1554	1605	0.016	34.7
Q54873	Q9Z780	33.333	39	26	0	511	549	174	212	2.2	26.9
Q54873	NP_819950_2	35.849	53	29	2	3	55	18	65	2.8	26.9
P0CZ01	P0CZ00	95.203	813	38	1	1	813	1	812	0.0	1553
P0CZ01	Q53591	25.036	703	468	22	30	693	243	925	2.45e-57	207
P0CZ01	Q9L6W3	28.409	88	51	2	555	642	462	537	0.24	30.0
Q11137	P23694	50.540	463	203	7	35	491	45	487	1.73e-145	422
Q11137	U1IBD2	50.000	60	30	0	338	397	1775	1834	4.32e-11	60.8
Q11137	U1IBD2	39.024	82	44	1	346	427	1671	1746	1.28e-10	59.7
Q11137	U1IBD2	34.091	44	29	0	348	391	1646	1689	0.004	35.0
Q11137	P55117	50.877	57	28	0	343	399	736	792	1.05e-10	59.7
Q11137	P55117	40.741	54	32	0	338	391	713	766	2.27e-05	42.4
Q11137	P55117	26.724	116	44	4	271	386	734	808	0.68	28.1
Q11137	P55117	46.154	26	14	0	362	387	614	639	4.0	25.4
Q11137	P55117	42.857	28	16	0	265	292	784	811	4.6	25.4
Q11137	J7QLC0	50.847	59	29	0	338	396	1010	1068	1.47e-10	59.3
Q11137	J7QLC0	50.000	54	27	0	342	395	1279	1332	1.86e-10	58.9
Q11137	J7QLC0	36.154	130	72	4	338	467	1133	1251	4.11e-09	54.7
Q11137	J7QLC0	39.655	58	35	0	338	395	1257	1314	2.79e-06	45.4
Q11137	J7QLC0	34.783	69	36	1	338	397	1524	1592	2.54e-05	42.4
Q11137	J7QLC0	26.446	121	72	3	343	451	1421	1536	3.32e-05	42.0
Q11137	J7QLC0	38.000	50	31	0	359	408	1013	1062	0.001	37.0
Q11137	J7QLC0	30.909	55	23	3	359	409	911	954	5.5	25.0
Q11137	P0DKX7	50.847	59	29	0	338	396	1010	1068	1.47e-10	59.3
Q11137	P0DKX7	50.000	54	27	0	342	395	1279	1332	1.86e-10	58.9
Q11137	P0DKX7	36.154	130	72	4	338	467	1133	1251	4.11e-09	54.7
Q11137	P0DKX7	39.655	58	35	0	338	395	1257	1314	2.79e-06	45.4
Q11137	P0DKX7	34.783	69	36	1	338	397	1524	1592	2.54e-05	42.4
Q11137	P0DKX7	26.446	121	72	3	343	451	1421	1536	3.32e-05	42.0
Q11137	P0DKX7	38.000	50	31	0	359	408	1013	1062	0.001	37.0
Q11137	P0DKX7	30.909	55	23	3	359	409	911	954	5.5	25.0
P01559	P31518	36.842	76	33	3	1	71	1	66	3.49e-09	43.9
P01559	D8P4R3	27.083	48	31	1	16	59	403	450	0.25	24.6
P01559	E6Z0R3	25.000	60	34	1	17	65	356	415	0.47	23.9
P01559	ABS77747_2	35.714	42	23	2	29	67	328	368	1.6	22.3
P01559	P09332	26.786	56	39	1	2	55	7	62	2.3	21.9
P01552	Q54738	58.555	263	99	4	4	264	6	260	9.54e-99	285
P01552	Q7BAE3	32.576	132	74	8	141	264	108	232	2.28e-05	40.0
P01552	A0A2X3U5V2	23.952	167	111	4	97	259	80	234	1.44e-04	37.7
P01552	A0A6B0D2Z3	28.906	128	74	5	102	227	100	212	0.006	32.7
P01552	P06886	26.446	121	76	4	111	222	86	202	0.008	32.3
P34071	Q54738	56.589	258	105	3	7	264	10	260	4.74e-100	289
P34071	A0A2X3U5V2	26.877	253	156	8	11	259	7	234	2.15e-14	66.6
P34071	Q7BAE3	26.633	199	127	7	68	264	51	232	1.48e-07	46.6
P34071	P06886	35.294	51	31	1	177	227	160	208	0.22	28.1
P34071	S5TIL4	28.169	71	43	4	140	205	149	216	0.47	26.9
P0A0L8	Q54738	44.856	243	115	6	22	255	25	257	5.18e-55	174
P0A0L8	Q7BAE3	31.250	128	72	4	72	195	56	171	1.91e-08	49.3
P0A0L8	A0A2X3U5V2	27.119	177	99	7	91	256	78	235	8.33e-08	47.4
P0A0L8	S5TIL4	29.412	102	58	3	101	197	123	215	0.021	31.2
P0A0L8	A0A6B0D2Z3	26.471	102	61	3	98	195	100	191	0.043	30.0
P0DJY7	Q54738	42.308	234	113	9	34	250	32	260	3.58e-42	140
P0DJY7	A0A2X3U5V2	26.829	246	157	10	9	247	5	234	1.36e-09	52.4
P0DJY7	Q7BAE3	26.804	194	121	9	67	250	50	232	1.42e-04	37.7
P0DJY7	P0AGL5	35.294	51	30	1	175	222	74	124	0.027	30.0
P0DJY7	Q27RI0	19.388	98	68	1	147	233	324	421	0.11	29.3
P20723	Q54738	30.418	263	163	11	6	258	8	260	1.44e-23	92.0
P20723	A0A2X3U5V2	28.444	225	144	7	37	255	21	234	1.05e-19	80.9
P20723	Q7BAE3	33.594	128	79	4	133	258	109	232	3.95e-14	65.5
P20723	A0A6B0D2Z3	30.263	76	44	3	134	205	130	200	0.90	26.2
P20723	A8YQR4	25.806	31	23	0	149	179	122	152	1.0	25.8
P0A0L2	Q54738	33.333	261	147	12	7	254	11	257	2.12e-27	102
P0A0L2	A0A2X3U5V2	31.613	155	99	4	102	254	85	234	8.79e-22	86.7
P0A0L2	Q7BAE3	32.692	156	90	7	105	256	87	231	3.36e-14	65.9
P0A0L2	P06886	25.714	105	49	4	105	196	98	186	0.16	28.5
P0A0L2	A9R9H4	41.176	51	26	2	18	68	222	268	1.5	25.4
P12993	A0A2X3U5V2	33.333	168	103	5	90	254	73	234	1.07e-21	86.3
P12993	Q54738	30.534	262	159	9	7	254	5	257	1.72e-21	86.3
P12993	Q7BAE3	32.468	154	93	5	105	256	87	231	2.38e-14	66.2
P12993	P06886	27.273	110	52	4	105	201	98	192	0.006	32.7
P12993	NP_820988_1	36.842	38	23	1	218	254	165	202	2.1	25.0
P0A0M0	A0A2X3U5V2	36.047	172	88	8	74	233	71	232	9.00e-20	80.9
P0A0M0	Q7BAE3	33.758	157	95	4	86	238	81	232	1.56e-18	77.4
P0A0M0	Q54738	31.698	265	150	12	1	239	1	260	2.97e-18	77.0
P0A0M0	S5TIL4	26.829	164	99	8	83	238	114	264	3.64e-06	42.4
P0A0M0	Q5ZYG9	28.571	42	29	1	7	48	27	67	2.7	24.6
P0A0L5	Q54738	56.705	261	107	3	4	264	6	260	2.33e-100	290
P0A0L5	A0A2X3U5V2	27.059	255	157	8	9	259	5	234	2.73e-15	68.9
P0A0L5	Q7BAE3	26.131	199	128	7	68	264	51	232	2.17e-07	46.2
P0A0L5	P06886	30.882	68	44	2	160	227	144	208	0.23	27.7
P0A0L5	S5TIL4	28.169	71	43	4	140	205	149	216	0.50	26.9
Q8NKX2	Q7BAE3	50.000	210	103	2	25	233	21	229	3.08e-67	203
Q8NKX2	S5TIL4	32.515	163	93	5	78	233	109	261	6.54e-17	73.2
Q8NKX2	A0A2X3U5V2	33.113	151	83	8	60	200	61	203	1.65e-09	52.0
Q8NKX2	Q54738	28.758	153	95	5	83	222	96	247	1.06e-05	40.8
Q8NKX2	A0A6B0D2Z3	30.328	122	59	7	92	199	103	212	0.010	32.0
P0C0I6	A0A2X3U5V2	55.187	241	95	4	1	235	1	234	9.64e-89	258
P0C0I6	Q54738	24.883	213	139	7	42	236	49	258	1.69e-13	63.9
P0C0I6	Q7BAE3	29.843	191	120	9	53	233	41	227	2.90e-09	51.2
P0C0I6	S5TIL4	28.369	141	79	6	94	225	123	250	2.93e-04	36.6
P0C0I6	A0A6B0D2Z3	24.370	119	76	5	92	203	101	212	0.003	33.5
Q9X5C7	Q7BAE3	41.284	218	125	3	16	233	17	231	8.83e-46	148
Q9X5C7	S5TIL4	26.794	209	129	6	35	231	65	261	2.05e-11	57.8
Q9X5C7	A0A2X3U5V2	30.000	160	92	8	83	231	84	234	3.74e-08	48.1
Q9X5C7	Q54738	26.891	119	84	3	109	225	135	252	5.65e-07	44.7
Q9X5C7	P06886	32.692	52	34	1	148	199	161	211	0.046	29.6
P0DG08	Q7BAE3	40.826	218	126	3	16	233	17	231	1.14e-44	145
P0DG08	S5TIL4	26.794	209	129	6	35	231	65	261	2.24e-11	57.8
P0DG08	A0A2X3U5V2	30.000	160	92	8	83	231	84	234	3.74e-08	48.1
P0DG08	Q54738	26.050	119	85	3	109	225	135	252	4.24e-07	45.1
P0DG08	P28764	24.742	97	64	2	107	203	66	153	0.66	26.2
P0C0I7	A0A2X3U5V2	55.187	241	95	4	1	235	1	234	9.64e-89	258
P0C0I7	Q54738	24.883	213	139	7	42	236	49	258	1.69e-13	63.9
P0C0I7	Q7BAE3	29.843	191	120	9	53	233	41	227	2.90e-09	51.2
P0C0I7	S5TIL4	28.369	141	79	6	94	225	123	250	2.93e-04	36.6
P0C0I7	A0A6B0D2Z3	24.370	119	76	5	92	203	101	212	0.003	33.5
Q6VBI7	A0A2X3U5V2	35.450	189	105	10	50	232	58	235	2.95e-22	87.4
Q6VBI7	Q7BAE3	30.653	199	130	5	33	229	35	227	1.73e-20	82.4
Q6VBI7	S5TIL4	26.540	211	129	10	31	229	63	259	3.29e-08	48.5
Q6VBI7	Q54738	30.833	120	74	6	112	225	136	252	3.09e-07	45.4
Q6VBI7	P06886	24.242	132	89	4	101	232	114	234	0.013	31.6
Q1CQC6	Q7BAE3	50.000	210	103	2	25	233	21	229	3.08e-67	203
Q1CQC6	S5TIL4	32.515	163	93	5	78	233	109	261	6.54e-17	73.2
Q1CQC6	A0A2X3U5V2	33.113	151	83	8	60	200	61	203	1.65e-09	52.0
Q1CQC6	Q54738	28.758	153	95	5	83	222	96	247	1.06e-05	40.8
Q1CQC6	A0A6B0D2Z3	30.328	122	59	7	92	199	103	212	0.010	32.0
P0A0L4	Q54738	56.705	261	107	3	4	264	6	260	2.33e-100	290
P0A0L4	A0A2X3U5V2	27.059	255	157	8	9	259	5	234	2.73e-15	68.9
P0A0L4	Q7BAE3	26.131	199	128	7	68	264	51	232	2.17e-07	46.2
P0A0L4	P06886	30.882	68	44	2	160	227	144	208	0.23	27.7
P0A0L4	S5TIL4	28.169	71	43	4	140	205	149	216	0.50	26.9
A0A0H3KHN8	Q54738	32.197	264	152	11	7	254	5	257	1.53e-27	102
A0A0H3KHN8	A0A2X3U5V2	31.613	155	99	4	102	254	85	234	3.98e-22	87.4
A0A0H3KHN8	Q7BAE3	32.692	156	90	7	105	256	87	231	1.37e-14	67.0
A0A0H3KHN8	P06886	25.714	105	49	4	105	196	98	186	0.13	28.5
A0A0H3KHN8	A9R9H4	41.176	51	26	2	18	68	222	268	0.89	26.2
A0A380JN30	A0A2X3U5V2	98.298	235	4	0	1	235	1	235	5.43e-174	473
A0A380JN30	Q54738	25.197	254	150	11	8	232	13	255	6.19e-12	59.3
A0A380JN30	Q7BAE3	30.968	155	97	7	83	234	82	229	6.08e-10	53.1
A0A380JN30	S5TIL4	24.215	223	138	10	28	235	56	262	5.52e-05	38.9
A0A380JN30	ABV76526_1	28.125	64	42	2	14	77	350	409	1.1	25.8
A0A380JN30	ABV76526_1	28.125	64	42	2	14	77	406	465	3.5	24.3
A0A380JN30	ABV76526_1	28.125	64	42	2	14	77	434	493	5.0	23.9
A0A380JN30	ABV76526_1	28.125	64	42	2	14	77	490	549	7.5	23.1
Q9L920	A0A2X3U5V2	55.602	241	94	4	1	235	1	234	5.78e-88	256
Q9L920	Q54738	24.413	213	140	7	42	236	49	258	9.39e-14	64.3
Q9L920	Q7BAE3	29.319	191	121	9	53	233	41	227	1.83e-08	48.9
Q9L920	S5TIL4	29.078	141	78	6	94	225	123	250	9.03e-05	38.1
Q9L920	A0A6B0D2Z3	24.370	119	76	5	92	203	101	212	0.005	32.7
Q76FM2	Q7BAE3	40.000	205	121	2	29	233	29	231	1.24e-42	140
Q76FM2	S5TIL4	27.619	210	130	5	33	231	63	261	5.41e-11	56.6
Q76FM2	A0A2X3U5V2	29.134	127	71	6	83	197	84	203	2.98e-06	42.4
Q76FM2	Q54738	29.268	123	76	6	109	225	135	252	5.34e-06	42.0
Q76FM2	H8YUQ0	26.667	75	52	1	147	221	134	205	0.13	28.5
P07593	P31518	77.465	71	11	2	1	71	1	66	2.84e-33	105
P07593	Q9KNE5	36.842	19	12	0	31	49	193	211	0.36	24.3
P07593	Q5ZWI4	47.619	21	11	0	16	36	32	52	0.76	23.1
P07593	P01555	60.000	15	6	0	1	15	1	15	1.3	22.7
P07593	Q5ZYH9	53.846	13	6	0	46	58	270	282	2.0	21.9
O50319	P31518	61.111	72	22	1	1	72	1	66	1.25e-25	85.9
O50319	Q27RI0	35.484	31	20	0	24	54	66	96	2.4	21.9
O50319	P55711	34.043	47	30	1	7	53	476	521	4.7	21.2
O50319	C1CWG1	34.483	29	19	0	25	53	162	190	5.8	20.8
O50319	Q9Z8N0	50.000	24	12	0	2	25	32	55	5.9	20.4
P74977	P31518	69.014	71	17	2	1	71	1	66	2.45e-30	97.4
P74977	Q5ZSL3	37.500	32	19	1	27	57	86	117	0.71	23.5
P74977	Q89BB8	28.947	38	27	0	19	56	1013	1050	1.0	23.1
P74977	Q89BB8	28.947	38	27	0	19	56	1136	1173	1.0	23.1
P74977	Q5ZRQ1	34.783	23	15	0	35	57	1256	1278	2.8	21.6
P74977	Q5ZU22	30.769	39	19	1	28	58	215	253	3.9	21.2
Q4ZX82	Q887D0	64.895	715	243	2	1	715	1	707	0.0	934
Q4ZX82	C8BNW8	25.862	464	277	17	257	692	259	683	7.97e-13	67.0
Q4ZX82	Q989M4	30.303	66	44	1	187	252	2364	2427	3.5	26.2
Q4ZX82	E3BJR0	36.842	38	24	0	321	358	223	260	3.7	25.8
Q4ZX82	E7G765	37.500	32	18	1	350	379	37	68	6.7	23.5
Q4ZMD6	F3IHD9	55.684	431	172	7	98	515	21	445	2.70e-134	392
Q4ZMD6	Q2QCI9	43.515	586	253	15	1	515	1	579	4.29e-117	353
Q4ZMD6	A0A656GG29	54.286	280	116	4	246	515	2	279	6.23e-87	265
Q4ZMD6	Q8RP04	39.386	391	163	15	1	325	1	383	3.42e-48	167
Q4ZMD6	F3HH80	36.957	92	33	5	54	121	2	92	0.006	32.0
Q48B61	F3IHD9	53.187	455	173	6	95	539	21	445	5.27e-143	416
Q48B61	Q2QCI9	42.577	613	244	10	1	539	1	579	2.19e-127	380
Q48B61	A0A656GG29	50.323	310	115	4	236	539	3	279	4.09e-87	266
Q48B61	Q8RP04	40.209	383	158	11	1	312	1	383	2.41e-54	184
Q48B61	Q8RP04	47.727	44	19	1	322	361	43	86	0.008	34.3
Q48B61	F3HH80	30.769	91	35	3	56	118	2	92	0.007	32.0
Q48B61	F3HH80	52.632	19	9	0	338	356	2	20	4.3	24.3
YP_025680_1	ZP_05639859_1	99.871	774	1	0	1	774	1	774	0.0	1591
YP_025680_1	ZP_06489150_1	71.117	412	119	0	351	762	2	413	0.0	615
YP_025680_1	ZP_06481941_1	86.590	261	35	0	514	774	1	261	5.74e-162	465
YP_025680_1	Q6J2E6	91.703	229	19	0	1	229	1	229	1.62e-148	430
YP_025680_1	Q48DU8	46.302	311	162	2	1	306	1	311	1.23e-69	242
ACU65043_1	C8BNV1	100.000	1754	0	0	1	1754	1	1754	0.0	3590
ACU65043_1	Q8VPK4	25.161	465	287	16	40	486	99	520	3.56e-18	86.7
ACU65043_1	Q8VPK4	28.980	245	162	7	1473	1715	1202	1436	2.66e-14	73.9
ACU65043_1	Q8VPK4	19.614	673	433	24	686	1337	606	1191	1.45e-07	52.0
ACU65043_1	F3HEG5	32.298	161	106	3	1557	1716	1546	1704	6.57e-15	76.3
ACU65043_1	F3HEG5	23.782	698	423	26	714	1351	806	1454	3.19e-13	70.5
ACU65043_1	F3HEG5	24.528	477	284	20	74	505	275	720	5.52e-13	69.7
ACU65043_1	F3HEG5	40.741	54	21	1	868	910	1564	1617	7.7	26.6
ACU65043_1	AAS20351_1	25.556	360	217	13	175	516	351	677	2.78e-12	67.4
ACU65043_1	AAS20351_1	32.231	121	75	2	1564	1681	1463	1579	8.17e-12	65.9
ACU65043_1	Q8XQE6	27.536	138	84	4	199	333	428	552	0.15	32.3
ACU65060_1	C8BNW8	100.000	700	0	0	1	700	1	700	0.0	1427
ACU65060_1	Q887D0	28.286	350	209	13	332	664	349	673	1.87e-13	68.9
ACU65060_1	Q97T80	32.500	40	27	0	3	42	171	210	2.4	26.9
ACU65060_1	CAX11132_1	31.111	45	31	0	623	667	425	469	3.2	26.2
ACU65060_1	C8BNV1	23.308	133	86	5	78	205	6	127	4.4	25.8
ACU65062_1	C8BNX0	100.000	629	0	0	1	629	1	629	0.0	1265
ACU65062_1	Q5ZW60	24.860	358	181	12	53	338	27	368	1.92e-15	75.1
ACU65062_1	Q5ZRP9	25.806	279	166	7	45	294	30	296	1.79e-14	72.0
ACU65062_1	YP_096418_1	21.918	438	260	16	30	436	35	421	2.02e-12	65.5
ACU65062_1	Q5ZVL4	23.846	260	160	11	206	447	412	651	6.12e-06	44.7
ACU65062_1	Q5ZVL4	40.323	62	35	1	48	109	300	359	9.51e-05	40.8
ACY60554_1	NP_783660_1	62.311	528	99	6	1	430	1	526	0.0	549
ACY60554_1	D0ZVG2	36.614	254	151	7	51	298	153	402	5.34e-32	124
ACY60554_1	D0ZVG2	43.478	138	77	1	258	394	216	353	9.37e-23	96.7
ACY60554_1	D0ZVG2	44.118	136	74	2	270	403	207	342	4.17e-21	91.7
ACY60554_1	Q6XVT8	38.326	227	111	7	43	245	23	244	1.98e-27	110
ACY60554_1	Q6XVT8	42.748	131	75	0	270	400	83	213	7.92e-16	75.1
ACY60554_1	Q6XVT8	35.556	180	91	2	228	407	83	237	4.09e-14	69.7
ACY60554_1	Q6XVT8	36.842	133	64	3	186	300	83	213	7.13e-13	65.9
ACY60554_1	Q6XVT8	39.080	87	53	0	323	409	76	162	4.58e-12	63.2
ACY60554_1	Q6XVT8	41.860	86	50	0	303	388	76	161	4.82e-09	53.5
ACY60554_1	Q6XVT8	37.681	69	43	0	342	410	75	143	7.08e-07	46.6
ACY60554_1	ZP_03368310_1	40.171	117	69	1	55	170	164	280	2.43e-17	77.8
ACY60554_1	ZP_03368310_1	45.122	82	44	1	283	363	206	287	3.07e-10	56.6
ACY60554_1	ZP_03368310_1	36.905	84	52	1	323	405	206	289	1.85e-07	47.8
ACY60554_1	ZP_03368310_1	39.080	87	52	1	303	388	206	292	9.03e-07	45.8
ACY60554_1	ZP_03368310_1	38.372	86	52	1	244	329	209	293	4.94e-06	43.5
ACY60554_1	ZP_03368310_1	33.645	107	48	3	202	308	209	292	2.41e-04	38.1
ACY60554_1	ZP_03368310_1	36.585	82	49	2	157	238	206	284	6.39e-04	37.0
ACY60554_1	ZP_03368310_1	34.848	66	42	1	343	407	206	271	0.004	34.3
ACY60554_1	P55456	39.130	138	59	4	95	228	106	222	8.79e-13	65.5
ACY60554_1	P55456	37.705	122	55	3	276	395	101	203	8.28e-10	56.2
ACY60554_1	P55456	43.478	92	47	4	245	333	112	201	9.61e-10	55.8
ACY60554_1	P55456	36.290	124	54	4	174	295	103	203	1.01e-08	52.8
AAF71481_2	Q08370	88.127	379	37	2	1	375	1	375	0.0	663
AAF71481_2	AAR21118_1	40.476	168	87	6	215	371	126	291	7.15e-25	102
AAF71481_2	P55117	36.923	65	33	3	235	299	438	494	0.32	28.5
AAF71481_2	Q27RI0	33.333	57	33	2	28	84	29	80	0.40	28.1
AAF71481_2	A4SUE7	27.632	76	48	2	20	88	18	93	0.74	27.3
AAT35179_1	ZP_05639859_1	99.871	774	1	0	1	774	1	774	0.0	1591
AAT35179_1	ZP_06489150_1	71.117	412	119	0	351	762	2	413	0.0	615
AAT35179_1	ZP_06481941_1	86.590	261	35	0	514	774	1	261	5.74e-162	465
AAT35179_1	Q6J2E6	91.703	229	19	0	1	229	1	229	1.62e-148	430
AAT35179_1	Q48DU8	46.302	311	162	2	1	306	1	311	1.23e-69	242
Q7PC62	Q48DU8	93.654	914	56	1	1	914	1	912	0.0	1655
Q7PC62	ZP_05639859_1	47.923	313	156	2	1	313	1	306	2.69e-78	266
Q7PC62	Q6J2E6	47.826	230	117	1	1	230	1	227	3.91e-60	201
Q7PC62	Q5EN61	23.628	419	265	9	455	838	172	570	1.43e-18	86.3
Q7PC62	Q6IV70	26.744	172	99	6	670	824	405	566	9.40e-08	51.2
Q888Y8	Q48BE0	94.225	710	36	1	1	705	1	710	0.0	1354
Q888Y8	Q79LY0	62.626	198	70	2	1	194	1	198	5.74e-67	224
Q888Y8	NP_819427_1	27.660	94	46	5	60	149	66	141	1.1	28.1
Q888Y8	P40613	36.111	36	23	0	405	440	229	264	2.2	26.6
Q888Y8	YP_124884_1	32.258	31	20	1	617	646	224	254	4.4	25.8
Q8RK06	Q48BE0	92.817	710	39	3	1	698	1	710	0.0	1324
Q8RK06	Q79LY0	68.571	175	51	2	1	171	1	175	6.31e-67	223
Q8RK06	NP_819427_1	27.660	94	46	5	60	149	66	141	1.1	27.7
Q8RK06	P40613	36.111	36	23	0	398	433	229	264	2.2	26.6
Q8RK06	Q06117	50.000	20	10	0	317	336	585	604	3.8	26.2
Q8RK07	Q48BE0	93.239	710	43	1	1	705	1	710	0.0	1341
Q8RK07	Q79LY0	61.616	198	72	2	1	194	1	198	2.98e-64	216
Q8RK07	NP_819427_1	28.723	94	45	5	60	149	66	141	0.96	28.1
Q8RK07	P40613	36.111	36	23	0	405	440	229	264	2.1	26.6
Q8RK07	YP_124884_1	32.258	31	20	1	617	646	224	254	4.9	25.8
Q8RK09	F3IHD9	52.954	457	173	6	95	541	21	445	8.16e-143	415
Q8RK09	Q2QCI9	42.577	613	246	10	1	541	1	579	2.14e-127	380
Q8RK09	A0A656GG29	50.323	310	115	4	238	541	3	279	1.28e-87	268
Q8RK09	Q8RP04	40.209	383	160	11	1	314	1	383	1.00e-55	187
Q8RK09	Q8RP04	45.455	44	20	1	324	363	43	86	0.065	31.2
Q8RK09	YP_127810_1	22.111	199	122	9	352	533	97	279	0.004	35.0
Q8RK12	F3IHD9	52.193	456	160	8	95	523	21	445	2.37e-136	398
Q8RK12	Q2QCI9	41.925	613	232	11	1	523	1	579	1.26e-123	370
Q8RK12	A0A656GG29	50.667	300	109	4	230	523	13	279	9.03e-85	259
Q8RK12	Q8RP04	39.687	383	144	13	1	296	1	383	6.60e-52	177
Q8RK12	Q8RP04	47.727	44	19	1	306	345	43	86	0.009	33.9
Q8RK12	F3HH80	30.769	91	35	3	56	118	2	92	0.007	32.0
Q8RK12	F3HH80	52.632	19	9	0	322	340	2	20	3.8	24.3
Q8RP17	ZP_05639859_1	99.871	774	1	0	1	774	1	774	0.0	1591
Q8RP17	ZP_06489150_1	71.117	412	119	0	351	762	2	413	0.0	615
Q8RP17	ZP_06481941_1	86.590	261	35	0	514	774	1	261	5.74e-162	465
Q8RP17	Q6J2E6	91.703	229	19	0	1	229	1	229	1.62e-148	430
Q8RP17	Q48DU8	46.302	311	162	2	1	306	1	311	1.23e-69	242
Q8RSY1	F3IHD9	94.268	471	1	1	83	553	1	445	0.0	880
Q8RSY1	Q2QCI9	61.945	586	183	10	1	553	1	579	0.0	606
Q8RSY1	A0A656GG29	72.857	280	75	1	274	553	1	279	1.62e-141	406
Q8RSY1	Q8RP04	52.956	389	140	10	1	352	1	383	8.68e-97	295
Q8RSY1	F3HH80	51.579	95	43	2	65	156	2	96	1.30e-18	77.0
Q9F3T6	Q48BE0	100.000	710	0	0	1	710	1	710	0.0	1437
Q9F3T6	Q79LY0	63.131	198	69	2	1	194	1	198	3.90e-67	224
Q9F3T6	NP_819077_1	29.688	64	42	2	431	491	112	175	0.88	28.1
Q9F3T6	NP_819427_1	27.660	94	46	5	60	149	66	141	1.0	28.1
Q9F3T6	C8BNV1	32.727	55	32	1	511	565	1225	1274	2.4	26.9
Q9RBW3	F3IHD9	53.187	455	173	6	95	539	21	445	5.27e-143	416
Q9RBW3	Q2QCI9	42.577	613	244	10	1	539	1	579	2.19e-127	380
Q9RBW3	A0A656GG29	50.323	310	115	4	236	539	3	279	4.09e-87	266
Q9RBW3	Q8RP04	40.209	383	158	11	1	312	1	383	2.41e-54	184
Q9RBW3	Q8RP04	47.727	44	19	1	322	361	43	86	0.008	34.3
Q9RBW3	F3HH80	30.769	91	35	3	56	118	2	92	0.007	32.0
Q9RBW3	F3HH80	52.632	19	9	0	338	356	2	20	4.3	24.3
Q4K5B7	C6BHF2	54.918	122	51	2	1	122	1	118	2.61e-43	134
Q4K5B7	YP_094281_1	28.571	28	20	0	76	103	239	266	0.84	24.6
Q4K5B7	A0KHZ7	34.483	29	19	0	91	119	3520	3548	1.2	24.3
Q4K5B7	Q5ZX07	26.316	38	26	1	4	41	168	203	1.5	23.9
Q4K5B7	Q7BS06	37.838	37	23	0	4	40	29	65	1.7	23.5
Q9I0E0	Q9I0E0_2	100.000	158	0	0	1	158	1	158	3.45e-117	323
Q9I0E0	B5F5S8	27.273	55	40	0	60	114	63	117	0.14	27.7
Q9I0E0	D4HZV6	30.000	30	21	0	101	130	560	589	4.8	23.1
Q9I0E0	P06200	35.000	40	22	1	79	118	453	488	6.3	22.7
Q9I0E0	P56956	58.824	17	7	0	37	53	961	977	7.0	22.7
Q9I2Q1	B2TCX2	34.058	138	76	7	6	141	5	129	9.90e-18	70.5
Q9I2Q1	F0QCN5	31.081	74	48	2	28	99	24	96	4.51e-04	34.3
Q9I2Q1	Q45755	36.735	49	24	2	42	85	18	64	1.4	24.6
Q9I2Q1	Q68A49	37.931	29	18	0	22	50	550	578	1.7	24.3
Q9I2Q1	Q9Z8Z8	25.882	85	51	3	48	130	147	221	3.1	23.5
A0FDW2	A0FDW6	94.199	362	21	0	1	362	1	362	0.0	697
A0FDW2	P55555	33.491	212	128	4	51	258	12	214	2.87e-29	109
A0FDW2	Q8RP13	25.275	182	123	4	85	259	67	242	9.24e-15	68.9
A0FDW2	BAH47296_1	29.744	195	117	7	145	336	153	330	1.99e-14	69.3
A0FDW2	F3FD65	25.301	332	167	15	48	358	41	312	2.53e-10	56.6
A0FDW7	A0FDW6	98.619	362	5	0	1	362	1	362	0.0	744
A0FDW7	P55555	33.019	212	129	4	51	258	12	214	1.50e-28	107
A0FDW7	BAH47296_1	31.795	195	113	8	145	336	153	330	4.52e-16	74.3
A0FDW7	Q8RP13	24.895	237	152	6	24	254	21	237	3.34e-15	70.5
A0FDW7	F3FD65	26.380	326	171	15	48	358	41	312	1.11e-11	60.5
A0FDW8	A0FDW6	94.475	362	20	0	1	362	1	362	0.0	699
A0FDW8	P55555	33.019	212	129	4	51	258	12	214	7.43e-29	108
A0FDW8	Q8RP13	24.211	190	131	4	77	259	59	242	1.74e-14	68.2
A0FDW8	BAH47296_1	30.102	196	115	8	145	336	153	330	8.63e-14	67.4
A0FDW8	F3FD65	26.074	326	172	15	48	358	41	312	1.28e-10	57.4
A0FDX1	A0FDW6	93.646	362	23	0	1	362	1	362	0.0	693
A0FDX1	P55555	32.159	227	141	4	51	273	12	229	4.98e-29	108
A0FDX1	Q8RP13	25.946	185	124	4	77	254	59	237	8.47e-16	72.0
A0FDX1	BAH47296_1	31.282	195	114	8	145	336	153	330	1.90e-14	69.3
A0FDX1	F3FD65	26.074	326	172	14	48	358	41	312	2.06e-11	59.7
A2BCU8	S6TW99	51.232	203	99	0	1	203	1	203	7.33e-70	208
A2BCU8	F3IDL2	48.201	139	70	1	64	200	3	141	5.26e-43	137
A2BCU8	S6U3U1	97.059	68	2	0	137	204	1	68	1.70e-42	133
A2BCU8	C0SPQ2	36.813	182	97	5	39	203	100	280	5.61e-23	89.4
A2BCU8	A0A656GNA3	34.286	105	48	3	41	144	1	85	7.98e-08	46.6
A3QR00	A0A656JK29	66.129	310	64	5	63	333	1	308	2.33e-138	391
A3QR00	Q87W07	78.440	218	42	2	1	215	1	216	4.35e-112	330
A3QR00	Q87W07	75.694	144	35	0	190	333	343	486	3.61e-57	188
A3QR00	Q5EN61	32.558	43	28	1	195	236	63	105	3.0	25.0
A3QR00	Q5ZU39	28.986	69	43	2	46	108	230	298	3.8	25.0
A3QR00	Q4ZX48	57.143	21	9	0	188	208	38	58	5.7	24.3
A3QR01	A0A656JK29	66.881	311	61	6	63	334	1	308	6.41e-137	387
A3QR01	Q87W07	79.245	212	39	2	1	209	1	210	2.95e-114	336
A3QR01	Q87W07	75.172	145	35	1	190	334	343	486	2.27e-57	189
A3QR01	Q87W07	78.261	23	5	0	190	212	267	289	2.36e-05	41.2
A3QR01	Q87XS5	41.860	43	21	2	189	227	167	209	1.2	26.6
A3QR01	Q5ZU39	28.986	69	43	2	46	108	230	298	2.8	25.4
A3QR01	E0SAK8	47.619	21	10	1	201	221	20	39	5.3	24.6
E5G0U5	A0A656GNA3	99.578	237	1	0	44	280	1	237	2.13e-178	487
E5G0U5	S6TW99	47.826	92	48	0	7	98	4	95	2.96e-23	90.5
E5G0U5	Q88BP8	69.231	39	12	0	4	42	1	39	2.19e-12	61.6
E5G0U5	C8BNV1	31.579	76	46	2	33	102	713	788	0.004	34.3
E5G0U5	C0SPQ2	40.741	27	16	0	55	81	113	139	0.061	30.0
E7PH30	F3GEX7	90.625	64	6	0	1	64	1	64	4.48e-36	111
E7PH30	Q3BWS7	41.270	63	37	0	1	63	148	210	1.71e-08	44.3
E7PH30	P96622	38.710	31	16	1	2	32	85	112	0.29	23.9
E7PH30	Q47184	41.026	39	21	1	13	51	147	183	0.90	22.7
E7PH30	O85345	42.308	26	15	0	32	57	131	156	1.5	21.9
E7PJ45	A0A656JK29	69.551	312	53	5	63	334	1	310	1.22e-147	414
E7PJ45	Q87W07	83.019	212	31	2	1	209	1	210	1.67e-120	352
E7PJ45	Q87W07	75.000	144	35	1	190	332	343	486	7.78e-60	195
E7PJ45	Q87W07	84.615	26	4	0	190	215	267	292	1.43e-07	48.1
E7PJ45	A0KHZ7	37.500	56	26	2	29	84	971	1017	0.55	27.7
E7PJ45	YP_125249_1	35.714	28	16	1	83	108	299	326	6.2	24.3
E7PJ45	Q989R4	35.443	79	38	4	195	262	1184	1260	6.4	24.3
E7PKT3	F3HEG5	72.748	1721	445	6	1	1714	1	1704	0.0	2536
E7PKT3	AAS20351_1	28.418	1580	987	40	164	1693	108	1593	3.23e-174	565
E7PKT3	AAP31245_1	65.361	332	112	1	107	438	194	522	2.91e-139	437
E7PKT3	AAP31245_1	55.072	69	31	0	1	69	1	69	2.60e-16	79.7
E7PKT3	Q8VPK4	24.008	1437	900	50	277	1683	134	1408	2.55e-65	240
E7PKT3	C8BNV1	25.421	535	321	22	204	716	27	505	4.47e-21	96.3
E7PKT3	C8BNV1	22.572	731	433	24	792	1464	696	1351	1.51e-12	68.6
E7PKT3	C8BNV1	29.586	169	116	3	1548	1714	1549	1716	8.86e-12	65.9
E7PKW2	Q4ZX48	80.399	301	59	0	1	301	80	380	4.56e-169	470
E7PKW2	F3HEJ8	63.287	286	104	1	15	299	1	286	2.13e-129	366
E7PKW2	BAH47298_1	26.984	315	178	9	3	286	84	377	1.04e-21	90.1
E7PKW2	A9R9H4	26.761	71	45	1	159	229	27	90	0.98	26.2
E7PKW2	Q5ZYS7	26.923	78	48	2	89	166	147	215	1.2	26.2
A0A656G4D5	A0A656JK29	67.628	312	59	5	63	334	1	310	3.07e-144	406
A0A656G4D5	Q87W07	81.604	212	34	2	1	209	1	210	6.99e-119	348
A0A656G4D5	Q87W07	71.918	146	40	1	190	334	343	488	4.70e-58	191
A0A656G4D5	Q87W07	80.769	26	5	0	190	215	267	292	5.25e-07	46.6
A0A656G4D5	A0KHZ7	37.500	56	26	2	29	84	971	1017	0.50	27.7
A0A656G4D5	Q87XS5	46.512	43	17	3	189	225	167	209	2.2	25.4
A0A656G4D5	CAJ10235_1	37.037	27	17	0	304	330	147	173	5.9	23.9
F3FCB6	A0A656JK29	65.806	310	64	5	63	332	1	308	5.14e-135	382
F3FCB6	Q87W07	77.830	212	42	2	1	209	1	210	3.93e-112	330
F3FCB6	Q87W07	72.917	144	38	1	190	332	343	486	6.37e-53	177
F3FCB6	Q5ZU45	28.750	80	52	3	99	173	129	208	1.2	26.6
F3FCB6	YP_414449_1	38.298	47	28	1	201	246	1358	1404	1.2	26.6
F3FCB6	NP_820539_1	33.333	57	24	2	59	102	237	292	1.5	26.2
F3FD33	F3IDS7	73.306	487	125	3	1	483	1	486	0.0	691
F3FD33	ABS78353_1	28.916	83	51	2	173	247	66	148	1.2	26.9
F3FD33	Q8RP13	43.750	32	17	1	150	181	53	83	1.3	26.6
F3FD33	Q939S9	21.212	66	44	1	80	137	150	215	4.7	25.0
F3FD33	A0KHZ7	36.364	33	18	1	135	164	2401	2433	5.3	25.0
F3FD38	F3HEG5	70.068	1617	472	3	1	1610	93	1704	0.0	2327
F3FD38	AAP31245_1	87.172	343	44	0	1	343	180	522	0.0	610
F3FD38	AAS20351_1	27.448	1552	1017	33	75	1589	114	1593	8.75e-166	540
F3FD38	Q8VPK4	23.267	1414	930	39	182	1579	134	1408	3.95e-70	255
F3FD38	C8BNV1	24.209	537	313	22	109	615	27	499	1.32e-16	81.6
F3FD38	C8BNV1	27.517	149	106	2	1444	1590	1549	1697	1.28e-10	62.0
F3G1H5	Q08370	57.105	373	159	1	1	373	1	372	1.02e-145	414
F3G1H5	AAR21118_1	32.143	252	126	9	146	372	60	291	1.61e-24	101
F3G1H5	YP_154242_1	45.161	31	17	0	62	92	109	139	0.14	29.3
F3G1H5	Q87P32	30.645	62	41	2	8	69	4	63	0.73	27.3
F3G1H5	ABS78590_1	28.395	81	31	3	7	80	163	223	0.77	26.9
F3G242	F3HEG5	69.141	1630	489	3	124	1746	82	1704	0.0	2310
F3G242	F3HEG5	35.294	119	77	0	1	119	46	164	1.90e-12	68.2
F3G242	AAP31245_1	90.147	477	47	0	1	477	46	522	0.0	839
F3G242	AAS20351_1	27.699	1556	1010	36	209	1725	114	1593	1.04e-163	537
F3G242	Q8VPK4	23.389	1428	913	42	316	1715	134	1408	2.52e-68	250
F3G242	C8BNV1	25.862	464	275	20	317	749	74	499	4.78e-16	79.7
F3G242	C8BNV1	27.517	149	106	2	1580	1726	1549	1697	1.44e-10	62.0
F3G242	C8BNV1	21.439	681	410	25	878	1504	750	1359	0.003	37.7
F3G248	F3IDS7	77.111	450	99	2	39	485	38	486	0.0	691
F3G248	Q8RP13	38.462	39	23	1	145	183	46	83	1.3	26.6
F3G248	Q89BB8	25.000	176	115	7	105	272	520	686	3.1	25.8
F3G248	ABS78353_1	27.711	83	52	2	175	249	66	148	3.5	25.4
F3G248	Q939S9	21.212	66	44	1	82	139	150	215	4.8	25.0
F3G4A3	A0A656JK29	66.452	310	63	5	63	333	1	308	2.09e-137	389
F3G4A3	Q87W07	78.302	212	41	2	1	209	1	210	1.49e-112	332
F3G4A3	Q87W07	75.694	144	35	0	190	333	343	486	1.54e-58	192
F3G4A3	YP_414449_1	34.043	47	31	0	201	247	1358	1404	2.7	25.4
F3G4A3	NP_820539_1	31.579	57	25	2	59	102	237	292	4.2	24.6
F3G4A3	Q4ZX48	57.143	21	9	0	188	208	38	58	4.7	24.3
F3GCB9	E7PP21	98.165	218	4	0	1	218	1	218	3.47e-162	442
F3GCB9	YP_003364209_1	34.211	76	45	2	141	214	137	209	0.005	32.3
F3GCB9	P0DPI1	38.333	60	31	2	109	163	179	237	0.011	32.0
F3GCB9	Q5ZVX6	40.426	47	24	2	23	69	143	185	0.28	27.7
F3GCB9	Q9RBS2	34.884	43	22	1	14	50	799	841	0.83	26.2
F3GEH5	Q7PC45	97.626	716	17	0	1	716	1	716	0.0	1439
F3GEH5	A0A656JXF7	79.826	461	87	1	261	715	1	461	0.0	767
F3GEH5	A0A656JXQ0	77.523	218	48	1	16	233	1	217	1.11e-113	338
F3GEH5	Q888W3	75.000	148	37	0	16	163	1	148	1.10e-72	228
F3GEH5	Q5ZYD3	40.000	25	15	0	622	646	168	192	3.5	26.2
A0A656GRZ5	Q08370	88.127	379	37	2	1	375	1	375	0.0	663
A0A656GRZ5	AAR21118_1	40.476	168	87	6	215	371	126	291	7.15e-25	102
A0A656GRZ5	P55117	36.923	65	33	3	235	299	438	494	0.32	28.5
A0A656GRZ5	Q27RI0	33.333	57	33	2	28	84	29	80	0.40	28.1
A0A656GRZ5	A4SUE7	27.632	76	48	2	20	88	18	93	0.74	27.3
A0A656GSU4	F3HEG5	69.635	1617	479	3	11	1620	93	1704	0.0	2307
A0A656GSU4	AAP31245_1	98.867	353	4	0	1	353	170	522	0.0	718
A0A656GSU4	AAS20351_1	27.753	1553	1011	37	85	1599	114	1593	1.26e-165	540
A0A656GSU4	Q8VPK4	23.529	1428	909	43	192	1589	134	1408	2.08e-69	253
A0A656GSU4	C8BNV1	24.348	460	287	17	193	625	74	499	3.46e-14	73.6
A0A656GSU4	C8BNV1	27.517	149	106	2	1454	1600	1549	1697	2.43e-10	60.8
A0A656GSX5	F3IDS7	73.717	487	123	3	1	483	1	486	0.0	692
A0A656GSX5	Q939S9	24.242	66	42	1	80	137	150	215	0.22	29.3
A0A656GSX5	Q8RP13	38.462	39	23	1	143	181	46	83	1.5	26.6
A0A656GSX5	Q48DU8	29.630	81	53	2	300	380	742	818	2.2	26.2
A0A656GSX5	ABS78353_1	27.711	83	52	2	173	247	66	148	2.7	25.8
A0A656H0U7	Q7PC45	96.503	715	25	0	1	715	1	715	0.0	1423
A0A656H0U7	A0A656JXF7	79.393	461	89	1	261	715	1	461	0.0	764
A0A656H0U7	A0A656JXQ0	78.440	218	46	1	16	233	1	217	1.28e-114	341
A0A656H0U7	Q888W3	75.676	148	36	0	16	163	1	148	9.63e-73	228
A0A656H0U7	Q45716	27.273	77	50	2	396	471	1005	1076	3.0	26.6
F3HEG0	F3IDS7	68.033	488	148	3	1	483	1	485	0.0	643
F3HEG0	Q8RP13	44.118	34	18	1	149	182	53	85	2.2	25.8
F3HEG0	ABS78353_1	26.667	105	61	4	158	246	44	148	2.3	26.2
F3HEG0	YP_125306_1	34.043	47	31	0	168	214	64	110	5.6	24.6
F3HEG0	P0A3W8	42.857	35	17	1	246	280	256	287	7.0	24.6
F3HM16	Q87W07	43.177	491	134	11	4	355	1	485	1.72e-107	319
F3HM16	A0A656JK29	54.777	314	115	6	67	358	2	310	2.51e-104	305
F3HM16	Q989M4	29.070	86	56	1	7	92	1574	1654	0.006	34.3
F3HM16	NP_819115_1	36.842	57	31	2	282	338	16	67	0.036	31.2
F3HM16	Q5ZTB8	42.308	26	15	0	106	131	771	796	2.1	25.8
F3HPT6	F3IDS7	79.493	434	88	1	1	434	53	485	0.0	685
F3HPT6	Q48DU8	27.586	116	69	3	249	362	742	844	1.6	26.6
F3HPT6	Q8RP13	34.921	63	38	3	92	152	46	107	3.0	25.4
F3HPT6	WP_123778901_1	30.952	42	29	0	135	176	302	343	3.9	25.4
F3HPT6	ABS78353_1	33.333	33	22	0	122	154	66	98	6.7	24.3
F3HQV5	Q88BP8	99.043	209	2	0	1	209	75	283	1.12e-158	436
F3HQV5	S6V7U9	87.571	177	22	0	33	209	1	177	4.17e-117	326
F3HQV5	F3IRM7	56.383	94	41	0	115	208	1	94	4.46e-34	113
F3HQV5	Q87WF8	58.667	75	31	0	1	75	92	166	1.59e-25	93.6
F3HQV5	A0FKE4	26.452	155	102	7	44	195	255	400	8.42e-05	38.1
F3HQV6	F3IP82	71.429	378	108	0	1	378	1	378	0.0	572
F3HQV6	P11437	47.619	21	11	0	272	292	369	389	2.7	25.4
F3HQV6	NP_820443_1	57.895	19	8	0	30	48	51	69	3.1	25.0
F3HQV6	Q04640	46.429	28	15	0	130	157	94	121	9.9	23.5
F3ICX9	Q87W07	100.000	488	0	0	1	488	1	488	0.0	966
F3ICX9	A0A656JK29	89.720	214	14	2	63	271	1	211	2.42e-129	374
F3ICX9	A0A656JK29	80.874	183	31	2	307	488	131	310	6.22e-90	273
F3ICX9	NP_820539_1	33.333	57	24	2	59	102	237	292	0.81	27.7
F3ICX9	Q87W65	33.333	48	25	2	110	150	43	90	1.2	26.9
F3ICX9	Q5ZYJ6	23.134	134	84	4	356	480	616	739	3.2	25.8
F3IDS2	F3HEG5	73.032	1639	419	6	122	1753	82	1704	0.0	2433
F3IDS2	F3HEG5	45.299	117	59	3	1	112	43	159	1.01e-17	85.5
F3IDS2	AAP31245_1	60.833	480	183	1	1	475	43	522	0.0	556
F3IDS2	AAS20351_1	28.190	1575	999	42	201	1732	108	1593	5.74e-171	557
F3IDS2	Q8VPK4	23.501	1434	913	46	314	1722	134	1408	1.71e-67	247
F3IDS2	C8BNV1	23.218	547	342	19	238	762	24	514	4.04e-18	86.7
F3IDS2	C8BNV1	29.586	169	116	3	1587	1753	1549	1716	2.25e-12	67.8
F3IDS2	C8BNV1	23.629	529	314	18	786	1268	649	1133	1.03e-09	58.9
F3IJ53	Q08370	51.852	378	175	5	1	377	1	372	3.35e-124	359
F3IJ53	AAR21118_1	29.537	281	163	12	119	376	23	291	5.13e-22	94.0
F3IJ53	Q27RI0	32.258	62	37	2	28	89	29	85	0.21	29.3
F3IJ53	A4SUE7	26.027	73	47	1	20	85	18	90	2.5	25.4
F3IJ53	YP_001972768_1	30.159	63	42	1	247	307	353	415	2.9	25.4
F3IJD5	Q87ZX9	62.143	420	138	4	1	404	1	415	1.29e-174	489
F3IJD5	Q5ZSU4	30.952	42	28	1	292	333	120	160	1.8	26.2
F3IJD5	YP_096441_1	28.358	67	39	2	173	238	166	224	1.8	26.2
F3IJD5	Q5ZWE8	48.387	31	14	1	90	120	83	111	4.6	24.6
F3IJD5	Q87GF9	36.364	33	16	1	214	241	247	279	6.0	24.6
F3IJD6	Q87ZX9	99.427	349	2	0	1	349	68	416	0.0	701
F3IJD6	Q3C000	32.432	37	24	1	235	271	107	142	2.6	25.4
F3INB8	Q88BF6	100.000	287	0	0	1	287	1	287	0.0	586
F3INB8	S6WD38	96.429	56	2	0	232	287	1	56	3.79e-32	109
F3INB8	Q52473	67.442	43	14	0	244	286	71	113	4.17e-14	63.2
F3INB8	D3VB22	23.214	56	41	1	202	257	175	228	0.66	26.9
F3INB8	Q5ZRQ1	27.027	37	27	0	202	238	769	805	1.5	25.8
F3IP83	S6V7U9	98.305	177	3	0	26	202	1	177	8.35e-133	366
F3IP83	Q88BP8	85.149	202	30	0	1	202	82	283	2.67e-130	363
F3IP83	F3IRM7	60.638	94	37	0	108	201	1	94	2.54e-38	124
F3IP83	Q87WF8	60.294	68	27	0	1	68	99	166	4.26e-25	92.0
F3IP83	Q87GI9	26.389	144	90	4	43	179	65	199	2.72e-05	39.3
F3IRM5	Q87WG2	98.947	95	1	0	1	95	83	177	5.63e-67	194
F3IRM5	S6WC57	90.526	95	9	0	1	95	1	95	1.39e-59	173
F3IRM5	Q87WF4	41.667	36	21	0	3	38	81	116	0.003	30.4
F3IRM5	Q88BP8	47.059	34	15	2	30	62	63	94	0.31	25.0
F3IRM5	ACJ19818_1	34.884	43	25	2	40	82	116	155	0.57	24.3
G3XDB9	F3IDS7	99.794	486	1	0	1	486	1	486	0.0	976
G3XDB9	Q8RP13	40.000	55	30	3	151	203	53	106	0.42	28.1
G3XDB9	B6A881	32.000	75	42	3	279	351	198	265	0.78	27.7
G3XDB9	Q5ZT21	39.130	46	25	2	251	295	141	184	2.9	25.4
G3XDB9	ABS78353_1	25.974	77	49	2	174	242	66	142	6.5	24.6
G9I6Y2	E7PLP1	98.990	693	7	0	39	731	2	694	0.0	1421
G9I6Y2	Q5QA92	24.542	546	331	15	127	668	138	606	4.91e-29	119
G9I6Y2	YP_002302734_1	26.761	71	46	1	524	588	78	148	0.050	32.3
G9I6Y2	Q888Y1	47.826	23	11	1	460	482	1771	1792	3.0	26.6
G9I6Y2	AAR21118_1	30.303	66	37	4	575	632	2309	2373	3.7	26.2
O30529	P37131	40.000	390	210	5	21	392	18	401	3.41e-91	276
O30529	Q7DB81	28.261	138	75	5	142	275	147	264	4.28e-07	47.0
O30529	O84947	25.806	186	118	7	131	299	120	302	5.64e-07	46.6
O30529	YP_003294926_1	31.868	91	54	3	141	229	139	223	1.23e-05	42.4
O30529	YP_003294926_1	39.344	61	33	2	311	370	383	440	0.016	32.7
O30529	Q9REZ5	27.273	99	60	4	117	209	90	182	6.93e-04	37.0
P35674	O87653	95.029	342	16	1	1	341	1	342	0.0	627
P35674	Q47278	31.461	89	45	3	120	192	207	295	0.001	35.8
P35674	Q5ZZD0	26.540	211	96	13	40	234	238	405	0.64	27.3
P35674	J7QLC0	25.397	126	76	4	4	113	827	950	1.1	26.6
P35674	P0DKX7	25.397	126	76	4	4	113	827	950	1.1	26.6
Q08678	A0FDW6	38.264	311	178	6	72	373	56	361	4.43e-60	194
Q08678	P55555	37.073	205	123	4	72	275	17	216	2.34e-30	112
Q08678	Q93KQ5	24.434	221	142	8	123	336	53	255	3.74e-12	62.0
Q08678	D4HVP7	23.494	332	185	12	56	372	115	392	1.43e-09	54.7
Q08678	Q8RP13	25.556	180	124	5	98	271	64	239	1.87e-07	47.4
Q48B92	Q3BWS7	42.534	221	117	4	1	221	1	211	1.69e-44	144
Q48B92	F3GEX7	87.500	64	8	0	158	221	1	64	1.23e-33	111
Q48B92	P96622	41.935	31	15	1	159	189	85	112	0.060	28.5
Q48B92	YP_095729_1	26.786	56	34	1	139	187	448	503	0.34	27.3
Q48B92	P09883	52.941	17	8	0	124	140	533	549	0.69	26.2
Q48BC6	E7PLP1	100.000	694	0	0	38	731	1	694	0.0	1438
Q48BC6	Q5QA92	24.359	546	332	15	127	668	138	606	2.28e-28	116
Q48BC6	YP_002302734_1	26.761	71	46	1	524	588	78	148	0.051	32.3
Q48BC6	Q888Y1	47.826	23	11	1	460	482	1771	1792	3.0	26.6
Q48BC6	AAR21118_1	30.303	66	37	4	575	632	2309	2373	4.0	26.2
Q48DQ9	A0A656JK29	69.231	312	54	5	63	334	1	310	6.87e-147	412
Q48DQ9	Q87W07	82.547	212	32	2	1	209	1	210	1.09e-119	350
Q48DQ9	Q87W07	75.000	144	35	1	190	332	343	486	7.62e-60	195
Q48DQ9	Q87W07	73.810	42	10	1	190	230	267	308	1.92e-05	41.6
Q48DQ9	A0KHZ7	37.500	56	26	2	29	84	971	1017	0.52	27.7
Q48DQ9	YP_125249_1	35.714	28	16	1	83	108	299	326	6.1	24.3
Q48DQ9	Q989R4	35.443	79	38	4	195	262	1184	1260	6.3	24.3
Q48M17	Q4ZX48	77.632	380	84	1	1	379	1	380	0.0	570
Q48M17	F3HEJ8	62.937	286	105	1	93	377	1	286	2.45e-128	366
Q48M17	BAH47298_1	26.235	324	187	9	72	364	75	377	1.03e-21	91.7
Q48M17	A9R9H4	26.761	71	45	1	237	307	27	90	1.1	26.6
Q48M17	Q5ZYS7	27.848	79	46	3	167	244	147	215	1.2	26.6
Q48M45	F3HEG5	72.748	1721	445	6	1	1714	1	1704	0.0	2537
Q48M45	AAS20351_1	28.544	1580	985	41	164	1693	108	1593	5.31e-175	568
Q48M45	AAP31245_1	64.759	332	114	1	107	438	194	522	5.39e-138	434
Q48M45	AAP31245_1	55.072	69	31	0	1	69	1	69	2.51e-16	79.7
Q48M45	Q8VPK4	24.169	1444	889	52	277	1683	134	1408	1.67e-65	241
Q48M45	C8BNV1	25.421	535	321	22	204	716	27	505	7.04e-21	95.9
Q48M45	C8BNV1	22.572	731	433	24	792	1464	696	1351	1.31e-12	68.6
Q48M45	C8BNV1	29.586	169	116	3	1548	1714	1549	1716	8.57e-12	65.9
Q4ZNB6	A0A656JK29	64.516	310	68	5	63	332	1	308	6.22e-133	377
Q4ZNB6	Q87W07	72.908	251	55	3	1	240	1	249	4.23e-114	335
Q4ZNB6	Q87W07	71.528	144	40	1	190	332	343	486	6.64e-51	172
Q4ZNB6	Q5ZWY9	56.250	16	7	0	312	327	112	127	1.6	25.8
Q4ZNB6	NP_820539_1	31.579	57	25	2	59	102	237	292	3.5	25.0
Q4ZNB6	Q4ZX48	57.143	21	9	0	188	208	38	58	4.8	24.3
Q4ZP52	D4I0Q7	42.953	149	77	4	3	148	4	147	8.59e-37	120
Q4ZP52	A7MQ14	26.957	115	60	7	47	146	46	151	0.013	30.4
Q4ZP52	D8P729	33.333	45	23	2	5	49	699	736	4.8	23.1
Q4ZP52	Q7PC42	25.882	85	56	3	6	88	1128	1207	7.1	22.7
Q4ZP52	ABD44194_1	45.000	20	11	0	41	60	388	407	9.0	22.3
Q4ZV89	E7PP21	91.743	218	18	0	1	218	1	218	4.54e-151	414
Q4ZV89	YP_003364209_1	28.283	198	93	8	27	217	56	211	9.24e-06	40.8
Q4ZV89	P0DPI1	36.667	60	32	2	109	163	179	237	0.025	30.8
Q4ZV89	ACJ17619_1	28.889	45	32	0	89	133	106	150	0.25	27.7
Q4ZV89	Q63K38	29.825	57	36	2	156	211	620	673	0.52	26.9
Q4ZX47	F3FD65	97.231	325	9	0	87	411	1	325	0.0	663
Q4ZX47	D4HVP7	53.676	408	181	2	1	408	1	400	1.11e-141	405
Q4ZX47	A0FDW6	25.387	323	178	12	127	398	48	358	9.51e-12	61.6
Q4ZX47	Q8RP13	30.000	160	86	6	181	325	88	236	1.90e-11	59.7
Q4ZX47	P55555	27.711	166	101	5	156	313	44	198	2.68e-10	56.2
Q4ZX80	F3HEG5	68.857	1628	495	3	166	1786	82	1704	0.0	2305
Q4ZX80	F3HEG5	46.667	165	83	3	1	161	1	164	1.92e-30	127
Q4ZX80	AAP31245_1	89.080	522	54	1	1	519	1	522	0.0	901
Q4ZX80	AAS20351_1	27.753	1553	1011	36	251	1765	114	1593	2.75e-167	548
Q4ZX80	Q8VPK4	23.406	1427	912	42	358	1755	134	1408	9.58e-67	245
Q4ZX80	C8BNV1	25.541	462	279	19	359	791	74	499	1.79e-16	81.3
Q4ZX80	C8BNV1	28.188	149	105	2	1620	1766	1549	1697	5.46e-11	63.2
Q4ZX80	C8BNV1	21.448	732	447	24	873	1544	696	1359	1.16e-05	45.8
Q4ZX85	F3IDS7	72.690	487	128	3	1	483	1	486	0.0	681
Q4ZX85	ABS78353_1	28.916	83	51	2	173	247	66	148	0.26	29.3
Q4ZX85	Q8RP13	38.462	39	23	1	143	181	46	83	1.2	26.6
Q4ZX85	A0KHZ7	36.364	33	18	1	135	164	2401	2433	1.9	26.6
Q4ZX85	P55730	39.474	38	20	1	5	42	102	136	2.0	26.2
Q4ZYH0	Q7BE94	60.090	223	75	3	1	213	1	219	1.66e-86	251
Q4ZYH0	NP_819096_1	35.294	34	22	0	1	34	597	630	0.42	26.9
Q4ZYH0	U1IBD2	31.250	48	33	0	44	91	1174	1221	1.1	25.8
Q4ZYH0	Q5ZW15	22.667	75	52	2	48	120	175	245	3.7	23.9
Q4ZYH0	Q7N0V1	32.353	34	23	0	158	191	542	575	4.2	23.9
Q52394	Q4ZX48	77.895	380	83	1	1	379	1	380	0.0	571
Q52394	F3HEJ8	63.287	286	104	1	93	377	1	286	5.98e-129	368
Q52394	BAH47298_1	26.543	324	186	9	72	364	75	377	2.89e-22	93.2
Q52394	A9R9H4	25.676	74	48	1	237	310	27	93	1.1	26.6
Q52394	Q5ZYS7	27.848	79	46	3	167	244	147	215	1.2	26.6
Q52420	Q9F0B1	92.593	108	8	0	1	108	1	108	5.14e-68	195
Q52420	Q52473	27.451	102	74	0	3	104	7	108	9.85e-05	34.7
Q52420	Q5ZTE7	35.294	51	33	0	15	65	332	382	0.12	26.9
Q52420	Q5ZU83	25.455	55	40	1	26	80	773	826	6.1	21.9
Q52420	O84534	31.250	64	43	1	14	76	30	93	7.0	21.6
Q52480	Q9F0B1	97.222	108	3	0	1	108	1	108	8.16e-72	205
Q52480	Q52473	32.692	104	66	2	3	104	7	108	1.23e-06	39.7
Q52480	Q5ZTE7	33.333	51	34	0	15	65	332	382	0.30	25.8
Q52480	O84462	45.833	24	13	0	13	36	181	204	5.6	21.9
Q52480	O84462	45.833	24	13	0	13	36	231	254	5.6	21.9
Q52480	Q5ZSJ0	40.741	27	16	0	40	66	506	532	5.8	21.9
Q52481	O87653	76.232	345	79	1	1	345	1	342	6.23e-156	437
Q52481	Q47278	31.461	89	45	3	121	193	207	295	1.38e-04	38.5
Q52481	A0KHZ7	34.021	97	54	4	44	136	985	1075	0.27	28.9
Q52481	Q84CS5	42.308	26	15	0	74	99	63	88	8.5	23.5
Q52481	Q9I4Y4	31.818	44	30	0	20	63	160	203	9.1	23.5
Q52537	Q7BE94	100.000	220	0	0	1	220	1	220	2.99e-167	455
Q52537	Q5ZW15	25.000	168	92	6	48	212	175	311	0.078	29.3
Q52537	NP_819096_1	41.176	34	20	0	1	34	597	630	0.081	29.3
Q52537	Q87WG2	32.258	62	39	1	97	155	38	99	0.57	26.2
Q52537	Q5ZW60	35.897	39	25	0	146	184	262	300	4.3	23.9
Q5DI80	E7PLP1	100.000	694	0	0	38	731	1	694	0.0	1438
Q5DI80	Q5QA92	24.359	546	332	15	127	668	138	606	2.28e-28	116
Q5DI80	YP_002302734_1	26.761	71	46	1	524	588	78	148	0.051	32.3
Q5DI80	Q888Y1	47.826	23	11	1	460	482	1771	1792	3.0	26.6
Q5DI80	AAR21118_1	30.303	66	37	4	575	632	2309	2373	4.0	26.2
Q60235	O85094	72.932	133	31	2	1	133	1	128	3.76e-59	175
Q60235	P42713	28.431	102	65	2	36	129	200	301	6.97e-07	42.4
Q60235	P40699	24.731	93	66	1	45	133	207	299	0.96	24.6
Q60235	Q88BF6	57.895	19	8	0	83	101	142	160	4.4	22.7
Q60235	ACJ21157_1	25.352	71	50	2	14	82	24	93	5.4	22.3
Q7BM43	F3HEG5	72.971	1639	420	6	164	1795	82	1704	0.0	2432
Q7BM43	F3HEG5	47.799	159	78	3	1	154	1	159	2.67e-31	130
Q7BM43	AAP31245_1	59.579	522	206	1	1	517	1	522	0.0	593
Q7BM43	AAS20351_1	28.127	1575	1000	42	243	1774	108	1593	1.24e-169	555
Q7BM43	Q8VPK4	23.313	1497	959	49	294	1764	75	1408	4.98e-68	249
Q7BM43	C8BNV1	23.218	547	342	19	280	804	24	514	1.44e-18	88.2
Q7BM43	C8BNV1	29.586	169	116	3	1629	1795	1549	1716	2.69e-12	67.8
Q7BM43	C8BNV1	24.145	468	273	17	879	1310	712	1133	7.53e-10	59.7
Q83YM3	Q08370	88.127	379	37	2	1	375	1	375	0.0	663
Q83YM3	AAR21118_1	40.476	168	87	6	215	371	126	291	7.15e-25	102
Q83YM3	P55117	36.923	65	33	3	235	299	438	494	0.32	28.5
Q83YM3	Q27RI0	33.333	57	33	2	28	84	29	80	0.40	28.1
Q83YM3	A4SUE7	27.632	76	48	2	20	88	18	93	0.74	27.3
Q83YM6	Q4ZX48	78.421	380	81	1	1	379	1	380	0.0	574
Q83YM6	F3HEJ8	63.636	286	103	1	93	377	1	286	2.31e-130	371
Q83YM6	BAH47298_1	25.392	319	196	8	72	364	75	377	2.03e-20	87.8
Q83YM6	A9R9H4	25.676	74	48	1	237	310	27	93	0.92	26.9
Q83YM6	Q5ZYS7	27.848	79	46	3	167	244	147	215	1.1	26.6
Q83YN7	S6TW99	95.814	215	9	0	1	215	1	215	1.12e-154	423
Q83YN7	F3IDL2	61.972	142	52	1	64	203	3	144	3.41e-58	176
Q83YN7	C0SPQ2	41.765	170	81	6	52	204	113	281	6.38e-28	103
Q83YN7	S6U3U1	64.179	67	24	0	137	203	1	67	4.04e-26	92.0
Q83YN7	A0A656GNA3	41.818	55	32	0	41	95	1	55	1.23e-08	49.3
Q87UE5	Q08370	52.381	378	173	5	1	377	1	372	9.76e-127	365
Q87UE5	AAR21118_1	29.537	281	163	12	119	376	23	291	5.52e-22	94.0
Q87UE5	Q27RI0	32.258	62	37	2	28	89	29	85	0.13	29.6
Q87UE5	YP_001972768_1	29.762	84	56	2	227	307	332	415	0.75	27.3
Q87UE5	A4SUE7	25.316	79	52	1	20	91	18	96	1.4	26.2
Q87W42	BAH47300_1	56.563	419	179	2	78	493	11	429	3.00e-178	504
Q87W42	YP_096169_1	26.984	63	44	1	187	249	1076	1136	0.49	28.5
Q87W42	F0V195	38.710	31	19	0	24	54	406	436	3.0	25.8
Q87W42	Q8YX86	24.219	128	70	5	186	296	156	273	5.3	25.0
Q87W48	F3IDS7	78.395	486	104	1	1	486	1	485	0.0	728
Q87W48	Q48DU8	27.586	116	69	3	301	414	742	844	0.89	27.7
Q87W48	Q8RP13	34.921	63	38	3	144	204	46	107	2.8	25.4
Q87W48	WP_123778901_1	30.952	42	29	0	187	228	302	343	4.9	25.0
Q87W48	ABS78353_1	32.353	34	23	0	174	207	66	99	8.0	24.3
Q87WF6	Q88BP8	82.540	252	44	0	47	298	32	283	2.15e-156	434
Q87WF6	S6V7U9	98.305	177	3	0	122	298	1	177	4.80e-132	368
Q87WF6	Q87WF8	63.253	166	59	2	1	164	1	166	1.77e-65	199
Q87WF6	F3IRM7	60.638	94	37	0	204	297	1	94	1.96e-37	124
Q87WF6	Q87GI9	26.389	144	90	4	139	275	65	199	1.22e-04	38.1
Q87WF7	F3IP82	99.486	389	2	0	1	389	1	389	0.0	801
Q87ZY0	Q87ZX9	62.143	420	138	4	1	404	1	415	2.38e-174	489
Q87ZY0	YP_096441_1	28.358	67	39	2	173	238	166	224	1.8	26.2
Q87ZY0	YP_153570_1	30.556	36	25	0	306	341	758	793	4.0	25.0
Q87ZY0	Q5ZWE8	48.387	31	14	1	90	120	83	111	4.4	24.6
Q87ZY0	Q87GF9	36.364	33	16	1	214	241	247	279	5.8	24.6
Q887C9	F3HEG5	73.032	1639	419	6	164	1795	82	1704	0.0	2435
Q887C9	F3HEG5	48.428	159	77	3	1	154	1	159	3.34e-32	132
Q887C9	AAP31245_1	59.962	522	204	1	1	517	1	522	0.0	596
Q887C9	AAS20351_1	28.190	1575	999	42	243	1774	108	1593	4.33e-170	556
Q887C9	Q8VPK4	23.501	1434	913	46	356	1764	134	1408	1.58e-67	247
Q887C9	C8BNV1	23.218	547	342	19	280	804	24	514	5.32e-18	86.3
Q887C9	C8BNV1	29.586	169	116	3	1629	1795	1549	1716	2.54e-12	67.8
Q887C9	C8BNV1	24.145	468	273	17	879	1310	712	1133	8.26e-10	59.3
Q888W0	P0A2M9	46.626	163	81	2	74	236	84	240	7.24e-44	144
Q888W0	P0A2M9	24.096	83	51	2	63	140	130	205	1.0	25.8
Q888W0	A0RKJ6	45.833	24	13	0	144	167	41	64	0.39	26.6
Q888W0	Q97T80	31.034	58	31	2	105	162	143	191	2.9	25.0
Q888W0	Q5ZSQ2	26.596	94	59	4	69	154	67	158	5.8	23.9
Q888W0	Q5ZWW6	37.500	24	15	0	86	109	465	488	7.0	23.5
Q888Y7	D4T570	61.364	396	152	1	32	426	46	441	8.26e-180	506
Q888Y7	Q5ZVF2	26.087	92	60	2	115	198	381	472	1.1	27.3
Q888Y7	Q9L6W3	29.000	100	52	5	135	227	569	656	1.5	26.6
Q888Y7	D3VML5	50.000	20	10	0	385	404	7	26	3.4	22.7
Q888Y7	Q6J2E6	26.596	94	60	3	262	346	38	131	4.4	24.6
Q88A09	E7PP21	99.083	218	2	0	1	218	1	218	7.96e-164	446
Q88A09	YP_003364209_1	34.211	76	45	2	141	214	137	209	0.006	32.3
Q88A09	P0DPI1	38.333	60	31	2	109	163	179	237	0.010	32.0
Q88A09	Q5ZVX6	40.426	47	24	2	23	69	143	185	0.28	27.7
Q88A09	ACJ17619_1	26.667	45	33	0	89	133	106	150	1.8	25.0
Q88A90	F3IDL2	100.000	144	0	0	61	204	1	144	1.33e-106	298
Q88A90	S6TW99	59.024	205	81	2	1	204	1	203	4.36e-81	236
Q88A90	C0SPQ2	36.683	199	108	6	20	202	82	278	2.17e-25	95.9
Q88A90	S6U3U1	51.515	66	30	1	136	201	1	64	4.63e-17	68.6
Q88A90	A0A656GNA3	47.368	38	20	0	40	77	1	38	5.31e-07	44.3
Q88BP7	F3IP82	71.088	377	109	0	1	377	2	378	0.0	568
Q88BP7	P11437	47.619	21	11	0	271	291	369	389	2.6	25.4
Q88BP7	Q5ZRQ1	37.931	29	18	0	136	164	1566	1594	8.5	23.9
Q88BP7	Q5ZY89	26.415	53	39	0	40	92	377	429	9.7	23.5
Q88BQ2	Q4ZX48	72.251	382	104	2	1	382	1	380	0.0	510
Q88BQ2	F3HEJ8	60.627	287	112	1	96	381	1	287	2.45e-118	341
Q88BQ2	BAH47298_1	26.205	332	183	12	75	370	75	380	1.27e-21	91.3
Q88BQ2	AAS20351_1	26.891	119	69	5	118	234	122	224	0.52	28.1
Q88BQ2	P20724	46.154	39	19	2	168	205	255	292	3.1	25.4
Q8RP03	F3IDS7	68.033	488	148	3	1	483	1	485	0.0	643
Q8RP03	Q8RP13	44.118	34	18	1	149	182	53	85	2.2	25.8
Q8RP03	ABS78353_1	26.667	105	61	4	158	246	44	148	2.3	26.2
Q8RP03	YP_125306_1	34.043	47	31	0	168	214	64	110	5.6	24.6
Q8RP03	P0A3W8	42.857	35	17	1	246	280	256	287	7.0	24.6
Q8RP09	Q87W07	55.193	491	149	8	4	429	1	485	1.78e-142	412
Q8RP09	A0A656JK29	45.078	386	115	9	67	432	2	310	2.99e-90	272
Q8RP09	Q989M4	29.070	86	56	1	7	92	1574	1654	0.004	35.0
Q8RP09	NP_819115_1	36.842	57	31	2	356	412	16	67	0.044	31.6
Q8RP09	NP_820559_1	27.059	85	56	2	225	305	48	130	0.51	28.1
Q9F0H3	O85094	70.803	137	29	3	1	136	1	127	2.80e-58	172
Q9F0H3	P42713	28.571	70	50	0	65	134	233	302	5.45e-04	34.3
Q9F0H3	Q9KNE5	83.333	12	2	0	126	137	983	994	1.7	24.3
Q9F0H3	P40699	24.691	81	61	0	50	130	212	292	3.1	23.1
Q9F0H3	Q5ZZ03	30.556	36	20	1	1	36	795	825	6.0	22.3
Q9F3T4	D4HWL8	65.217	253	88	0	17	269	17	269	8.50e-124	349
Q9F3T4	BAH47297_1	24.255	235	147	7	29	256	75	285	1.67e-08	50.1
Q9F3T4	O68703	33.846	65	35	3	183	241	223	285	0.031	30.8
Q9F3T4	Q52430	38.235	34	21	0	217	250	214	247	0.057	30.0
Q9F3T4	P55730	33.333	48	30	2	205	252	197	242	0.096	29.3
Q9F3T5	A0FDW6	94.475	362	20	0	1	362	1	362	0.0	699
Q9F3T5	P55555	33.019	212	129	4	51	258	12	214	7.43e-29	108
Q9F3T5	Q8RP13	24.211	190	131	4	77	259	59	242	1.74e-14	68.2
Q9F3T5	BAH47296_1	30.102	196	115	8	145	336	153	330	8.63e-14	67.4
Q9F3T5	F3FD65	26.074	326	172	15	48	358	41	312	1.28e-10	57.4
Q9K2L5	S6TW99	51.232	203	99	0	1	203	1	203	4.30e-70	208
Q9K2L5	S6U3U1	97.059	68	2	0	137	204	1	68	1.66e-42	133
Q9K2L5	F3IDL2	47.482	139	71	1	64	200	3	141	2.51e-42	135
Q9K2L5	C0SPQ2	37.427	171	89	5	50	203	111	280	4.25e-22	87.0
Q9K2L5	A0A656GNA3	39.130	69	34	2	41	103	1	67	8.62e-08	46.6
S3MPF6	A0A656JK29	66.452	310	63	5	63	333	1	308	5.51e-135	382
S3MPF6	Q87W07	78.302	212	41	2	1	209	1	210	1.69e-111	329
S3MPF6	Q87W07	75.000	144	36	0	190	333	343	486	6.61e-55	182
S3MPF6	NP_820539_1	33.333	57	24	2	59	102	237	292	1.3	26.2
S3MPF6	Q5ZU45	27.500	80	53	3	99	173	129	208	1.9	25.8
S3MPF6	Q5EN61	26.250	80	49	2	167	236	26	105	2.9	25.4
S3NG26	F3IDS7	73.306	487	125	3	1	483	1	486	0.0	692
S3NG26	Q8RP13	38.462	39	23	1	143	181	46	83	1.3	26.6
S3NG26	ABS78353_1	27.711	83	52	2	173	247	66	148	2.6	25.8
S3NG26	Q939S9	21.212	66	44	1	80	137	150	215	4.7	25.0
S3NG26	Q87V79	28.906	128	65	5	334	444	202	320	5.1	25.0
S3NG30	F3HEG5	69.595	1628	483	3	169	1789	82	1704	0.0	2329
S3NG30	F3HEG5	44.512	164	91	0	1	164	1	164	4.57e-30	125
S3NG30	AAP31245_1	87.548	522	65	0	1	522	1	522	0.0	882
S3NG30	AAS20351_1	27.448	1552	1017	34	254	1768	114	1593	3.51e-164	539
S3NG30	Q8VPK4	23.055	1414	933	39	361	1758	134	1408	2.16e-68	250
S3NG30	C8BNV1	24.022	537	314	22	288	794	27	499	2.71e-16	80.9
S3NG30	C8BNV1	27.517	149	106	2	1623	1769	1549	1697	2.00e-10	61.6
S3NG30	C8BNV1	21.649	679	409	25	923	1547	750	1359	1.90e-04	41.6
S6SR13	Q4ZX48	88.562	306	35	0	2	307	77	382	0.0	519
S6SR13	F3HEJ8	62.021	287	108	1	19	304	1	287	1.50e-127	361
S6SR13	BAH47298_1	28.616	318	169	15	7	290	84	377	7.40e-19	82.0
S6SR13	YP_414449_1	35.135	74	44	2	182	252	1023	1095	0.064	30.4
S6SR13	CAX11132_1	44.000	25	14	0	45	69	454	478	2.3	25.4
A0A656JMP9	S6WD38	96.429	56	2	0	1	56	1	56	5.23e-34	105
A0A656JMP9	Q88BF6	92.857	56	4	0	1	56	232	287	1.10e-30	103
A0A656JMP9	Q52473	60.465	43	17	0	13	55	71	113	2.19e-14	57.8
A0A656JMP9	Q5ZUV9	35.714	28	18	0	11	38	467	494	3.8	20.8
A0A656JMP9	P15917	20.690	58	32	1	10	53	189	246	5.5	20.4
S6TTJ9	Q7PC45	80.170	706	134	1	1	706	16	715	0.0	1166
S6TTJ9	A0A656JXF7	100.000	461	0	0	246	706	1	461	0.0	959
S6TTJ9	A0A656JXQ0	97.608	209	5	0	1	209	1	209	1.21e-142	412
S6TTJ9	Q888W3	87.162	148	19	0	1	148	1	148	2.47e-87	266
S6TTJ9	Q89TX4	22.892	166	109	4	153	309	259	414	0.55	28.9
A0A656JKR5	S6WC57	100.000	95	0	0	1	95	1	95	3.23e-68	195
A0A656JKR5	Q87WG2	89.474	95	10	0	1	95	83	177	1.05e-58	174
A0A656JKR5	Q87WF4	51.515	33	16	0	5	37	83	115	1.60e-04	33.9
A0A656JKR5	Q87WF8	34.091	44	29	0	14	57	115	158	0.32	25.0
A0A656JKR5	ACJ19818_1	32.692	52	31	3	40	90	116	164	3.1	22.3
A0A656JL30	F3IP82	96.335	382	14	0	1	382	1	382	0.0	763
S6U6V3	Q87ZX9	96.154	416	16	0	1	416	1	416	0.0	806
S6U6V3	Q5ZZJ8	45.000	20	11	0	3	22	292	311	3.1	25.4
A0A656JKS4	S6V7U9	100.000	177	0	0	1	177	1	177	2.44e-135	371
A0A656JKS4	Q88BP8	87.571	177	22	0	1	177	107	283	9.95e-117	328
A0A656JKS4	F3IRM7	59.574	94	38	0	83	176	1	94	2.42e-38	123
A0A656JKS4	Q87WF8	74.419	43	11	0	1	43	124	166	7.76e-20	77.8
A0A656JKS4	Q87GI9	25.000	144	92	4	18	154	65	199	1.91e-04	36.2
S6VK55	Q87ZX9	61.029	408	138	3	1	392	13	415	6.55e-170	477
S6VK55	Q5ZUE7	41.935	31	18	0	229	259	111	141	2.2	25.4
S6VK55	YP_153570_1	30.556	36	25	0	294	329	758	793	4.0	25.0
S6VK55	ABS78353_1	33.333	45	29	1	74	117	218	262	4.2	25.0
S6VK55	Q87GF9	36.364	33	16	1	202	229	247	279	5.8	24.6
A0A656JUY3	Q87ZX9	97.179	390	11	0	2	391	27	416	0.0	762
A0A656JUY3	Q3C000	32.432	37	24	1	277	313	107	142	3.2	25.4
A0A656JUY3	Q5ZSM7	44.444	27	15	0	91	117	1159	1185	5.8	24.6
S6W322	Q08370	52.116	378	174	5	1	377	1	372	1.73e-127	367
S6W322	AAR21118_1	30.315	254	150	10	138	376	50	291	1.48e-21	92.4
S6W322	Q27RI0	32.258	62	37	2	28	89	29	85	0.18	29.3
S6W322	A4SUE7	25.316	79	52	1	20	91	18	96	1.4	26.6
S6W322	Q2T6Y9	34.783	23	15	0	354	376	466	488	3.5	25.0
A0A656K8M8	S6U3U1	100.000	68	0	0	9	76	1	68	2.86e-46	137
A0A656K8M8	S6TW99	62.667	75	28	0	1	75	129	203	3.14e-30	101
A0A656K8M8	F3IDL2	52.000	75	34	1	1	73	68	142	4.82e-22	79.0
A0A656K8M8	C0SPQ2	52.632	76	34	2	1	75	206	280	3.92e-18	71.6
A0A656K8M8	ACT72390_1	45.238	42	20	1	33	74	129	167	9.63e-05	34.3
A0A656K4J3	Q4ZX48	88.562	306	35	0	2	307	77	382	0.0	519
A0A656K4J3	F3HEJ8	62.021	287	108	1	19	304	1	287	1.50e-127	361
A0A656K4J3	BAH47298_1	28.616	318	169	15	7	290	84	377	7.40e-19	82.0
A0A656K4J3	YP_414449_1	35.135	74	44	2	182	252	1023	1095	0.064	30.4
A0A656K4J3	CAX11132_1	44.000	25	14	0	45	69	454	478	2.3	25.4
ZP_06486078_1	ZP_06489150_1	98.818	423	5	0	78	500	1	423	0.0	868
ZP_06486078_1	ZP_05639859_1	68.694	444	139	0	47	490	319	762	0.0	644
ZP_06486078_1	ZP_06481941_1	67.871	249	80	0	242	490	1	249	1.54e-120	350
ZP_06486078_1	Q5ZTB4	43.750	32	18	0	367	398	63	94	0.80	27.7
ZP_06486078_1	C7BKP9_2	57.143	21	9	0	392	412	2370	2390	1.3	27.3
ZP_06486078_1	C7BKP9_2	38.889	36	20	1	337	372	737	770	4.4	25.4
AAP34334_1	Q83XF9	100.000	133	0	0	1	133	1	133	2.82e-87	246
AAP34334_1	YP_096898_1	39.394	33	20	0	34	66	470	502	3.5	23.1
AAP34334_1	Q9Z7K3	25.000	40	30	0	58	97	875	914	5.5	22.3
AAP34334_1	Q9Z8Z8	46.667	15	8	0	91	105	265	279	9.3	21.6
AAQ60244_1	ZP_02468792_1	50.781	128	63	0	9	136	7	134	2.04e-46	143
AAQ60244_1	ZP_03075317_1	26.016	123	91	0	11	133	5	127	1.22e-12	57.0
AAQ60244_1	Q5ZSL3	34.615	26	17	0	52	77	120	145	8.4	21.9
ABG23671_1	Q156B7	100.000	656	0	0	1	656	1	656	0.0	1332
ABG23671_1	Q9RBS2	29.101	378	203	13	69	425	94	427	3.44e-20	90.9
ABG23671_1	Q9RBS2	35.000	200	117	5	229	426	474	662	9.32e-19	86.3
ABG23671_1	Q9RBS2	32.759	232	122	6	228	425	381	612	6.00e-18	83.6
ABG23671_1	Q9RBS2	26.295	251	131	3	229	425	293	543	4.64e-14	71.2
ABG23671_1	Q9RBS2	28.745	247	150	9	210	446	478	708	5.65e-14	70.9
ABG23671_1	Q9RBS2	35.246	122	74	5	307	427	223	340	1.13e-09	57.0
ABG23671_1	ABS78353_1	35.185	162	89	5	256	415	268	415	4.25e-10	57.8
ABG23671_1	ABS78353_1	25.346	217	143	5	180	392	242	443	1.38e-08	52.8
ABG23671_1	YP_001910294_1	24.038	312	171	15	168	442	760	1042	0.29	29.6
ABG23671_1	A0KHZ7	31.481	54	32	1	272	320	1377	1430	2.1	26.9
P14727	Q07061	96.392	1164	38	1	1	1164	1	1160	0.0	2196
P14727	Q68A49	47.845	232	117	4	155	384	221	450	7.69e-47	176
P14727	Q68A49	41.176	323	158	11	746	1052	266	572	3.12e-42	161
P14727	Q68A49	44.503	191	92	9	610	792	266	450	6.83e-22	97.4
P14727	Q68A49	43.956	182	83	9	448	622	281	450	1.08e-19	90.5
P14727	Q68A49	42.000	50	16	2	1113	1162	682	718	0.002	37.4
P14727	YP_124559_1	24.194	124	67	4	486	589	301	417	0.96	28.9
P14727	YP_124559_1	24.786	117	75	3	418	521	301	417	2.3	27.3
P14727	Q79LY0	36.000	50	30	1	240	287	200	249	1.1	28.5
P14727	ABS77302_1	25.284	352	188	16	429	740	71	387	1.2	28.5
P14727	ABS77302_1	24.148	352	192	15	463	774	71	387	2.1	27.7
D4T148	Q48BE0	74.074	567	137	2	54	610	144	710	0.0	829
D4T148	O84616	25.362	138	89	5	342	476	30	156	0.61	28.1
D4T148	P40613	37.143	35	22	0	310	344	229	263	2.0	26.6
D4T148	Q45716	26.724	116	70	5	146	249	875	987	3.9	25.8
D4T148	Q53591	28.302	53	30	1	485	537	415	459	4.1	25.8
G7TIR4	D4T570	93.319	464	31	0	1	464	1	464	0.0	816
G7TIR4	Q9Z7K3	28.767	73	47	1	14	81	48	120	0.96	27.3
G7TIR4	Q87P38	28.155	103	50	4	73	172	340	421	1.5	26.6
G7TIR4	Q4ZXP9	30.769	65	38	2	184	243	9	71	1.9	25.4
G7TIR4	Q93KQ5	43.478	23	13	0	209	231	225	247	6.9	24.3
Q3BM44	D4T570	92.672	464	34	0	1	464	1	464	0.0	798
Q3BM44	Q5ZRQ4	24.752	101	63	3	242	337	373	465	0.28	28.9
Q3BM44	Q87P38	29.293	99	46	4	73	168	340	417	0.70	27.7
Q3BM44	Q4ZXP9	30.769	65	38	2	184	243	9	71	2.6	24.6
Q3BM44	D0ZVG2	36.111	36	23	0	195	230	471	506	4.4	25.0
Q3BRD8	Q5QA92	100.000	733	0	0	1	733	1	733	0.0	1487
Q3BRD8	E7PLP1	24.624	532	321	14	151	606	104	631	1.49e-28	117
Q3BRD8	CAJ10803_1	31.343	67	41	2	367	433	50	111	0.76	27.3
Q3BRD8	Q8Z550	27.273	55	39	1	134	188	243	296	1.9	26.9
Q3BRD8	Q9HYC5	26.241	141	88	6	589	721	260	392	4.5	25.8
Q3BRE0	Q5QA89	100.000	667	0	0	1	667	1	667	0.0	1330
Q3BRE0	Q5ZZ76	28.571	49	35	0	316	364	1588	1636	0.30	29.6
Q3BRE0	YP_096169_1	26.190	84	52	4	586	663	1271	1350	0.33	29.6
Q3BRE0	O05442	36.842	57	33	1	21	74	512	568	2.0	26.9
Q3BRE0	Q5ZVT5	22.642	53	39	1	577	627	349	401	5.4	25.4
Q3BSU7	Q6TQF0	100.000	834	0	0	1	834	1	834	0.0	1709
Q3BSU7	YP_096169_1	31.481	108	66	3	715	816	1585	1690	0.044	32.7
Q3BSU7	Q5ZTV8	41.860	43	23	1	117	157	243	285	0.18	30.4
Q3BSU7	Q5ZUS4	45.238	42	18	2	289	329	268	305	0.82	28.5
Q3BSU7	Q54738	28.767	73	44	3	433	497	30	102	3.8	26.2
Q3BTM6	P55555	47.907	215	111	1	52	266	3	216	2.93e-66	206
Q3BTM6	A0FDW6	33.854	384	213	10	1	366	1	361	2.99e-55	181
Q3BTM6	Q8RP13	27.542	236	152	6	33	257	7	234	1.58e-19	82.8
Q3BTM6	D4HVP7	26.398	322	177	10	67	372	122	399	4.93e-16	74.3
Q3BTM6	F3FD65	24.925	333	190	10	53	371	34	320	4.70e-15	70.9
Q3BW96	Q5QA86	100.000	658	0	0	1	658	1	658	0.0	1329
Q3BW96	G0CIT6	37.612	670	379	11	1	649	1	652	2.44e-124	381
Q3BW96	O84290	30.882	68	42	2	118	182	73	138	0.61	28.5
Q3BW96	S6V7U9	27.083	48	35	0	163	210	67	114	1.4	26.6
Q3BW96	AAW71035_1	30.909	55	33	2	580	633	326	376	2.7	26.6
Q3BY51	Q48BE0	75.000	568	132	2	54	611	143	710	0.0	843
Q3BY51	P40613	40.000	35	21	0	311	345	229	263	1.00	27.3
Q3BY51	NP_819412_1	24.265	136	83	6	104	230	173	297	1.7	26.9
Q3BY51	Q53591	28.302	53	30	1	486	538	415	459	2.0	26.9
Q3BY51	Q8FDW4	30.303	66	40	2	281	345	1156	1216	5.4	25.4
Q3BY60	Q6IV70	100.000	699	0	0	1	699	1	699	0.0	1418
Q3BY60	Q5EN61	23.587	513	314	22	109	588	122	589	1.47e-13	69.3
Q3BY60	Q48DU8	26.190	168	105	5	405	566	668	822	3.69e-08	52.0
Q3BY60	P96091	25.397	63	42	1	514	576	635	692	1.1	27.7
Q3BY60	Q57KZ6	26.786	56	39	1	592	645	19	74	2.2	26.6
Q3BYG1	A0FDW6	38.264	311	178	6	72	373	56	361	4.43e-60	194
Q3BYG1	P55555	37.073	205	123	4	72	275	17	216	2.34e-30	112
Q3BYG1	Q93KQ5	24.434	221	142	8	123	336	53	255	3.74e-12	62.0
Q3BYG1	D4HVP7	23.494	332	185	12	56	372	115	392	1.43e-09	54.7
Q3BYG1	Q8RP13	25.556	180	124	5	98	271	64	239	1.87e-07	47.4
Q3BYJ5	Q8RJQ0	100.000	545	0	0	1	545	1	545	0.0	1123
Q3BYJ5	G9L9K6	65.035	572	159	13	1	538	230	794	0.0	653
Q3BYJ5	Q989R4	36.458	96	52	4	398	487	1495	1587	3.14e-09	55.5
Q3BYJ5	Q89BB8	33.333	102	55	4	393	488	1323	1417	4.41e-07	48.1
Q3BYJ5	Q8D4Y9	26.316	114	78	3	54	161	9	122	0.81	27.7
Q3BYL8	Q5QA89	63.189	508	178	5	117	619	115	618	0.0	597
Q3BYL8	O85666	26.744	86	41	4	583	668	212	275	0.75	28.1
Q3BYL8	A0KHZ7	53.571	28	13	0	349	376	697	724	1.0	28.1
Q3BYL8	Q7P1B7	35.714	56	34	1	102	155	64	119	2.5	26.2
Q3BYL8	F3HEG5	35.185	54	26	3	265	311	149	200	2.7	26.6
Q5QA88	D4T570	92.672	464	34	0	1	464	1	464	0.0	798
Q5QA88	Q5ZRQ4	24.752	101	63	3	242	337	373	465	0.28	28.9
Q5QA88	Q87P38	29.293	99	46	4	73	168	340	417	0.70	27.7
Q5QA88	Q4ZXP9	30.769	65	38	2	184	243	9	71	2.6	24.6
Q5QA88	D0ZVG2	36.111	36	23	0	195	230	471	506	4.4	25.0
Q5RJF5	Q5QA89	63.189	508	178	5	117	619	115	618	0.0	597
Q5RJF5	O85666	26.744	86	41	4	583	668	212	275	0.75	28.1
Q5RJF5	A0KHZ7	53.571	28	13	0	349	376	697	724	1.0	28.1
Q5RJF5	Q7P1B7	35.714	56	34	1	102	155	64	119	2.5	26.2
Q5RJF5	F3HEG5	35.185	54	26	3	265	311	149	200	2.7	26.6
B2VH84	D4I0Q7	96.855	159	5	0	1	159	1	159	2.90e-117	324
B2VH84	A7MQ14	28.800	125	75	7	45	159	44	164	0.011	30.4
B2VH84	P0A074	31.746	63	23	2	19	81	129	171	1.1	25.0
B2VH84	YP_096169_1	52.000	25	10	2	86	108	245	269	2.7	23.9
B2VH84	Q5ZXN6	34.615	26	17	0	88	113	75	100	4.9	23.1
D4HVQ0	AAS20351_1	40.680	1529	854	19	309	1825	114	1601	0.0	1131
D4HVQ0	F3HEG5	29.153	1571	1028	37	314	1838	173	1704	0.0	615
D4HVQ0	Q8VPK4	24.585	1505	939	48	334	1811	77	1412	1.47e-76	276
D4HVQ0	C8BNV1	23.343	664	416	29	993	1607	746	1365	8.48e-12	65.9
D4HVQ0	C8BNV1	28.814	118	83	1	1687	1803	1564	1681	4.08e-10	60.5
D4HVQ0	C8BNV1	22.927	205	131	9	573	755	194	393	0.011	36.2
D4HVQ0	AAP31245_1	25.275	273	170	9	324	588	270	516	2.11e-11	63.9
D4HWC7	Q87XS5	56.369	369	152	5	191	557	190	551	5.82e-134	397
D4HWC7	Q5ZTE7	37.288	59	36	1	214	272	305	362	0.007	34.3
D4HWC7	Q9HU94	30.435	69	38	1	145	203	334	402	0.13	30.4
D4HWC7	P18010	34.615	52	34	0	86	137	146	197	1.2	27.3
D4HWC7	P08954	29.545	44	31	0	317	360	193	236	3.3	25.8
Q01099	Q47278	42.928	403	155	9	13	403	1	340	2.37e-77	239
Q01099	O87653	41.463	41	22	2	274	314	125	163	0.12	29.6
Q01099	Q5ZVT5	30.435	69	44	3	67	134	628	693	4.3	25.0
Q01099	YP_003294926_1	23.457	81	49	3	94	168	364	437	6.6	24.3
Q01099	C7BKP9_2	26.316	76	41	3	308	369	2348	2422	7.3	24.3
Q6RK53	AAS20351_1	100.000	1614	0	0	1	1614	1	1614	0.0	3281
Q6RK53	F3HEG5	27.964	1577	1017	41	114	1612	167	1702	1.20e-173	564
Q6RK53	Q8VPK4	25.128	1365	893	41	249	1587	151	1412	3.51e-69	252
Q6RK53	C8BNV1	25.556	360	217	13	351	677	175	516	2.43e-12	67.4
Q6RK53	C8BNV1	32.231	121	75	2	1463	1579	1564	1681	7.33e-12	65.9
Q6RK53	AAP31245_1	25.091	275	186	9	114	381	254	515	1.91e-11	63.9
NP_066727_1	YP_001961089_1	98.909	275	2	1	9	282	43	317	0.0	555
NP_066727_1	Q79AT3	25.309	162	92	7	3	145	34	185	0.004	33.1
NP_066727_1	P43153	32.857	70	36	3	127	185	8	77	0.21	28.5
NP_066727_1	Q50EL2	26.667	60	37	1	65	124	173	225	0.41	27.3
NP_066727_1	Q5ZUX2	27.778	90	59	3	8	94	190	276	0.51	26.9
NP_066752_1	NP_059817_1	60.179	781	300	6	1	774	57	833	0.0	884
NP_066752_1	NP_059817_1	37.736	53	33	0	309	361	46	98	1.99e-07	50.1
NP_066752_1	Q5ZSZ6	33.333	33	22	0	197	229	250	282	1.3	27.3
NP_066752_1	P43154	34.615	52	27	2	564	615	748	792	1.9	27.3
NP_066752_1	Q2FWP1	34.694	49	25	2	153	197	235	280	3.4	26.2
NP_066752_1	AAS20351_1	34.694	49	28	2	10	58	1044	1088	8.7	25.0
NP_066581_1	YP_001961118_1	99.557	451	2	0	1	451	1	451	0.0	915
NP_066581_1	Q44445	51.058	378	181	1	1	378	1	374	6.81e-122	366
NP_066581_1	Q9I0F4	32.727	55	30	2	189	241	426	475	2.3	26.2
NP_066581_1	YP_003294926_1	25.000	124	76	4	245	353	225	346	4.7	25.0
NP_066581_1	BAE19885_1	25.926	135	76	5	268	380	72	204	8.1	23.9
NP_059814_1	NP_066749_1	53.524	454	168	11	1	417	1	448	1.33e-140	405
NP_059814_1	NP_819665_1	23.232	99	48	3	60	131	41	138	1.2	26.6
NP_059814_1	A2S1Q9	41.935	31	16	1	30	58	464	494	3.5	25.4
NP_059814_1	B6A882	30.000	50	27	1	185	234	17	58	3.8	25.4
NP_059814_1	Q9RBS2	42.500	40	15	2	391	424	67	104	7.5	24.3
NP_059819_1	P0A3W8	100.000	533	0	0	1	533	1	533	0.0	1113
NP_059819_1	YP_096441_1	46.429	28	15	0	376	403	376	403	0.054	31.6
NP_059819_1	Q5ZTV8	36.842	38	19	1	163	200	78	110	0.20	29.6
NP_059819_1	YP_002330704_1	25.000	100	55	4	269	364	20	103	0.50	28.1
NP_059819_1	Q989R4	32.727	55	31	2	274	326	567	617	1.9	26.6
NP_059820_1	Q44445	100.000	672	0	0	1	672	1	672	0.0	1376
NP_059820_1	YP_001961118_1	51.058	378	181	1	1	374	1	378	4.68e-122	367
NP_059820_1	Q5X443	27.200	125	64	5	63	164	258	378	0.69	28.5
NP_059820_1	P06716	23.837	172	115	6	254	423	345	502	0.72	28.5
NP_059820_1	A0KHZ7	32.500	40	27	0	2	41	1393	1432	3.9	26.2
NP_059824_1	Q79AT3	100.000	202	0	0	1	202	1	202	2.39e-149	409
NP_059824_1	YP_001961089_1	29.060	117	76	2	25	141	32	141	2.12e-07	45.8
NP_059824_1	Q5ZYH1	24.590	61	46	0	88	148	86	146	1.3	25.0
NP_059824_1	Q9Z8L3	25.532	94	62	5	12	98	45	137	2.5	23.9
NP_059824_1	Q5QSZ9	29.688	64	37	3	46	103	15	76	3.2	24.3
NP_396503_1	NP_066749_1	59.912	454	169	6	1	447	1	448	5.62e-166	471
NP_396503_1	Q989R4	28.070	57	39	1	74	128	392	448	3.4	25.4
NP_396503_1	Q5ZYT6	28.947	38	26	1	34	71	1037	1073	5.0	25.0
NP_396506_1	NP_059817_1	63.321	807	284	7	39	840	34	833	0.0	981
NP_396506_1	NP_059817_1	41.358	162	90	3	306	467	32	188	2.74e-24	104
NP_396506_1	Q4K3N9	34.483	58	28	2	200	252	35	87	0.60	28.9
NP_396506_1	Q06584	34.043	47	29	1	686	730	439	485	1.6	27.7
NP_396506_1	P43154	34.615	52	27	2	630	681	748	792	2.6	26.9
NP_396506_1	Q27RI1	23.529	51	39	0	248	298	39	89	4.4	26.2
NP_396510_1	P0A3W8	71.619	525	145	1	32	556	13	533	0.0	790
NP_396510_1	YP_096441_1	26.027	73	49	1	359	426	331	403	0.019	33.1
NP_396510_1	Q9I4Y4	36.364	33	21	0	255	287	224	256	4.3	25.4
NP_396510_1	Q89BB8	39.394	33	17	1	445	477	908	937	6.0	25.0
NP_396510_1	Q5ZV00	26.761	71	51	1	122	192	37	106	6.5	24.6
NP_396511_1	Q44445	57.101	690	270	8	1	682	1	672	0.0	725
NP_396511_1	YP_001961118_1	54.897	388	164	3	1	384	1	381	6.31e-134	397
NP_396511_1	WP_076706633_1	32.000	50	32	1	25	72	155	204	0.69	28.1
NP_396511_1	P40136	37.209	43	26	1	442	484	352	393	2.9	26.6
NP_396511_1	A1KWQ2	31.915	47	32	0	71	117	220	266	5.4	25.4
NP_396676_1	YP_001961089_1	69.256	309	95	0	4	312	9	317	7.30e-154	429
NP_396676_1	Q79AT3	30.208	96	67	0	7	102	5	100	1.23e-09	52.8
NP_396676_1	Q989R4	33.846	65	36	2	255	312	1684	1748	3.5	25.0
NP_396676_1	C1CWG1	26.923	52	33	2	138	184	392	443	4.5	24.3
YP_001961003_1	NP_066636_1	99.262	1762	13	0	8	1769	1	1762	0.0	3585
YP_001961003_1	O84718	26.087	69	51	0	895	963	158	226	2.5	27.7
YP_001961003_1	O84718	26.087	69	51	0	1473	1541	158	226	2.5	27.7
YP_001961003_1	O84718	25.882	85	55	1	1168	1252	150	226	4.2	27.3
YP_001961003_1	ABY91230_2	23.737	198	113	8	444	614	2236	2422	4.4	27.3
YP_001961003_1	Q8VPK4	32.468	77	45	3	1269	1345	54	123	6.5	26.9
YP_001961003_1	O25534	25.000	64	47	1	115	177	260	323	7.2	26.6
YP_001961113_1	NP_066749_1	91.071	448	40	0	1	448	1	448	0.0	821
YP_001961113_1	Q07061	25.806	62	43	1	232	293	725	783	1.8	26.6
YP_001961113_1	Q07061	25.000	48	36	0	232	279	691	738	3.1	25.8
YP_001961113_1	Q07061	25.000	48	36	0	232	279	793	840	3.1	25.8
YP_001961113_1	Q07061	25.000	48	36	0	232	279	759	806	3.6	25.4
YP_001961113_1	Q07061	25.806	62	43	1	232	293	487	545	3.7	25.4
YP_001961113_1	Q07061	25.000	48	36	0	232	279	521	568	4.5	25.0
YP_001961113_1	Q07061	25.000	48	36	0	232	279	657	704	4.9	25.0
YP_001961113_1	Q07061	25.000	48	36	0	232	279	827	874	4.9	25.0
YP_001961113_1	Q07061	25.000	48	36	0	232	279	623	670	7.6	24.3
YP_001961113_1	Q07061	22.917	48	37	0	232	279	419	466	8.4	24.3
YP_001961113_1	A0A3T0PDD9	31.250	48	31	1	398	445	190	235	2.1	26.2
YP_001961113_1	Q989R4	28.070	57	39	1	74	128	392	448	3.1	25.8
YP_001961113_1	A2I8A2	40.541	37	22	0	390	426	6	42	5.1	25.0
YP_001961116_1	NP_059817_1	59.700	799	311	6	44	835	39	833	0.0	899
YP_001961116_1	ACJ19682_1	29.630	54	38	0	79	132	62	115	0.47	28.1
YP_001961116_1	Q5ZSZ6	33.333	33	22	0	258	290	250	282	1.4	27.3
YP_001961116_1	P43154	34.615	52	27	2	625	676	748	792	2.1	27.3
YP_001961116_1	AAS20351_1	34.694	49	28	2	71	119	1044	1088	6.6	25.8
P33208	P55713	98.171	164	3	0	1	164	1	164	5.88e-117	323
P33208	A0A0H3KDT7	32.432	37	25	0	112	148	519	555	2.2	24.3
P33208	YP_505319_1	32.653	49	31	1	57	105	393	439	6.2	22.7
P33208	Q5ZSJ4	47.368	19	10	0	90	108	201	219	7.9	22.3
P33208	Q5ZRQ1	25.000	128	88	5	40	161	841	966	8.0	22.3
Q5Y4S2	P55711	98.658	596	8	0	1	596	1	596	0.0	1209
Q5Y4S2	Q9L6W3	27.826	115	66	4	160	270	185	286	0.014	33.9
Q5Y4S2	A2S1Q7	36.170	47	29	1	495	541	113	158	3.5	25.8
Q5Y4S2	Q5ZWE0	22.951	61	44	2	200	259	674	732	3.6	25.8
Q5Y4S2	Q5ZTJ7	46.667	30	14	1	452	479	50	79	3.8	25.0
Q7BMF3	P55713	98.171	164	3	0	1	164	1	164	5.88e-117	323
Q7BMF3	A0A0H3KDT7	32.432	37	25	0	112	148	519	555	2.2	24.3
Q7BMF3	YP_505319_1	32.653	49	31	1	57	105	393	439	6.2	22.7
Q7BMF3	Q5ZSJ4	47.368	19	10	0	90	108	201	219	7.9	22.3
Q7BMF3	Q5ZRQ1	25.000	128	88	5	40	161	841	966	8.0	22.3
P06668	NP_066749_1	53.524	454	168	11	1	417	1	448	1.33e-140	405
P06668	NP_819665_1	23.232	99	48	3	60	131	41	138	1.2	26.6
P06668	A2S1Q9	41.935	31	16	1	30	58	464	494	3.5	25.4
P06668	B6A882	30.000	50	27	1	185	234	17	58	3.8	25.4
P06668	Q9RBS2	42.500	40	15	2	391	424	67	104	7.5	24.3
Q9R6B6	NP_059817_1	63.321	807	285	6	39	841	34	833	0.0	986
Q9R6B6	NP_059817_1	41.104	163	90	3	306	468	32	188	5.28e-25	107
Q9R6B6	Q4K3N9	34.483	58	28	2	200	252	35	87	0.61	28.9
Q9R6B6	Q06584	34.043	47	29	1	687	731	439	485	1.6	27.7
Q9R6B6	B6A882	33.333	72	39	2	10	81	73	135	2.6	26.9
Q9R6B6	P43154	34.615	52	27	2	631	682	748	792	2.6	26.9
A1TI59	B1YTK4	40.769	130	73	2	1	130	1	126	3.06e-31	103
A1TI59	A1TMA4	37.931	87	48	2	21	106	47	128	1.32e-13	59.3
A1TI59	Q5ZWH6	47.059	17	9	0	23	39	366	382	0.77	25.0
A1TI59	ABS76498_1	26.829	41	30	0	39	79	235	275	3.6	22.7
A1TI59	Q881L7	61.538	13	5	0	113	125	666	678	3.8	23.1
A1TPV9	B1YTK4	53.448	116	54	0	1	116	11	126	2.64e-44	136
A1TPV9	A1TMA4	42.727	110	48	4	11	116	47	145	4.71e-16	65.5
A1TPV9	YP_096408_1	28.846	52	34	1	6	57	178	226	0.16	26.6
A1TPV9	Q939S9	37.500	24	15	0	56	79	12	35	0.88	24.3
A1TPV9	YP_001910294_1	29.268	41	29	0	16	56	477	517	2.7	23.1
A1TWF0	F0QCN5	96.914	162	5	0	1	162	1	162	1.51e-116	322
A1TWF0	B2TCX2	33.929	56	34	2	45	98	40	94	0.006	30.8
A1TWF0	P56956	25.641	78	55	2	11	86	705	781	0.015	30.8
A1TWF0	Q5ZSZ4	23.684	76	40	3	40	97	323	398	0.64	25.8
A1TWF0	P04479	37.500	32	18	1	121	150	33	64	0.94	25.4
A2I8A1	A2I8A2	67.105	456	134	4	1	456	1	440	0.0	570
A2I8A1	A2I8A2	89.407	236	19	1	436	671	355	584	1.19e-142	424
A2I8A1	Q89BB8	25.893	224	132	10	48	259	341	542	0.30	29.6
A2I8A1	Q89BB8	44.000	25	14	0	302	326	636	660	7.4	25.0
A2I8A1	YP_095977_1	50.000	32	15	1	270	301	403	433	0.50	28.9
A2I8A1	G9L9K6	33.333	60	33	2	373	425	429	488	0.71	28.5
A2I8A1	Q5QA92	31.169	77	35	3	5	79	45	105	0.96	28.1
Q9FCY7	AAS20351_1	38.612	1585	908	18	247	1822	73	1601	0.0	1075
Q9FCY7	F3HEG5	27.697	1585	1043	31	301	1835	173	1704	0.0	611
Q9FCY7	Q8VPK4	23.944	1562	976	49	281	1808	29	1412	2.20e-82	295
Q9FCY7	AAP31245_1	23.129	294	192	10	290	576	250	516	5.58e-15	75.5
Q9FCY7	C8BNV1	28.814	118	83	1	1685	1801	1565	1682	2.12e-09	58.2
Q9FCY7	C8BNV1	24.444	315	194	14	1025	1329	797	1077	1.11e-07	52.4
Q9FCY7	C8BNV1	23.011	352	208	17	549	860	180	508	8.71e-05	42.7
AAG01467_2	AAS20351_1	38.612	1585	908	18	247	1822	73	1601	0.0	1075
AAG01467_2	F3HEG5	27.697	1585	1043	31	301	1835	173	1704	0.0	611
AAG01467_2	Q8VPK4	23.944	1562	976	49	281	1808	29	1412	2.20e-82	295
AAG01467_2	AAP31245_1	23.129	294	192	10	290	576	250	516	5.58e-15	75.5
AAG01467_2	C8BNV1	28.814	118	83	1	1685	1801	1565	1682	2.12e-09	58.2
AAG01467_2	C8BNV1	24.444	315	194	14	1025	1329	797	1077	1.11e-07	52.4
AAG01467_2	C8BNV1	23.011	352	208	17	549	860	180	508	8.71e-05	42.7
C0SPP7	BAH47294_1	100.000	267	0	0	1	267	1	267	0.0	541
C0SPP7	WP_123778901_1	32.308	65	34	3	143	204	520	577	4.9	24.3
C0SPP7	Q5ZSZ1	41.667	24	14	0	231	254	73	96	5.8	23.5
C0SPP7	D4I1J6	35.714	42	25	1	104	143	75	116	6.8	23.5
C0SPP7	E0SAK8	25.532	47	35	0	159	205	1374	1420	8.1	23.5
C0SPP9	BAH47296_1	100.000	393	0	0	1	393	1	393	0.0	810
C0SPP9	A0FDW6	31.282	195	114	8	153	330	145	336	4.57e-15	71.6
C0SPP9	Q93KQ5	25.735	272	149	9	99	361	53	280	5.82e-13	64.3
C0SPP9	P55555	28.235	170	103	4	94	259	64	218	2.21e-10	56.2
C0SPP9	Q8RP13	22.400	250	149	8	29	254	12	240	4.66e-06	43.1
C0SPQ0	BAH47297_1	100.000	321	0	0	1	321	1	321	0.0	657
C0SPQ0	D4HWL8	22.172	221	136	8	75	270	29	238	3.55e-05	40.0
C0SPQ0	P55730	28.704	216	118	11	88	284	44	242	5.44e-04	36.6
C0SPQ0	O68703	26.144	153	107	4	120	271	136	283	0.001	35.4
C0SPQ0	Q84H14	26.144	153	97	8	121	271	134	272	0.015	32.0
C0SPQ1	BAH47298_1	100.000	425	0	0	1	425	1	425	0.0	863
C0SPQ1	Q4ZX48	28.136	295	154	15	107	377	105	365	8.06e-15	71.2
C0SPQ1	F3HEJ8	28.758	153	90	7	99	234	4	154	4.91e-08	49.7
C0SPQ1	A0A0R4J7V3	25.974	77	41	3	308	383	282	343	1.0	26.9
C0SPQ1	Q5ZWA2	30.303	33	23	0	296	328	420	452	9.7	23.9
C0SPQ3	BAH47300_1	100.000	451	0	0	1	451	1	451	0.0	948
C0SPQ3	Q07833	28.767	73	45	1	5	70	1446	1518	0.28	29.3
C0SPQ3	YP_096169_1	26.316	57	40	1	123	179	1076	1130	0.38	28.9
C0SPQ3	P43153	46.429	28	15	0	139	166	555	582	0.48	28.5
C0SPQ3	Q5ZYD5	32.500	40	26	1	333	372	411	449	4.0	25.4
C4PL85	P55456	66.017	462	155	1	149	610	87	546	0.0	597
C4PL85	D0ZVG2	37.662	539	292	12	51	583	166	666	2.05e-85	277
C4PL85	Q6XVT8	37.120	493	272	12	136	603	83	562	1.06e-82	266
C4PL85	Q6XVT8	39.773	88	45	4	182	264	63	147	9.83e-06	43.9
C4PL85	NP_783660_1	45.763	177	90	6	87	263	259	429	2.61e-24	102
C4PL85	NP_783660_1	42.254	213	93	7	53	263	65	249	5.55e-24	101
C4PL85	NP_783660_1	43.293	164	88	5	101	264	172	330	1.63e-21	94.0
C4PL85	NP_783660_1	45.087	173	86	6	93	265	248	411	2.47e-21	93.2
C4PL85	NP_783660_1	44.509	173	87	6	93	265	188	351	7.91e-21	91.7
C4PL85	NP_783660_1	47.328	131	62	4	93	223	368	491	4.42e-18	83.2
C4PL85	NP_783660_1	40.157	127	72	4	94	220	386	508	1.81e-12	65.5
C4PL85	NP_783660_1	43.333	120	62	5	148	265	96	211	4.72e-12	63.9
C4PL85	ZP_03368310_1	42.063	126	69	3	51	176	172	293	1.43e-16	76.3
C4PL85	ZP_03368310_1	48.864	88	43	2	142	229	199	284	1.48e-12	64.3
C4PL85	ZP_03368310_1	48.889	90	43	3	129	217	206	293	4.93e-11	59.7
C4PL85	ZP_03368310_1	51.250	80	36	2	170	249	206	282	1.19e-10	58.5
Q6R8C3	AAS66853_1	100.000	672	0	0	1	672	1	672	0.0	1387
Q6R8C3	A1JQ83	39.024	82	35	5	252	320	279	358	0.13	30.8
Q6R8C3	Q9Z3F4	29.688	64	23	2	271	312	199	262	1.3	27.3
Q6R8C3	NP_820305_2	24.675	77	56	2	367	441	20	96	2.3	26.2
Q6R8C3	P18010	40.476	42	21	2	498	535	81	122	4.1	25.8
Q6R8C5	P18011	31.203	532	317	14	103	621	51	546	3.94e-47	171
Q6R8C5	D2TZ34	25.779	353	244	10	119	459	80	426	5.26e-13	67.4
Q6R8C5	O84951	31.034	87	45	3	346	429	46	120	0.050	31.6
Q6R8C5	B9A810	35.294	51	32	1	176	226	248	297	0.39	28.9
Q6R8C5	Q5ZWW6	26.087	69	50	1	565	632	337	405	0.50	28.9
Q6TLM0	P37131	40.000	400	181	4	4	347	5	401	1.12e-91	275
Q6TLM0	O84947	31.933	119	71	4	136	252	129	239	6.73e-08	49.3
Q6TLM0	YP_003294926_1	32.857	140	82	6	132	262	134	270	9.46e-06	42.7
Q6TLM0	Q7DB81	29.286	140	80	5	136	266	147	276	1.95e-05	41.6
Q6TLM0	Q9REZ5	29.126	103	41	5	124	197	78	177	0.021	32.0
Q700V9	A0FDW6	37.963	324	177	11	56	368	51	361	1.71e-52	174
Q700V9	P55555	35.857	251	135	8	56	295	12	247	4.32e-33	120
Q700V9	Q8RP13	28.161	174	115	6	90	255	66	237	3.45e-09	52.8
Q700V9	Q93KQ5	26.994	163	91	5	166	323	109	248	4.87e-09	52.4
Q700V9	BAH47296_1	23.596	267	159	9	13	255	6	251	3.04e-07	47.4
Q700W1	A0FDW6	37.963	324	177	11	56	368	51	361	5.05e-53	175
Q700W1	P55555	35.857	251	135	8	56	295	12	247	7.25e-33	119
Q700W1	Q8RP13	28.161	174	115	6	90	255	66	237	5.17e-09	52.0
Q700W1	Q93KQ5	24.528	159	100	3	166	323	109	248	5.38e-08	49.3
Q700W1	BAH47296_1	23.970	267	158	9	13	255	6	251	1.38e-07	48.5
Q8XTK9	D8P729	78.552	1091	221	5	42	1127	2	1084	0.0	1652
Q8XTK9	D8P4R3	25.466	1127	646	43	77	1098	168	1205	5.92e-34	137
Q8XTK9	D8P480	26.430	647	326	26	231	781	254	846	2.16e-19	89.7
Q8XTK9	C8BNW8	28.261	138	84	4	100	226	475	608	0.26	30.4
Q8XTK9	YP_001199348_1	38.776	49	30	0	280	328	1130	1178	0.74	29.3
Q8XYE3	Q68A49	84.835	455	68	1	790	1244	266	719	0.0	753
Q8XYE3	Q68A49	90.667	450	40	2	1	450	1	448	0.0	679
Q8XYE3	Q68A49	45.902	183	96	3	615	797	266	445	7.07e-29	119
Q8XYE3	Q68A49	44.624	186	100	3	405	590	266	448	4.62e-28	117
Q8XYE3	Q68A49	45.055	182	97	3	510	691	266	444	5.85e-28	117
Q8XYE3	Q68A49	45.213	188	100	3	720	907	266	450	1.26e-27	115
Q8XYE3	Q07061	47.880	967	415	25	178	1097	128	1052	0.0	638
Q8XYE3	Q07061	35.556	45	16	2	1212	1243	1114	1158	6.8	26.2
Q8XYE3	YP_095982_1	24.638	138	71	5	452	568	4	129	0.14	31.6
Q8XYE3	YP_095982_1	45.161	31	16	1	634	664	11	40	7.0	26.2
Q8XYE3	ABS77302_1	26.119	134	57	5	779	870	71	204	0.72	29.3
Q8XYE3	YP_001425341_2	26.852	108	62	4	434	529	324	426	0.88	28.9
Q8Y125	BAH47296_1	98.219	393	7	0	96	488	1	393	0.0	792
Q8Y125	A0FDW6	30.769	195	115	8	248	425	145	336	4.65e-14	68.9
Q8Y125	Q93KQ5	26.103	272	148	9	194	456	53	280	8.17e-13	64.3
Q8Y125	P55555	28.235	170	103	4	189	354	64	218	1.04e-10	57.8
Q8Y125	D4HVP7	30.189	159	83	8	193	341	172	312	3.89e-06	44.3
BAH47295_1	A0FDW6	37.963	324	177	11	56	368	51	361	5.05e-53	175
BAH47295_1	P55555	35.857	251	135	8	56	295	12	247	7.25e-33	119
BAH47295_1	Q8RP13	28.161	174	115	6	90	255	66	237	5.17e-09	52.0
BAH47295_1	Q93KQ5	24.528	159	100	3	166	323	109	248	5.38e-08	49.3
BAH47295_1	BAH47296_1	23.970	267	158	9	13	255	6	251	1.38e-07	48.5
P55724	Q50EL2	95.604	273	7	2	1	271	1	270	0.0	538
P55724	YP_001961089_1	28.947	38	27	0	189	226	122	159	0.96	26.2
P55724	Q08242	33.333	54	29	2	122	174	1	48	1.9	25.0
P55724	Q5ZTM4	28.571	56	38	2	88	143	115	168	2.4	25.0
P55724	Q5ZRK2	40.625	32	15	1	184	215	63	90	2.6	25.0
Q89TL5	P55456	54.783	460	181	5	141	584	97	545	2.73e-155	452
Q89TL5	D0ZVG2	36.742	528	297	16	60	569	169	677	5.97e-78	256
Q89TL5	Q6XVT8	36.101	554	317	18	49	582	34	570	4.00e-77	251
Q89TL5	NP_783660_1	41.579	190	102	8	61	248	67	249	1.05e-20	91.3
Q89TL5	NP_783660_1	40.331	181	83	7	89	250	297	471	9.09e-19	85.1
Q89TL5	NP_783660_1	38.298	141	64	5	105	226	372	508	8.31e-12	63.2
Q89TL5	NP_783660_1	37.778	90	50	4	187	272	88	175	0.054	31.6
Q89TL5	NP_783660_1	41.818	55	30	2	91	145	439	491	0.40	28.9
Q89TL5	ZP_03368310_1	54.945	91	38	3	154	244	206	293	3.18e-17	78.2
Q89TL5	ZP_03368310_1	35.057	174	93	4	67	223	123	293	2.86e-15	72.4
Q89TL5	ZP_03368310_1	37.037	162	83	7	15	172	138	284	2.91e-13	66.2
Q89TL5	ZP_03368310_1	43.269	104	55	3	146	249	179	278	4.80e-12	62.4
Q89TP9	P55713	41.611	149	74	7	30	170	21	164	4.76e-21	80.5
Q89TP9	Q7WRZ5	69.231	13	4	0	13	25	8	20	4.5	23.1
Q89TP9	ABS77302_1	28.169	71	48	1	96	166	233	300	4.7	23.1
Q89TP9	YP_153762_1	30.000	80	31	3	45	114	470	534	9.9	22.3
Q89TT5	Q89BB8	89.871	1392	126	6	329	1716	61	1441	0.0	2369
Q89TT5	Q89BB8	68.232	724	211	9	1	717	1	712	0.0	827
Q89TT5	Q89BB8	38.286	175	90	7	163	322	596	767	1.14e-10	62.0
Q89TT5	Q89BB8	45.161	62	32	1	279	340	886	945	0.002	38.1
Q89TT5	Q989R4	49.799	249	99	4	1474	1715	1385	1614	8.78e-54	203
Q89TT5	Q989R4	43.590	117	64	2	1070	1185	709	824	1.07e-16	82.0
Q89TT5	Q989R4	39.516	124	69	3	1063	1185	171	289	4.17e-13	70.1
Q89TT5	Q989R4	39.316	117	69	2	1070	1185	1195	1310	9.59e-13	68.9
Q89TT5	Q989R4	51.786	56	26	1	1061	1116	1663	1717	1.63e-05	45.1
Q89TT5	Q8RJQ0	33.333	102	55	4	1598	1692	393	488	1.25e-06	48.5
Q89TT5	G9L9K6	29.365	126	74	5	1598	1714	649	768	1.94e-06	48.1
Q89TT5	A2I8A2	26.984	252	152	10	47	277	19	259	5.14e-06	46.6
Q89TT5	A2I8A2	27.273	198	130	8	610	797	48	241	0.018	35.0
Q89TT5	A2I8A2	33.824	68	41	3	427	491	34	100	0.35	30.8
Q89TT5	A2I8A2	36.735	49	30	1	896	943	281	329	6.7	26.6
Q989P6	P55713	63.905	169	54	4	1	167	1	164	1.09e-64	191
Q989P6	A0A3T1A1W4	38.889	36	22	0	103	138	93	128	1.0	25.0
Q989P6	Q5ZRQ1	23.729	118	80	3	54	164	852	966	5.0	23.1
Q989P6	Q5ZWW6	37.931	29	17	1	86	113	187	215	5.2	23.1
Q989P8	P55711	72.355	586	138	4	30	615	32	593	0.0	846
Q989P8	Q9L6W3	36.735	49	30	1	182	229	185	233	0.018	33.5
Q989P8	NP_783660_1	26.829	41	30	0	411	451	1	41	0.62	28.5
Q989P8	P06716	26.136	88	55	1	418	495	410	497	1.1	27.7
Q989P8	NP_819077_1	32.609	46	25	1	251	296	2	41	2.8	26.2
Q9AMW4	P55730	40.283	283	141	7	1	278	1	260	7.34e-62	192
Q9AMW4	Q52430	31.285	179	114	7	104	278	93	266	8.52e-14	65.9
Q9AMW4	Q84H14	23.529	153	101	7	102	247	129	272	0.037	30.8
Q9AMW4	E7PLP1	51.429	35	14	3	255	288	487	519	0.78	26.9
Q9AMW4	D4HWL8	44.444	27	15	0	234	260	226	252	0.92	26.2
D2TZV2	CBA73375_1	100.000	326	0	0	1	326	1	326	0.0	660
D2TZV2	Q04640	33.784	222	140	3	6	224	41	258	1.23e-28	109
D2TZV2	YP_153570_1	32.812	64	39	1	27	90	144	203	0.73	26.9
D2TZV2	Q9Z785	26.000	100	48	3	242	325	124	213	1.1	26.2
D2TZV2	Q84CS9	20.968	248	185	4	72	314	116	357	1.4	26.2
Q2NVH6	P18011	31.203	532	317	14	103	621	51	546	3.94e-47	171
Q2NVH6	D2TZ34	25.779	353	244	10	119	459	80	426	5.26e-13	67.4
Q2NVH6	O84951	31.034	87	45	3	346	429	46	120	0.050	31.6
Q2NVH6	B9A810	35.294	51	32	1	176	226	248	297	0.39	28.9
Q2NVH6	Q5ZWW6	26.087	69	50	1	565	632	337	405	0.50	28.9
AAS66851_1	P18011	31.203	532	317	14	103	621	51	546	3.94e-47	171
AAS66851_1	D2TZ34	25.779	353	244	10	119	459	80	426	5.26e-13	67.4
AAS66851_1	O84951	31.034	87	45	3	346	429	46	120	0.050	31.6
AAS66851_1	B9A810	35.294	51	32	1	176	226	248	297	0.39	28.9
AAS66851_1	Q5ZWW6	26.087	69	50	1	565	632	337	405	0.50	28.9
E0SAL0	E0SIS4	97.083	617	18	0	1	617	1	617	0.0	1247
E0SAL0	A0KHA9	61.798	623	230	3	1	617	1	621	0.0	830
E0SAL0	A0A0H3AIG7	45.920	625	303	6	7	617	4	607	0.0	552
E0SAL0	Q2T6Y9	25.665	639	381	22	8	586	36	640	3.59e-36	140
E0SAL0	O05102	33.333	33	22	0	67	99	135	167	1.2	27.3
Q9KMN9	Q9KMN9_2	100.000	223	0	0	1	223	1	223	8.76e-167	454
Q9KMN9	P26831	40.000	25	15	0	9	33	410	434	1.1	25.8
Q9KMN9	Q89TW7	29.825	57	34	3	8	59	48	103	4.6	23.5
Q9KMN9	Q5ZVT5	23.404	47	36	0	136	182	587	633	7.4	23.1
Q9KMN9	Q7PC45	23.171	82	56	1	49	123	625	706	8.9	23.1
Q9KS43	Q9KS43_2	100.000	641	0	0	1	641	1	641	0.0	1339
Q9KS43	YP_096170_1	26.531	49	36	0	325	373	266	314	1.6	27.3
Q9KS43	Q8XDQ1	38.462	26	16	0	294	319	149	174	9.2	24.3
Q9KS45	A0A0H3AIG7	98.470	1111	1	1	1	1111	1	1095	0.0	2259
Q9KS45	A0KHA9	55.093	648	276	3	4	646	7	644	0.0	685
Q9KS45	E0SIS4	46.945	622	317	4	4	623	7	617	0.0	569
Q9KS45	A0KHZ7	60.682	440	172	1	724	1163	1940	2378	1.83e-174	567
Q9KS45	Q2T6Y9	27.273	495	317	18	42	512	64	539	1.08e-37	149
Q9KS45_2	A0A0H3AIG7	98.470	1111	1	1	1	1111	1	1095	0.0	2259
Q9KS45_2	A0KHA9	55.093	648	276	3	4	646	7	644	0.0	685
Q9KS45_2	E0SIS4	46.945	622	317	4	4	623	7	617	0.0	569
Q9KS45_2	A0KHZ7	60.682	440	172	1	724	1163	1940	2378	1.83e-174	567
Q9KS45_2	Q2T6Y9	27.273	495	317	18	42	512	64	539	1.08e-37	149
K7WKL8	A0KHA9	91.473	645	55	0	1	645	1	645	0.0	1222
K7WKL8	E0SIS4	63.563	623	219	3	1	621	1	617	0.0	837
K7WKL8	A0A0H3AIG7	52.624	667	281	5	7	663	4	645	0.0	655
K7WKL8	Q2T6Y9	26.141	482	309	14	8	461	36	498	9.94e-38	146
K7WKL8	O05102	25.641	78	52	2	23	99	95	167	0.29	29.6
P16154	M9ZTT7	77.719	2639	543	4	1	2616	1	2617	0.0	4116
P16154	M9ZTT7	59.375	832	247	7	1945	2710	1812	2618	0.0	956
P16154	M9ZTT7	28.866	97	47	2	2634	2709	1801	1896	0.028	35.4
P16154	B5AGT2	40.222	1800	1019	22	1	1784	1	1759	0.0	1194
P16154	AAR21118_1	23.050	564	365	22	873	1395	1020	1555	1.35e-24	108
P16154	ABY91230_2	23.878	490	321	19	898	1348	1654	2130	3.65e-22	100
P16154	C7BKP9_2	38.158	76	42	2	237	310	2226	2298	2.06e-05	45.8
P16154	C7BKP9_2	35.714	42	26	1	92	132	2161	2202	0.24	32.3
P18177	M9ZTT7	48.368	2390	1157	28	1	2360	1	2343	0.0	2138
P18177	M9ZTT7	40.564	567	291	13	1820	2360	1952	2498	5.83e-107	379
P18177	M9ZTT7	33.808	562	270	18	1814	2296	2079	2617	3.18e-70	258
P18177	M9ZTT7	33.081	396	166	13	1812	2120	2232	2615	4.79e-38	152
P18177	B5AGT2	38.286	1844	1038	30	1	1811	1	1777	0.0	1123
P18177	AAR21118_1	21.971	619	419	20	835	1409	984	1582	1.88e-24	108
P18177	ABY91230_2	21.925	561	375	23	891	1410	1649	2187	6.95e-23	103
P18177	A0KHZ7	38.889	72	41	1	8	79	3090	3158	7.73e-06	47.0
P18177	A0KHZ7	22.764	123	80	5	646	764	3665	3776	0.057	34.3
P0DUB4	M9ZTT7	49.412	2380	1145	29	1	2358	1	2343	0.0	2169
P0DUB4	M9ZTT7	40.741	567	287	12	1821	2358	1952	2498	3.80e-107	379
P0DUB4	M9ZTT7	37.043	575	267	14	1815	2358	2079	2589	7.02e-93	333
P0DUB4	M9ZTT7	33.770	382	172	14	1807	2121	2248	2615	8.96e-40	158
P0DUB4	M9ZTT7	30.258	271	134	6	1815	2031	2348	2617	4.71e-30	126
P0DUB4	B5AGT2	39.832	1785	984	30	1	1753	1	1727	0.0	1135
P0DUB4	ABY91230_2	21.660	771	509	32	668	1368	1419	2164	7.84e-26	112
P0DUB4	AAR21118_1	22.575	598	383	25	866	1411	1015	1584	3.16e-22	100
P0DUB4	A0KHZ7	32.692	104	60	2	8	104	3090	3190	3.29e-06	48.1
P0DUB4	A0KHZ7	18.947	190	119	7	581	764	3616	3776	0.17	32.7
YP_094184_1	Q5ZZ81	100.000	822	0	0	1	822	1	822	0.0	1701
YP_094184_1	YP_096515_1	24.752	101	65	3	114	206	301	398	0.91	28.5
YP_094184_1	Q887D0	31.707	41	28	0	547	587	48	88	1.7	27.3
YP_094184_1	A2S1Q9	25.714	70	51	1	42	111	361	429	2.1	26.9
YP_094184_1	Q7NVS7	23.438	64	47	1	358	421	248	309	2.4	26.9
YP_094225_1	Q5ZZ40	100.000	188	0	0	1	188	1	188	1.55e-141	387
YP_094225_1	P43154	30.864	81	40	3	122	188	5	83	1.3	25.0
YP_094225_1	Q5ZSD5	40.000	30	18	0	85	114	107	136	1.7	25.0
YP_094225_1	Q5ZUB9	50.000	22	11	0	2	23	130	151	2.1	24.6
YP_094225_1	O05387	34.211	38	25	0	125	162	168	205	3.4	23.9
YP_096173_1	Q5ZTK1	100.000	482	0	0	1	482	1	482	0.0	995
YP_096173_1	Q8VPK4	34.328	67	31	2	346	399	744	810	0.13	30.4
YP_096173_1	YP_095397_1	23.973	146	79	5	78	202	5	139	0.36	28.9
YP_096173_1	Q8XQE6	24.490	98	65	2	341	433	1357	1450	1.4	26.9
YP_096173_1	Q8XQE6	21.333	150	86	7	246	364	835	983	4.3	25.4
YP_096173_1	U6B8P7	26.923	78	45	4	301	370	366	439	2.1	26.2
YP_094300_1	Q5ZYW5	100.000	241	0	0	1	241	1	241	0.0	503
YP_094300_1	NP_820409_1	23.404	47	32	1	127	169	75	121	1.8	24.6
YP_094300_1	Q5ZSH1	28.814	59	30	2	27	75	49	105	2.2	25.0
YP_094300_1	Q5ZXN6	50.000	22	8	1	217	235	74	95	2.8	24.6
YP_094300_1	P06200	23.333	60	41	1	148	202	225	284	4.6	23.9
YP_095994_1	Q5ZU30	100.000	644	0	0	1	644	1	644	0.0	1336
YP_095994_1	C7BKP9_2	30.481	187	94	7	28	191	2162	2335	4.29e-11	61.6
YP_095994_1	B5AGT2	33.784	74	46	1	28	101	96	166	2.95e-07	49.3
YP_095994_1	B5AGT2	31.325	83	51	3	62	138	208	290	0.044	32.3
YP_095994_1	YP_095977_1	26.829	123	75	4	31	138	34	156	1.26e-05	43.5
YP_095994_1	M9ZTT7	28.205	39	28	0	28	66	93	131	0.002	37.0
YP_095994_1	M9ZTT7	48.485	33	15	1	106	138	259	289	0.26	30.0
YP_096157_1	YP_124394_1	97.315	149	4	0	1	149	1	149	1.67e-108	302
YP_096157_1	YP_001424477_2	30.000	70	46	1	63	132	391	457	0.004	32.7
YP_096157_1	YP_001424477_2	39.535	43	24	1	61	103	422	462	0.034	29.6
YP_096157_1	P26831	25.000	52	39	0	79	130	428	479	0.71	25.8
YP_096157_1	Q5ZZ76	30.189	53	34	1	123	172	1457	1509	3.2	23.9
YP_096157_1	O84648	23.377	77	44	2	49	125	102	163	3.3	23.5
YP_095992_1	Q5ZU32	100.000	286	0	0	1	286	1	286	0.0	590
YP_095992_1	NP_820212_1	27.586	145	86	6	59	192	199	335	1.84e-07	47.4
YP_095992_1	NP_820212_1	27.329	161	92	8	116	263	199	347	2.03e-07	47.4
YP_095992_1	NP_820212_1	24.171	211	89	10	58	201	257	463	5.76e-04	36.6
YP_095992_1	NP_820212_1	38.298	47	22	2	45	88	422	464	0.19	28.5
YP_095992_1	CAJ10803_1	33.333	42	28	0	165	206	41	82	0.77	25.8
YP_095992_1	Q07833	20.238	84	51	1	92	175	1454	1521	1.8	25.8
YP_095992_1	Q07833	27.273	44	31	1	205	247	1494	1537	9.3	23.5
YP_095992_1	AAR21118_1	34.043	47	23	3	5	50	1452	1491	4.5	24.3
YP_096150_1	Q5ZTM4	100.000	538	0	0	1	538	1	538	0.0	1101
YP_096150_1	YP_153570_1	29.412	51	36	0	225	275	716	766	0.46	28.5
YP_096150_1	YP_127577_1	26.027	146	80	7	48	177	81	214	0.49	28.5
YP_096150_1	CAX11132_1	24.000	75	54	2	151	225	86	157	0.77	27.7
YP_096150_1	A9ZNG6	29.787	47	32	1	192	238	227	272	1.1	26.9
YP_096160_1	YP_096161_1	49.880	417	186	6	1	409	8	409	8.42e-134	389
YP_096160_1	Q5ZSB6	27.184	103	62	5	225	323	250	343	0.17	29.6
YP_096160_1	Q7PC45	23.214	56	39	1	212	263	510	565	0.30	28.9
YP_096160_1	Q5ZWE0	34.043	47	24	1	189	228	22	68	2.1	26.2
YP_096160_1	Q48245	29.032	62	41	1	60	121	622	680	2.8	25.8
YP_095003_1	Q5ZWW5	100.000	246	0	0	1	246	1	246	0.0	507
YP_095003_1	Q5ZZC1	25.600	125	82	6	42	160	575	694	0.45	27.3
YP_095003_1	Q5ZU59	31.579	76	40	3	63	132	348	417	0.74	26.6
YP_095003_1	A1KWQ2	42.857	21	12	0	134	154	348	368	1.8	25.0
YP_095003_1	NP_819695_1	39.286	28	17	0	5	32	243	270	2.6	24.6
YP_095728_1	YP_095729_1	33.210	542	333	7	3	531	1	526	1.13e-75	246
YP_095728_1	Q5ZRX6	36.486	74	43	2	326	397	306	377	1.1	27.3
YP_095728_1	Q07833	22.222	108	68	4	79	183	49	143	1.5	26.9
YP_095728_1	ZP_05639859_1	44.444	27	15	0	469	495	678	704	1.7	26.9
YP_095728_1	Q5ZTC3	24.444	135	80	4	113	228	319	450	1.8	26.9
YP_125189_1	Q5X159	100.000	240	0	0	1	240	1	240	0.0	496
YP_125189_1	Q5ZUJ5	26.829	82	47	2	122	191	3	83	1.6	25.0
YP_125189_1	Q5ZYK7	26.126	111	63	3	12	120	10	103	1.7	25.4
YP_125189_1	Q5ZSU2	35.897	39	21	1	142	176	325	363	2.3	24.6
YP_125189_1	O33680	47.826	23	12	0	157	179	360	382	7.2	23.1
YP_095745_1	Q5ZUS4	100.000	545	0	0	1	545	1	545	0.0	1129
YP_095745_1	YP_002302734_1	33.871	62	38	3	315	375	397	456	0.077	31.2
YP_095745_1	Q5ZSR5	31.579	57	37	1	314	368	600	656	0.078	31.2
YP_095745_1	Q5ZXN6	27.407	135	79	5	295	429	563	678	0.16	30.0
YP_095745_1	Q5ZYD6	30.645	62	39	2	308	366	58	118	0.24	29.3
YP_094420_1	Q5ZYJ6	100.000	1429	0	0	1	1429	1	1429	0.0	2922
YP_094420_1	Q5ZRQ1	23.664	524	309	15	36	499	38	530	3.14e-21	96.7
YP_094420_1	Q5ZRQ1	22.857	105	80	1	956	1059	1311	1415	0.006	36.6
YP_094420_1	Q5ZRQ1	21.053	190	130	5	265	438	1298	1483	0.062	33.1
YP_094420_1	Q5ZRQ1	19.065	278	172	10	781	1016	65	331	0.15	32.0
YP_094420_1	Q5ZRQ1	20.115	174	124	5	4	162	717	890	1.6	28.5
YP_094420_1	Q5ZZ76	25.062	810	498	33	52	809	54	806	2.58e-20	93.6
YP_094420_1	Q5ZZ76	31.667	60	40	1	29	88	1262	1320	1.3	28.9
YP_094420_1	Q5ZZ76	20.736	299	210	8	889	1183	1459	1734	3.8	27.3
YP_094420_1	Q5ZZ76	25.714	70	47	1	760	829	1280	1344	7.0	26.6
YP_094420_1	Q5ZXN6	24.468	188	111	9	635	797	108	289	0.085	32.7
YP_094420_1	P56956	32.609	46	29	1	1238	1283	125	168	0.67	29.6
YP_002304025_1	NP_819463_1	99.121	455	4	0	40	494	1	455	0.0	919
YP_002304025_1	Q9HYC2	29.412	85	53	2	250	333	338	416	0.077	31.2
YP_002304025_1	NP_820990_2	24.211	95	67	2	268	359	83	175	1.5	26.2
YP_002304025_1	AAR21118_1	27.027	74	52	1	168	239	1719	1792	3.7	25.8
YP_002304025_1	Q44445	37.143	35	21	1	82	115	501	535	4.6	25.4
YP_094076_1	YP_122373_1	98.113	159	3	0	1	159	1	159	3.72e-113	313
YP_094076_1	O84107	38.235	34	21	0	17	50	383	416	0.10	28.1
YP_094076_1	Q5ZRH0	42.308	26	15	0	108	133	394	419	0.15	27.7
YP_094076_1	O84947	23.404	47	36	0	113	159	120	166	1.3	24.6
YP_094076_1	Q5ZZ03	46.667	30	15	1	14	43	198	226	1.3	25.0
YP_122575_1	YP_094224_1	99.203	251	2	0	1	251	1	251	3.38e-180	491
YP_122575_1	Q2TM57	30.233	43	30	0	68	110	263	305	0.86	26.2
YP_122575_1	Q5ZYJ6	29.787	47	33	0	9	55	69	115	5.4	23.9
YP_122575_1	YP_095982_1	40.000	25	15	0	132	156	431	455	7.9	23.1
YP_125602_1	YP_094224_1	99.203	251	2	0	1	251	1	251	0.0	493
YP_125602_1	Q2TM57	30.233	43	30	0	68	110	263	305	0.79	26.2
YP_125602_1	Q5ZYJ6	29.787	47	33	0	9	55	69	115	5.7	23.9
YP_125602_1	YP_095982_1	37.931	29	18	0	128	156	427	455	8.0	23.1
YP_001249594_1	YP_094224_1	99.203	251	2	0	1	251	1	251	3.38e-180	491
YP_001249594_1	Q2TM57	30.233	43	30	0	68	110	263	305	0.86	26.2
YP_001249594_1	Q5ZYJ6	29.787	47	33	0	9	55	69	115	5.4	23.9
YP_001249594_1	YP_095982_1	40.000	25	15	0	132	156	431	455	7.9	23.1
YP_003617437_1	YP_094224_1	99.203	251	2	0	1	251	1	251	3.38e-180	491
YP_003617437_1	Q2TM57	30.233	43	30	0	68	110	263	305	0.86	26.2
YP_003617437_1	Q5ZYJ6	29.787	47	33	0	9	55	69	115	5.4	23.9
YP_003617437_1	YP_095982_1	40.000	25	15	0	132	156	431	455	7.9	23.1
YP_094527_1	Q5ZY89	100.000	495	0	0	1	495	1	495	0.0	1025
YP_094527_1	P00587	26.087	46	34	0	293	338	11	56	2.8	25.8
YP_094527_1	A2S1Q7	38.710	31	19	0	136	166	9	39	6.4	24.6
YP_094527_1	AAW70606_1	36.111	36	21	1	243	278	160	193	7.4	24.3
YP_122885_1	Q5ZY89	98.586	495	7	0	1	495	1	495	0.0	1011
YP_122885_1	P00587	26.087	46	34	0	293	338	11	56	1.5	26.6
YP_122885_1	Q68A49	26.389	72	45	3	212	277	104	173	1.7	26.6
YP_122885_1	A2S1Q7	38.710	31	19	0	136	166	9	39	4.5	25.0
YP_122885_1	D8P4R3	29.412	34	24	0	111	144	99	132	4.9	25.0
YP_125889_1	Q5ZY89	99.596	495	2	0	1	495	1	495	0.0	1020
YP_125889_1	P00587	28.261	46	33	0	293	338	11	56	0.65	28.1
YP_125889_1	A2S1Q7	38.710	31	19	0	136	166	9	39	6.3	24.6
YP_125889_1	AAW70606_1	36.111	36	21	1	243	278	160	193	7.9	24.3
YP_125889_1	Q68A49	24.324	74	48	3	212	279	104	175	9.9	24.3
YP_001252108_1	Q5ZY89	99.394	495	3	0	1	495	1	495	0.0	1021
YP_001252108_1	P00587	26.087	46	34	0	293	338	11	56	2.6	25.8
YP_001252108_1	A2S1Q7	38.710	31	19	0	136	166	9	39	6.6	24.6
YP_001252108_1	AAW70606_1	36.111	36	21	1	243	278	160	193	7.3	24.3
YP_003617733_1	Q5ZY89	99.394	495	3	0	1	495	1	495	0.0	1021
YP_003617733_1	P00587	26.087	46	34	0	293	338	11	56	2.6	25.8
YP_003617733_1	A2S1Q7	38.710	31	19	0	136	166	9	39	6.6	24.6
YP_003617733_1	AAW70606_1	36.111	36	21	1	243	278	160	193	7.3	24.3
YP_094449_1	YP_122809_1	97.449	196	5	0	1	196	1	196	6.13e-144	394
YP_094449_1	WP_005169901_1	22.936	109	70	4	70	170	170	272	0.094	28.9
YP_094449_1	Q5ZU83	29.825	57	40	0	29	85	428	484	0.52	26.6
YP_094449_1	ABY91230_2	33.333	36	24	0	57	92	133	168	0.85	25.8
YP_094449_1	ABY91230_2	25.000	56	41	1	120	174	46	101	3.5	23.9
YP_094449_1	P0CZ00	46.429	28	14	1	163	189	771	798	0.93	25.8
YP_095607_1	Q5ZV62	100.000	149	0	0	1	149	1	149	1.14e-107	299
YP_095607_1	Q5ZUE7	25.000	52	31	1	98	141	26	77	2.3	23.5
YP_095607_1	YP_096170_1	81.818	11	2	0	127	137	1415	1425	4.3	23.1
YP_095607_1	Q5ZUJ5	21.127	71	50	2	75	144	116	181	5.8	22.7
YP_095607_1	NP_820208_1	21.311	61	45	1	66	126	353	410	7.1	22.3
YP_095688_1	YP_123950_1	97.581	372	9	0	1	372	1	372	0.0	733
YP_095688_1	Q5ZY89	31.579	38	23	1	320	354	40	77	6.3	24.3
YP_095778_1	YP_124034_1	99.010	202	2	0	14	215	1	202	2.90e-152	416
YP_095778_1	Q5ZS27	30.000	60	38	1	115	170	17	76	0.15	27.7
YP_095778_1	Q5ZW15	25.676	74	46	2	10	80	50	117	3.4	23.9
YP_095778_1	Q5ZY89	37.500	24	15	0	77	100	318	341	3.4	24.3
YP_095778_1	P23874	33.333	33	22	0	25	57	41	73	4.8	23.5
YP_095924_1	YP_124199_1	98.170	601	11	0	1	601	1	601	0.0	1219
YP_095924_1	O84232	28.000	75	49	3	365	439	12	81	0.50	28.1
YP_095924_1	NP_819125_1	32.727	55	33	1	270	320	38	92	0.80	27.7
YP_095924_1	Q9KS43_2	44.444	27	15	0	223	249	355	381	2.6	26.2
YP_095924_1	NP_819130_1	37.838	37	23	0	380	416	133	169	3.0	25.8
YP_127554_1	YP_124559_1	100.000	467	0	0	1	467	1	467	0.0	969
YP_127554_1	Q5ZYH0	38.667	75	44	1	57	129	461	535	1.40e-07	49.3
YP_127554_1	Q5ZYH0	28.358	67	46	1	25	89	462	528	0.006	34.3
YP_127554_1	YP_001424477_2	28.788	132	92	1	19	150	374	503	1.01e-06	46.6
YP_127554_1	YP_001424477_2	30.337	89	62	0	33	121	355	443	4.16e-05	41.6
YP_127554_1	YP_001424477_2	28.571	77	53	2	11	86	432	507	0.090	30.8
YP_127554_1	YP_001424477_2	23.077	78	60	0	45	122	334	411	0.25	29.3
YP_127554_1	YP_002306162_1	37.879	66	41	0	32	97	275	340	3.81e-06	44.3
YP_127554_1	YP_002306162_1	29.333	75	52	1	44	117	221	295	0.033	32.0
YP_127554_1	YP_002306162_1	35.185	54	34	1	34	86	73	126	2.6	25.8
YP_127554_1	AAW71035_1	42.222	45	26	0	58	102	368	412	0.006	34.7
YP_127554_1	AAW71035_1	33.708	89	51	3	25	110	517	600	0.007	34.3
YP_127554_1	AAW71035_1	61.538	13	5	0	58	70	725	737	5.7	25.0
YP_001251044_1	YP_124559_1	100.000	467	0	0	1	467	1	467	0.0	969
YP_001251044_1	Q5ZYH0	38.667	75	44	1	57	129	461	535	1.40e-07	49.3
YP_001251044_1	Q5ZYH0	28.358	67	46	1	25	89	462	528	0.006	34.3
YP_001251044_1	YP_001424477_2	28.788	132	92	1	19	150	374	503	1.01e-06	46.6
YP_001251044_1	YP_001424477_2	30.337	89	62	0	33	121	355	443	4.16e-05	41.6
YP_001251044_1	YP_001424477_2	28.571	77	53	2	11	86	432	507	0.090	30.8
YP_001251044_1	YP_001424477_2	23.077	78	60	0	45	122	334	411	0.25	29.3
YP_001251044_1	YP_002306162_1	37.879	66	41	0	32	97	275	340	3.81e-06	44.3
YP_001251044_1	YP_002306162_1	29.333	75	52	1	44	117	221	295	0.033	32.0
YP_001251044_1	YP_002306162_1	35.185	54	34	1	34	86	73	126	2.6	25.8
YP_001251044_1	AAW71035_1	42.222	45	26	0	58	102	368	412	0.006	34.7
YP_001251044_1	AAW71035_1	33.708	89	51	3	25	110	517	600	0.007	34.3
YP_001251044_1	AAW71035_1	61.538	13	5	0	58	70	725	737	5.7	25.0
YP_003619588_1	YP_124559_1	100.000	467	0	0	1	467	1	467	0.0	969
YP_003619588_1	Q5ZYH0	38.667	75	44	1	57	129	461	535	1.40e-07	49.3
YP_003619588_1	Q5ZYH0	28.358	67	46	1	25	89	462	528	0.006	34.3
YP_003619588_1	YP_001424477_2	28.788	132	92	1	19	150	374	503	1.01e-06	46.6
YP_003619588_1	YP_001424477_2	30.337	89	62	0	33	121	355	443	4.16e-05	41.6
YP_003619588_1	YP_001424477_2	28.571	77	53	2	11	86	432	507	0.090	30.8
YP_003619588_1	YP_001424477_2	23.077	78	60	0	45	122	334	411	0.25	29.3
YP_003619588_1	YP_002306162_1	37.879	66	41	0	32	97	275	340	3.81e-06	44.3
YP_003619588_1	YP_002306162_1	29.333	75	52	1	44	117	221	295	0.033	32.0
YP_003619588_1	YP_002306162_1	35.185	54	34	1	34	86	73	126	2.6	25.8
YP_003619588_1	AAW71035_1	42.222	45	26	0	58	102	368	412	0.006	34.7
YP_003619588_1	AAW71035_1	33.708	89	51	3	25	110	517	600	0.007	34.3
YP_003619588_1	AAW71035_1	61.538	13	5	0	58	70	725	737	5.7	25.0
YP_096309_1	YP_124559_1	100.000	467	0	0	1	467	1	467	0.0	969
YP_096309_1	Q5ZYH0	38.667	75	44	1	57	129	461	535	1.40e-07	49.3
YP_096309_1	Q5ZYH0	28.358	67	46	1	25	89	462	528	0.006	34.3
YP_096309_1	YP_001424477_2	28.788	132	92	1	19	150	374	503	1.01e-06	46.6
YP_096309_1	YP_001424477_2	30.337	89	62	0	33	121	355	443	4.16e-05	41.6
YP_096309_1	YP_001424477_2	28.571	77	53	2	11	86	432	507	0.090	30.8
YP_096309_1	YP_001424477_2	23.077	78	60	0	45	122	334	411	0.25	29.3
YP_096309_1	YP_002306162_1	37.879	66	41	0	32	97	275	340	3.81e-06	44.3
YP_096309_1	YP_002306162_1	29.333	75	52	1	44	117	221	295	0.033	32.0
YP_096309_1	YP_002306162_1	35.185	54	34	1	34	86	73	126	2.6	25.8
YP_096309_1	AAW71035_1	42.222	45	26	0	58	102	368	412	0.006	34.7
YP_096309_1	AAW71035_1	33.708	89	51	3	25	110	517	600	0.007	34.3
YP_096309_1	AAW71035_1	61.538	13	5	0	58	70	725	737	5.7	25.0
YP_124581_1	YP_127577_1	98.908	641	7	0	1	641	1	641	0.0	1315
YP_124581_1	AAW70876_1	32.000	50	34	0	387	436	13	62	0.19	27.7
YP_124581_1	YP_001424477_2	30.952	42	29	0	398	439	452	493	0.24	29.6
YP_124581_1	YP_001424477_2	28.846	52	37	0	398	449	419	470	2.8	26.2
YP_124581_1	YP_001424477_2	29.268	41	29	0	401	441	356	396	6.6	25.0
YP_124581_1	YP_505319_1	35.714	42	27	0	398	439	827	868	0.24	30.0
YP_124581_1	Q5ZYH0	34.146	41	27	0	397	437	502	542	0.42	28.9
YP_124581_1	Q5ZYH0	29.268	41	29	0	401	441	473	513	9.2	24.6
YP_001251068_1	YP_127577_1	98.128	641	12	0	1	641	1	641	0.0	1307
YP_001251068_1	YP_505319_1	35.714	42	27	0	398	439	827	868	0.17	30.4
YP_001251068_1	YP_505319_1	29.231	65	45	1	397	460	143	207	3.4	26.2
YP_001251068_1	YP_505319_1	32.692	52	28	1	390	434	201	252	7.9	25.0
YP_001251068_1	AAW70876_1	32.000	50	34	0	387	436	13	62	0.24	27.7
YP_001251068_1	Q5ZYH0	34.146	41	27	0	397	437	502	542	0.33	29.3
YP_001251068_1	Q5ZYH0	29.268	41	29	0	401	441	473	513	8.7	24.6
YP_001251068_1	YP_001424477_2	26.316	76	43	1	398	473	452	514	0.45	28.9
YP_001251068_1	YP_001424477_2	28.846	52	37	0	398	449	419	470	4.8	25.4
YP_096331_1	YP_127577_1	99.532	641	3	0	1	641	1	641	0.0	1325
YP_096331_1	YP_001424477_2	30.952	42	29	0	398	439	452	493	0.23	30.0
YP_096331_1	YP_001424477_2	28.846	52	37	0	398	449	419	470	2.6	26.6
YP_096331_1	YP_001424477_2	29.268	41	29	0	401	441	356	396	6.8	25.0
YP_096331_1	YP_505319_1	35.714	42	27	0	398	439	827	868	0.24	30.0
YP_096331_1	YP_505319_1	32.203	59	29	2	398	448	178	233	9.2	24.6
YP_096331_1	AAW70876_1	32.500	40	27	0	397	436	23	62	0.34	27.3
YP_096331_1	Q5ZYH0	33.898	59	34	1	384	437	484	542	0.41	28.9
YP_096331_1	Q5ZYH0	29.268	41	29	0	401	441	473	513	9.3	24.6
YP_003619612_1	YP_127577_1	98.128	641	12	0	1	641	1	641	0.0	1307
YP_003619612_1	YP_505319_1	35.714	42	27	0	398	439	827	868	0.17	30.4
YP_003619612_1	YP_505319_1	29.231	65	45	1	397	460	143	207	3.4	26.2
YP_003619612_1	YP_505319_1	32.692	52	28	1	390	434	201	252	7.9	25.0
YP_003619612_1	AAW70876_1	32.000	50	34	0	387	436	13	62	0.24	27.7
YP_003619612_1	Q5ZYH0	34.146	41	27	0	397	437	502	542	0.33	29.3
YP_003619612_1	Q5ZYH0	29.268	41	29	0	401	441	473	513	8.7	24.6
YP_003619612_1	YP_001424477_2	26.316	76	43	1	398	473	452	514	0.45	28.9
YP_003619612_1	YP_001424477_2	28.846	52	37	0	398	449	419	470	4.8	25.4
YP_127608_1	Q5ZT14	97.880	283	6	0	1	283	24	306	0.0	570
YP_127608_1	Q5ZUV0	31.884	69	38	2	174	242	96	155	0.037	30.8
YP_127608_1	ACJ20041_1	36.957	46	21	2	1	46	363	400	0.80	26.6
YP_127608_1	Q5ZSJ1	31.818	44	28	1	43	86	237	278	2.1	25.4
YP_127608_1	ABS76964_2	35.897	39	22	1	167	205	77	112	2.7	25.0
YP_124611_1	Q5ZT14	96.113	283	11	0	1	283	24	306	0.0	557
YP_124611_1	Q5ZUV0	30.667	75	43	2	168	242	90	155	0.12	29.3
YP_124611_1	ACJ20041_1	36.957	46	21	2	1	46	363	400	0.82	26.6
YP_124611_1	ABS76964_2	35.897	39	22	1	167	205	77	112	1.6	25.8
YP_124611_1	Q5ZSJ1	31.818	44	28	1	43	86	237	278	2.2	25.0
YP_096360_1	Q5ZT14	100.000	306	0	0	1	306	1	306	0.0	630
YP_096360_1	Q5ZUV0	31.884	69	38	2	197	265	96	155	0.059	30.4
YP_096360_1	ACJ20041_1	36.957	46	21	2	24	69	363	400	0.98	26.6
YP_096360_1	Q5ZSJ1	31.818	44	28	1	66	109	237	278	1.9	25.4
YP_096360_1	ABS76964_2	35.897	39	22	1	190	228	77	112	3.5	24.6
YP_003619644_1	Q5ZT14	96.466	283	10	0	1	283	24	306	0.0	562
YP_003619644_1	Q5ZUV0	29.070	86	49	3	160	242	79	155	0.097	29.6
YP_003619644_1	CAH13571_1	27.692	65	44	3	117	181	116	177	0.57	26.9
YP_003619644_1	ACJ20041_1	36.957	46	21	2	1	46	363	400	0.82	26.6
YP_003619644_1	ABS76964_2	35.897	39	22	1	167	205	77	112	1.3	26.2
YP_001251099_1	Q5ZT14	98.233	283	5	0	1	283	24	306	0.0	571
YP_001251099_1	Q5ZUV0	29.070	86	49	3	160	242	79	155	0.10	29.3
YP_001251099_1	ACJ20041_1	36.957	46	21	2	1	46	363	400	0.75	26.9
YP_001251099_1	ABS76964_2	35.897	39	22	1	167	205	77	112	1.5	25.8
YP_001251099_1	Q5ZSJ1	31.818	44	28	1	43	86	237	278	2.0	25.4
YP_096368_1	YP_124619_1	98.639	147	2	0	1	147	1	147	2.11e-102	285
YP_096368_1	AAR21118_1	30.909	55	31	1	35	89	577	624	0.052	28.9
YP_096368_1	AAW70866_1	31.373	51	35	0	94	144	66	116	0.10	27.7
YP_096368_1	Q5ZR83	41.667	36	19	1	1	36	293	326	0.69	25.4
YP_096368_1	Q5ZWE0	24.051	79	59	1	52	130	539	616	3.2	23.5
YP_096593_1	YP_124946_1	96.883	385	12	0	1	385	1	385	0.0	784
YP_096593_1	Q5ZSV9	28.788	66	43	1	288	349	26	91	0.16	27.7
YP_096593_1	NP_819338_1	35.294	51	31	1	86	134	349	399	0.45	28.1
YP_096593_1	C8BNX0	31.373	51	34	1	104	153	448	498	0.72	27.3
YP_096593_1	AAR21118_1	50.000	22	11	0	35	56	1617	1638	0.97	26.9
YP_003619931_1	YP_124946_1	99.481	385	2	0	1	385	1	385	0.0	806
YP_003619931_1	NP_819338_1	35.294	51	31	1	86	134	349	399	0.44	28.1
YP_003619931_1	YP_127577_1	32.653	49	33	0	223	271	239	287	0.50	27.7
YP_003619931_1	AAR21118_1	50.000	22	11	0	35	56	1617	1638	0.91	27.3
YP_003619931_1	Q5ZSB6	38.462	39	24	0	56	94	319	357	1.4	26.6
YP_001249887_1	YP_124946_1	99.481	385	2	0	1	385	1	385	0.0	806
YP_001249887_1	NP_819338_1	35.294	51	31	1	86	134	349	399	0.44	28.1
YP_001249887_1	YP_127577_1	32.653	49	33	0	223	271	239	287	0.50	27.7
YP_001249887_1	AAR21118_1	50.000	22	11	0	35	56	1617	1638	0.91	27.3
YP_001249887_1	Q5ZSB6	38.462	39	24	0	56	94	319	357	1.4	26.6
YP_127840_1	YP_124946_1	94.286	385	22	0	1	385	1	385	0.0	769
YP_127840_1	NP_819338_1	35.294	51	31	1	86	134	349	399	0.28	28.5
YP_127840_1	Q5ZSV9	27.273	66	44	1	288	349	26	91	0.50	26.6
YP_127840_1	C8BNX0	31.373	51	34	1	104	153	448	498	0.56	27.7
YP_127840_1	AAR21118_1	50.000	22	11	0	35	56	1617	1638	0.88	27.3
YP_127843_1	YP_124949_1	98.204	167	3	0	1	167	1	167	1.77e-122	338
YP_127843_1	AAW71035_1	30.488	82	39	3	61	134	842	913	0.10	28.5
YP_127843_1	NP_819024_1	41.026	39	18	2	73	106	278	316	0.93	25.4
YP_127843_1	NP_820705_1	28.261	46	24	2	93	129	45	90	3.0	23.9
YP_127843_1	ACJ20814_1	48.000	25	8	1	142	161	363	387	4.1	23.5
YP_003619936_1	YP_124949_1	98.802	167	2	0	1	167	1	167	1.33e-122	338
YP_003619936_1	AAW71035_1	29.268	82	44	3	61	134	842	917	0.17	27.7
YP_003619936_1	NP_819024_1	31.884	69	35	3	73	135	278	340	0.66	25.8
YP_003619936_1	B7UI21	29.268	41	29	0	107	147	148	188	3.3	23.5
YP_003619936_1	ACJ20814_1	48.000	25	8	1	142	161	363	387	3.7	23.5
YP_001249882_1	YP_124949_1	98.802	167	2	0	1	167	1	167	1.33e-122	338
YP_001249882_1	AAW71035_1	29.268	82	44	3	61	134	842	917	0.17	27.7
YP_001249882_1	NP_819024_1	31.884	69	35	3	73	135	278	340	0.66	25.8
YP_001249882_1	B7UI21	29.268	41	29	0	107	147	148	188	3.3	23.5
YP_001249882_1	ACJ20814_1	48.000	25	8	1	142	161	363	387	3.7	23.5
YP_096810_1	YP_003620158_1	95.909	660	27	0	24	683	1	660	0.0	1314
YP_096810_1	P0DPS5	25.503	149	79	7	49	169	39	183	0.30	29.3
YP_096810_1	Q4KC90	38.000	50	22	3	562	602	67	116	2.2	26.2
YP_096810_1	Q88BF6	34.783	46	24	3	257	297	3	47	7.4	25.0
YP_096810_1	NP_820513_1	32.075	53	31	1	596	648	337	384	8.1	25.0
YP_125171_1	YP_003620158_1	99.242	660	5	0	1	660	1	660	0.0	1355
YP_125171_1	Q5ZRS6	25.397	63	44	2	213	275	297	356	3.2	26.2
YP_125171_1	Q5ZSG5	21.233	146	82	6	229	344	218	360	5.3	25.4
YP_128058_1	YP_003620158_1	97.727	660	15	0	24	683	1	660	0.0	1339
YP_128058_1	J7QLC0	24.176	182	115	7	164	332	1116	1287	4.6	25.8
YP_128058_1	P0DKX7	24.176	182	115	7	164	332	1116	1287	4.6	25.8
YP_128058_1	NP_820513_1	32.075	53	31	1	596	648	337	384	4.8	25.8
YP_128058_1	Q5ZRS6	23.810	63	45	2	236	298	297	356	5.2	25.4
YP_001252334_1	YP_003620158_1	99.848	660	1	0	1	660	1	660	0.0	1360
YP_001252334_1	Q5ZRS6	25.397	63	44	2	213	275	297	356	3.1	26.2
YP_001252334_1	J7QLC0	24.176	182	115	7	141	309	1116	1287	4.9	25.8
YP_001252334_1	P0DKX7	24.176	182	115	7	141	309	1116	1287	4.9	25.8
YP_001252334_1	Q5ZSG5	21.233	146	82	6	229	344	218	360	6.2	25.4
YP_096827_1	YP_125191_1	99.267	546	4	0	1	546	1	546	0.0	1118
YP_096827_1	NP_820078_1	20.290	138	88	4	5	140	45	162	0.57	27.7
YP_096827_1	Q5ZSB6	24.545	110	71	4	203	302	4	111	2.7	26.2
YP_096827_1	A0A0H3AIG7	31.148	61	39	2	325	382	227	287	3.9	25.8
YP_096827_1	Q44061	37.500	40	24	1	197	235	134	173	4.1	25.4
YP_096882_1	YP_125249_1	97.017	637	19	0	1	637	1	637	0.0	1269
YP_096882_1	CAH11303_1	31.250	272	151	10	213	480	189	428	2.63e-23	99.0
YP_096882_1	Q5ZR83	26.519	181	110	6	252	426	336	499	3.31e-04	38.9
YP_096882_1	AAW71035_1	37.500	48	27	2	392	439	970	1014	0.003	36.2
YP_096882_1	Q5ZRS4	28.814	118	66	4	320	430	198	304	0.13	30.4
YP_096882_1	Q5ZRS4	40.000	40	19	2	304	339	217	255	8.0	24.6
YP_096929_1	YP_125306_1	96.721	244	8	0	1	244	1	244	7.69e-179	486
YP_096929_1	Q5ZZ81	26.786	56	35	1	155	204	28	83	1.4	25.8
YP_096929_1	Q8XQE6	23.944	71	41	2	85	142	907	977	2.1	25.0
YP_096929_1	Q8XQE6	50.000	16	8	0	7	22	1272	1287	3.2	24.6
YP_096929_1	A0A0H3AIG7	40.000	35	14	2	181	208	362	396	4.8	23.9
YP_096929_1	Q5ZSL3	31.429	35	24	0	164	198	430	464	5.5	23.9
YP_096967_1	YP_125349_1	99.082	871	8	0	1	871	1	871	0.0	1798
YP_096967_1	Q2G1X0	50.000	24	12	0	36	59	57	80	2.3	26.9
YP_096967_1	Q5ZWW7	24.468	94	52	3	557	649	43	118	2.7	26.2
YP_096967_1	NP_820667_1	31.034	58	39	1	486	542	343	400	2.9	26.6
YP_096967_1	YP_127577_1	27.059	85	51	2	187	271	229	302	5.8	25.8
ABQ56059_1	CAH13571_1	100.000	310	0	0	1	310	1	310	0.0	639
ABQ56059_1	Q5ZZ20	31.522	92	54	3	214	305	232	314	1.12e-05	41.6
ABQ56059_1	P08083	25.263	95	63	3	70	160	164	254	0.16	28.9
ABQ56059_1	Q5ZT14	40.000	20	12	0	148	167	174	193	3.6	24.6
ABQ56059_1	NP_819115_1	23.387	124	88	4	154	276	384	501	3.8	24.6
ABS76507_1	NP_820647_1	99.136	579	5	0	1	579	1	579	0.0	1194
ABS76507_1	ACJ17619_1	32.353	68	38	3	413	477	476	538	0.14	30.4
ABS76507_1	YP_095153_1	30.986	71	37	2	26	96	279	337	1.2	27.3
ABS76507_1	Q5ZUJ5	22.642	106	71	3	305	402	89	191	7.2	24.6
ABS76507_1	Q5ZWE0	23.232	99	51	4	279	367	13	96	8.2	24.6
ABS77015_1	ACJ18555_1	98.718	156	2	0	1	156	1	156	1.54e-115	319
ABS77015_1	Q888Y1	27.586	87	58	2	64	145	1384	1470	0.15	27.7
ABS77015_1	Q87W65	34.615	52	33	1	54	105	204	254	0.30	26.6
ABS77015_1	Q5ZRQ1	29.091	55	39	0	1	55	545	599	0.53	26.2
ABS77015_1	ABD45145_1	42.424	33	17	1	15	45	54	86	1.0	25.0
ABS77048_1	ACJ21157_1	97.468	395	10	0	1	395	1	395	0.0	795
ABS77048_1	YP_124946_1	26.400	125	56	4	265	376	153	254	0.21	28.9
ABS77048_1	Q5ZSD5	30.000	50	30	1	15	59	48	97	0.78	27.3
ABS77048_1	Q5ZWD1	30.986	71	42	4	228	294	291	358	1.9	25.8
ABS77048_1	P05516	30.000	40	22	1	33	66	181	220	3.3	25.0
ABS77064_1	NP_819163_1	98.571	70	1	0	1	70	1	70	1.32e-47	141
ABS77064_1	NP_819338_1	33.333	42	25	1	14	52	428	469	1.5	22.3
ABS77064_1	Q46210	41.667	24	14	0	9	32	244	267	2.2	21.9
ABS77064_1	YP_096336_1	36.842	19	12	0	29	47	243	261	2.3	21.9
ABS77064_1	O84226	44.118	34	18	1	5	37	120	153	2.3	21.9
ABS77082_1	ACJ20770_1	99.209	253	2	0	1	253	1	253	0.0	523
ABS77082_1	O84616	31.111	90	54	2	52	141	35	116	4.01e-06	42.4
ABS77082_1	Q7PC42	31.818	44	27	1	16	56	213	256	1.00	26.2
ABS77082_1	O84855	27.451	51	34	1	17	64	17	67	2.6	24.3
ABS77082_1	Q5ZRQ1	36.000	50	25	2	83	125	1711	1760	4.1	24.3
ABS77168_1	ACJ19310_1	99.048	105	1	0	1	105	1	105	4.96e-77	218
ABS77168_1	P17452	32.653	49	29	2	50	98	724	768	0.20	26.2
ABS77168_1	D4HWL8	24.706	85	59	3	8	88	184	267	0.87	24.3
ABS77168_1	YP_153927_1	30.435	69	45	2	2	67	1118	1186	1.8	23.5
ABS77168_1	P0CZ00	55.556	18	8	0	83	100	413	430	2.2	23.1
ABS77361_1	NP_820621_1	99.497	398	2	0	1	398	1	398	0.0	811
ABS77361_1	ZP_03075317_1	28.462	130	75	6	144	269	21	136	0.017	31.2
ABS77361_1	D5CBA0	29.825	57	35	2	276	331	1539	1591	0.91	27.3
ABS77361_1	YP_095982_1	32.500	40	27	0	40	79	74	113	1.4	26.6
ABS77361_1	Q9I739	36.842	38	20	1	292	325	86	123	2.2	25.8
ABS77646_1	ACJ17987_1	98.039	153	3	0	1	153	1	153	1.95e-109	303
ABS77646_1	Q5ZWH9	28.571	70	42	2	18	80	222	290	0.54	25.8
ABS77646_1	O05387	28.125	32	23	0	82	113	206	237	2.7	23.5
ABS77646_1	NP_819338_1	33.333	30	20	0	62	91	386	415	3.5	23.5
ABS77646_1	P0A1K5	38.095	21	13	0	93	113	248	268	8.8	21.9
ABS77665_1	YP_124619_1	46.575	146	78	0	4	149	2	147	2.69e-44	138
ABS77665_1	B8X8Z0	38.095	21	13	0	126	146	139	159	1.5	24.3
ABS77665_1	P15917	58.824	17	7	0	81	97	259	275	1.8	24.3
ABS77665_1	Q5ZV52	27.869	61	43	1	14	74	58	117	3.3	23.5
ABS77665_1	NP_820063_1	31.429	35	24	0	54	88	270	304	3.9	23.1
ABS77689_1	ACJ19682_1	98.473	131	2	0	1	131	1	131	1.07e-96	270
ABS77689_1	YP_001424477_2	35.211	71	45	1	35	105	391	460	5.61e-06	40.0
ABS77689_1	YP_001424477_2	31.169	77	48	2	43	117	333	406	0.017	30.0
ABS77689_1	YP_002306162_1	35.294	68	43	1	50	117	228	294	1.21e-04	36.2
ABS77689_1	YP_002306162_1	35.556	45	24	1	69	108	145	189	0.021	29.6
ABS77689_1	YP_002306162_1	28.155	103	64	4	32	131	43	138	0.047	28.5
ABS77689_1	YP_002306162_1	34.694	49	31	1	47	95	291	338	0.097	27.7
ABS77689_1	YP_002306162_1	35.897	39	25	0	79	117	289	327	0.62	25.0
ABS77689_1	Q5ZYH0	28.125	64	45	1	38	101	478	540	0.001	33.1
ABS77689_1	Q5ZYH0	26.415	53	39	0	65	117	471	523	0.094	27.7
ABS77689_1	Q5ZSR5	29.730	74	51	1	23	96	581	653	0.006	31.2
ABS77711_1	NP_820988_1	99.178	365	3	0	1	365	1	365	0.0	752
ABS77711_1	YP_096169_1	27.692	130	73	5	172	283	257	383	0.078	30.4
ABS77711_1	Q5QSZ9	36.207	58	34	2	295	350	455	511	0.50	27.7
ABS77711_1	ABS78482_1	34.615	26	17	0	274	299	59	84	3.6	24.3
ABS77711_1	D5CBA0	31.034	58	32	2	132	181	1458	1515	7.9	24.3
ABS77982_1	ACJ18792_1	98.953	382	4	0	1	382	1	382	0.0	783
ABS77982_1	A0KHZ7	34.615	26	17	0	196	221	2870	2895	4.3	25.0
ABS77982_1	B6A881	30.435	46	27	2	252	295	349	391	6.5	24.3
ABS78030_1	NP_819695_1	99.390	328	2	0	32	359	1	328	0.0	672
ABS78030_1	Q5ZWH7	29.787	47	29	1	101	147	40	82	0.10	29.6
ABS78030_1	Q7PC42	27.778	72	38	2	266	336	1746	1804	0.23	28.9
ABS78030_1	Q7PC42	40.625	32	18	1	118	148	1487	1518	1.2	26.6
ABS78030_1	Q5ZWY8	26.316	57	34	1	208	264	16	64	2.1	25.4
ABS78030_1	YP_002302734_1	27.660	47	29	1	112	153	514	560	3.2	25.0
ABS78079_1	NP_820559_1	99.881	839	1	0	1	839	1	839	0.0	1723
ABS78079_1	ACJ17864_1	98.976	293	3	0	1	293	1	293	0.0	582
ABS78079_1	YP_095153_1	34.545	55	35	1	629	682	534	588	2.3	26.9
ABS78079_1	F3HH80	28.125	32	23	0	18	49	23	54	2.8	25.4
ABS78079_1	Q5ZU61	27.848	79	52	2	448	522	23	100	8.5	25.0
ABS78319_1	NP_820078_1	99.495	198	1	0	1	198	1	198	5.50e-149	407
ABS78319_1	YP_125191_1	25.581	43	32	0	61	103	35	77	0.65	26.2
ABS78319_1	AAL52397_1	28.571	63	41	2	34	93	50	111	1.3	25.0
ABS78319_1	CAJ10712_1	28.571	63	41	2	34	93	149	210	1.7	24.6
ABS78319_1	P56956	26.829	41	29	1	12	51	995	1035	4.4	23.9
ABS78322_1	ABS78560_1	88.318	214	23	2	1	213	1	213	2.36e-137	383
ABS78322_1	O84648	24.490	49	36	1	79	127	73	120	0.63	26.6
ABS78322_1	Q3C000	29.167	48	28	1	108	149	214	261	2.3	25.0
ABS78322_1	D5CBA0	30.189	53	36	1	35	86	1269	1321	2.5	25.0
ABS78322_1	Q5ZSV9	35.135	37	24	0	17	53	17	53	3.2	23.5
ABS78369_1	NP_819412_1	99.559	454	2	0	1	454	1	454	0.0	920
ABS78369_1	NP_821048_1	28.244	131	77	5	225	342	85	211	0.004	34.7
ABS78369_1	Q5ZZ16	32.653	49	30	2	299	346	241	287	0.33	28.5
ABS78369_1	Q9HU94	38.095	42	19	1	42	83	660	694	0.38	28.5
ABS78369_1	P38580	22.857	35	27	0	244	278	4	38	2.7	23.9
ABS78479_1	NP_820659_1	98.611	144	2	0	1	144	1	144	2.54e-100	280
ABS78479_1	Q8X782	21.569	102	67	1	2	103	262	350	0.20	26.9
ABS78479_1	Q5ZRS6	43.750	48	20	3	57	97	367	414	0.24	26.6
ABS78479_1	Q87W46	39.286	28	15	1	114	139	274	301	0.44	25.8
ABS78479_1	NP_821048_1	30.769	52	36	0	3	54	289	340	0.48	25.8
ABS76760_2	ACJ19516_1	99.630	270	1	0	1	270	1	270	0.0	553
ABS76760_2	C8BNX0	33.333	54	33	2	57	110	355	405	0.18	28.5
ABS76760_2	N1LIK5	39.286	28	16	1	243	270	13	39	0.63	26.9
ABS76760_2	Q5ZZD0	22.105	95	71	1	19	113	94	185	4.0	24.3
ABS76760_2	Q5ZVN2	25.000	44	33	0	23	66	273	316	4.7	23.9
ABS78074_2	ACJ20005_1	98.711	388	5	0	1	388	1	388	0.0	787
ABS78074_2	NP_820658_1	30.000	240	130	11	114	345	106	315	5.20e-16	74.3
ABS78074_2	P46855	31.250	48	31	1	224	269	23	70	0.33	28.5
ABS78074_2	YP_001910294_1	27.273	44	32	0	150	193	558	601	0.81	27.3
ABS78074_2	Q07061	31.429	35	24	0	107	141	284	318	2.2	25.8
ABS78074_2	Q07061	37.037	27	17	0	115	141	326	352	3.3	25.4
ABS77804_2	ACJ20265_1	99.438	178	1	0	1	178	1	178	1.27e-130	359
ABS77804_2	Q9Z7Y1	58.333	12	5	0	113	124	334	345	0.81	25.8
ABS76689_2	ACJ19818_1	99.618	262	1	0	1	262	1	262	0.0	539
ABS76689_2	M3B575	27.273	55	39	1	36	89	331	385	0.63	26.9
ABS76689_2	Q5ZU43	37.500	40	23	1	196	235	101	138	1.1	26.2
ABS76689_2	B6A878	29.787	47	29	1	30	72	1268	1314	2.3	25.0
ABS76689_2	Q4UNB2	33.333	30	20	0	168	197	58	87	8.2	22.7
ABS77435_2	ACJ19689_1	99.282	418	3	0	1	418	1	418	0.0	845
ABS77435_2	ACJ20041_1	30.303	66	40	4	231	293	616	678	0.63	27.7
ABS77435_2	Q5ZTD9	45.833	24	13	0	205	228	279	302	0.77	27.3
ABS77435_2	U1IBD2	33.333	57	29	3	48	95	620	676	1.5	26.6
ABS77435_2	YP_096169_1	26.230	122	74	4	258	372	1295	1407	3.2	25.4
ABS78002_2	NP_820990_2	98.990	198	2	0	1	198	1	198	7.79e-144	394
ABS78002_2	Q5ZYI2	24.468	94	60	3	51	135	10	101	0.17	27.7
ABS78002_2	Q68A49	31.818	44	28	1	121	162	129	172	0.66	26.2
ABS78002_2	NP_819463_1	24.211	95	67	2	83	175	229	320	0.91	25.8
ABS78002_2	F0V195	34.694	49	30	1	75	121	645	693	1.3	25.4
ACJ17586_1	ABS78441_1	100.000	198	0	0	1	198	1	198	1.39e-149	409
ACJ17586_1	Q5ZSG5	30.612	49	32	1	38	86	298	344	1.0	25.4
ACJ17586_1	B6A881	21.429	70	50	1	100	164	787	856	1.7	25.0
ACJ17586_1	Q5ZZ76	28.571	42	28	1	57	98	141	180	9.5	22.7
ACJ17618_1	ABS76498_1	99.306	288	2	0	1	288	1	288	0.0	588
ACJ17618_1	O05442	17.143	70	51	1	113	182	38	100	2.6	25.0
ACJ17618_1	Q5ZSZ6	25.287	87	47	4	82	159	51	128	4.2	24.3
ACJ17618_1	D1MWR4	34.615	52	25	2	10	60	257	300	4.8	23.9
ACJ17618_1	B6A881	37.500	32	18	1	189	220	479	508	7.8	23.5
ACJ17771_1	NP_820667_1	98.943	473	5	0	1	473	1	473	0.0	934
ACJ17771_1	YP_125349_1	31.034	58	39	1	343	400	486	542	1.5	26.9
ACJ17771_1	E6Z0R3	28.235	85	48	3	297	375	40	117	2.4	25.8
ACJ17771_1	P23874	34.483	29	19	0	337	365	382	410	3.0	25.8
ACJ17771_1	J7QLC0	34.483	29	19	0	417	445	1518	1546	3.9	25.4
ACJ17778_1	NP_820659_1	100.000	144	0	0	1	144	1	144	1.67e-102	285
ACJ17778_1	Q8X782	22.549	102	66	1	2	103	262	350	0.036	29.3
ACJ17778_1	Q5ZRS6	43.750	48	20	3	57	97	367	414	0.30	26.6
ACJ17778_1	Q5ZRS6	33.871	62	24	3	78	139	361	405	9.3	21.9
ACJ17778_1	Q87W46	33.333	33	20	1	109	139	269	301	0.44	25.8
ACJ17778_1	NP_821048_1	30.769	52	36	0	3	54	289	340	0.49	25.8
ACJ17838_1	ABS78482_1	96.667	120	4	0	1	120	1	120	3.75e-85	240
ACJ17838_1	Q4UNB2	26.087	46	34	0	75	120	10	55	0.53	25.0
ACJ17838_1	Q5ZZC1	31.579	38	26	0	59	96	287	324	1.0	24.6
ACJ17838_1	Q5ZYT6	30.952	42	29	0	86	127	1033	1074	1.1	24.6
ACJ17838_1	NP_820988_1	34.615	26	17	0	59	84	274	299	1.1	24.3
ACJ17863_1	ACJ20932_1	100.000	39	0	0	1	39	1	39	4.31e-24	79.7
ACJ17863_1	Q5ZUV0	50.000	14	7	0	2	15	170	183	6.1	19.2
ACJ17863_1	Q5ZYD6	44.444	18	10	0	3	20	200	217	8.3	18.9
ACJ17873_1	ABS77055_1	100.000	244	0	0	1	244	1	244	0.0	501
ACJ17873_1	P56957	27.273	99	63	3	31	128	11	101	0.33	27.7
ACJ17873_1	P33546	24.286	70	50	2	72	138	116	185	2.0	25.0
ACJ17873_1	D4I1J6	33.333	48	31	1	66	113	92	138	2.3	24.6
ACJ17873_1	B7UI21	66.667	12	4	0	90	101	234	245	2.6	24.6
ACJ18203_1	ACJ20265_1	99.438	178	1	0	1	178	1	178	1.27e-130	359
ACJ18203_1	Q9Z7Y1	58.333	12	5	0	113	124	334	345	0.81	25.8
ACJ18241_1	ABS78513_1	99.087	219	2	0	1	219	1	219	9.57e-162	442
ACJ18241_1	YP_124559_1	26.415	53	39	0	138	190	3	55	2.1	25.0
ACJ18241_1	Q5QA92	31.250	64	37	2	2	58	463	526	3.6	24.3
ACJ18241_1	Q5ZSH9	29.730	74	39	3	153	213	22	95	4.6	23.9
ACJ18241_1	Q5ZUL7	43.750	16	9	0	51	66	104	119	5.0	23.1
ACJ18298_1	NP_820078_1	100.000	198	0	0	1	198	1	198	3.66e-150	410
ACJ18298_1	YP_125191_1	23.288	73	42	1	45	103	5	77	0.22	27.7
ACJ18298_1	AAL52397_1	28.571	63	41	2	34	93	50	111	2.4	23.9
ACJ18298_1	CAJ10712_1	28.571	63	41	2	34	93	149	210	3.0	23.9
ACJ18298_1	P56956	26.829	41	29	1	12	51	995	1035	4.4	23.9
ACJ18454_1	ACJ20005_1	97.680	388	7	1	1	386	1	388	0.0	775
ACJ18454_1	NP_820658_1	30.000	240	130	11	114	345	106	315	2.38e-16	75.1
ACJ18454_1	P46855	35.000	40	24	1	224	261	23	62	0.40	28.1
ACJ18454_1	YP_001910294_1	27.907	43	31	0	150	192	558	600	0.88	27.3
ACJ18454_1	Q5ZU39	25.000	48	31	1	125	167	421	468	2.4	25.8
ACJ18649_1	NP_819695_1	99.324	296	2	0	32	327	1	296	0.0	607
ACJ18649_1	Q5ZWH7	28.788	66	42	2	83	147	21	82	0.092	29.6
ACJ18649_1	Q7PC42	40.625	32	18	1	118	148	1487	1518	0.93	26.9
ACJ18649_1	Q5ZWY8	27.778	54	31	1	208	261	16	61	2.1	25.4
ACJ18649_1	U1IBD2	34.286	35	23	0	289	323	282	316	2.9	25.4
ACJ18673_1	ACJ20770_1	99.209	253	2	0	1	253	1	253	0.0	523
ACJ18673_1	O84616	31.111	90	54	2	52	141	35	116	4.01e-06	42.4
ACJ18673_1	Q7PC42	31.818	44	27	1	16	56	213	256	1.00	26.2
ACJ18673_1	O84855	27.451	51	34	1	17	64	17	67	2.6	24.3
ACJ18673_1	Q5ZRQ1	36.000	50	25	2	83	125	1711	1760	4.1	24.3
ACJ18838_1	ABS77468_1	100.000	67	0	0	1	67	1	67	2.41e-45	135
ACJ18838_1	Q48DU8	31.481	54	35	1	9	60	455	508	2.3	21.9
ACJ18838_1	P26831	26.471	34	22	1	7	37	65	98	3.5	21.2
ACJ18838_1	Q5ZUX6	39.286	28	14	1	5	32	173	197	8.1	20.4
ACJ18838_1	Q5ZZ03	47.059	17	9	0	29	45	533	549	9.5	20.0
ACJ19065_1	ACJ19689_1	99.043	418	4	0	1	418	1	418	0.0	845
ACJ19065_1	ACJ20041_1	30.303	66	40	4	231	293	616	678	0.61	27.7
ACJ19065_1	Q5ZTD9	45.833	24	13	0	205	228	279	302	0.76	27.3
ACJ19065_1	U1IBD2	33.333	57	29	3	48	95	620	676	1.5	26.6
ACJ19065_1	Q5ZUV8	25.000	68	46	1	287	349	4	71	2.3	25.8
ACJ19072_1	ACJ19682_1	98.473	131	2	0	1	131	1	131	1.07e-96	270
ACJ19072_1	YP_001424477_2	35.211	71	45	1	35	105	391	460	5.61e-06	40.0
ACJ19072_1	YP_001424477_2	31.169	77	48	2	43	117	333	406	0.017	30.0
ACJ19072_1	YP_002306162_1	35.294	68	43	1	50	117	228	294	1.21e-04	36.2
ACJ19072_1	YP_002306162_1	35.556	45	24	1	69	108	145	189	0.021	29.6
ACJ19072_1	YP_002306162_1	28.155	103	64	4	32	131	43	138	0.047	28.5
ACJ19072_1	YP_002306162_1	34.694	49	31	1	47	95	291	338	0.097	27.7
ACJ19072_1	YP_002306162_1	35.897	39	25	0	79	117	289	327	0.62	25.0
ACJ19072_1	Q5ZYH0	28.125	64	45	1	38	101	478	540	0.001	33.1
ACJ19072_1	Q5ZYH0	26.415	53	39	0	65	117	471	523	0.094	27.7
ACJ19072_1	Q5ZSR5	29.730	74	51	1	23	96	581	653	0.006	31.2
ACJ19147_1	NP_819163_1	98.571	70	1	0	1	70	1	70	1.32e-47	141
ACJ19147_1	NP_819338_1	33.333	42	25	1	14	52	428	469	1.5	22.3
ACJ19147_1	Q46210	41.667	24	14	0	9	32	244	267	2.2	21.9
ACJ19147_1	YP_096336_1	36.842	19	12	0	29	47	243	261	2.3	21.9
ACJ19147_1	O84226	44.118	34	18	1	5	37	120	153	2.3	21.9
ACJ19258_1	ACJ21157_1	95.696	395	16	1	1	394	1	395	0.0	774
ACJ19258_1	YP_124946_1	28.226	124	54	5	265	375	153	254	0.094	30.0
ACJ19258_1	Q5ZSD5	30.000	50	30	1	15	59	48	97	0.79	27.3
ACJ19258_1	Q5ZWD1	30.986	71	42	4	228	294	291	358	2.1	25.8
ACJ19258_1	O84871	29.851	67	34	3	193	254	311	369	3.1	25.4
ACJ19264_1	NP_820988_1	99.452	365	2	0	1	365	1	365	0.0	754
ACJ19264_1	YP_096169_1	27.692	130	73	5	172	283	257	383	0.080	30.4
ACJ19264_1	Q5QSZ9	36.207	58	34	2	295	350	455	511	0.48	28.1
ACJ19264_1	ABS78482_1	34.615	26	17	0	274	299	59	84	3.6	24.3
ACJ19264_1	D5CBA0	31.034	58	32	2	132	181	1458	1515	8.3	23.9
ACJ19267_1	NP_820990_2	98.990	198	2	0	1	198	1	198	4.61e-143	392
ACJ19267_1	Q5ZYI2	24.468	94	60	3	51	135	10	101	0.19	27.7
ACJ19267_1	NP_819463_1	25.263	95	66	2	83	175	229	320	0.28	27.3
ACJ19267_1	Q68A49	34.091	44	27	1	121	162	129	172	0.72	26.2
ACJ19267_1	F0V195	34.694	49	30	1	75	121	645	693	1.3	25.4
ACJ19406_1	ABS76498_1	98.958	288	3	0	1	288	1	288	0.0	586
ACJ19406_1	Q5ZZ30	25.862	58	36	1	3	53	32	89	1.8	25.4
ACJ19406_1	O05442	17.143	70	51	1	113	182	38	100	2.1	25.4
ACJ19406_1	Q5ZSZ6	25.287	87	47	4	82	159	51	128	4.2	24.3
ACJ19406_1	B6A881	37.500	32	18	1	189	220	479	508	8.0	23.5
ACJ19563_1	ABS78441_1	100.000	198	0	0	1	198	1	198	1.39e-149	409
ACJ19563_1	Q5ZSG5	30.612	49	32	1	38	86	298	344	1.0	25.4
ACJ19563_1	B6A881	21.429	70	50	1	100	164	787	856	1.7	25.0
ACJ19563_1	Q5ZZ76	28.571	42	28	1	57	98	141	180	9.5	22.7
ACJ19636_1	NP_820659_1	99.306	144	1	0	1	144	1	144	6.65e-102	284
ACJ19636_1	Q8X782	22.549	102	66	1	2	103	262	350	0.010	30.8
ACJ19636_1	Q5ZRS6	39.583	48	22	2	57	97	367	414	0.043	28.9
ACJ19636_1	Q5ZRS6	31.148	61	25	3	79	139	362	405	4.9	22.7
ACJ19636_1	Q87W46	33.333	33	20	1	109	139	269	301	0.44	25.8
ACJ19636_1	NP_821048_1	30.769	52	36	0	3	54	289	340	0.44	25.8
ACJ19669_1	ABS78049_1	97.727	88	2	0	1	88	17	104	1.16e-58	171
ACJ19669_1	ACJ19085_1	98.039	51	1	0	1	51	1	51	2.81e-31	100
ACJ19669_1	Q9HU94	28.571	42	25	1	5	41	489	530	2.0	22.7
ACJ19669_1	Q5ZZ81	35.000	40	25	1	49	87	667	706	3.9	21.9
ACJ19669_1	NP_821048_1	26.087	23	17	0	14	36	225	247	5.1	21.6
ACJ19869_1	ACJ17987_1	98.693	153	2	0	1	153	1	153	1.64e-110	306
ACJ19869_1	Q5ZWH9	28.571	70	42	2	18	80	222	290	0.41	26.2
ACJ19869_1	O05387	28.125	32	23	0	82	113	206	237	2.7	23.9
ACJ19869_1	NP_819338_1	33.333	30	20	0	62	91	386	415	3.4	23.5
ACJ19869_1	P0A1K5	38.095	21	13	0	93	113	248	268	8.8	21.9
ACJ19906_1	ACJ18555_1	98.718	156	2	0	1	156	1	156	1.20e-115	320
ACJ19906_1	Q87W65	38.235	34	21	0	54	87	204	237	0.44	26.2
ACJ19906_1	Q5ZRQ1	29.091	55	39	0	1	55	545	599	0.50	26.2
ACJ19906_1	Q888Y1	26.437	87	59	2	64	145	1384	1470	0.75	25.4
ACJ19906_1	ABD45145_1	42.424	33	17	1	15	45	54	86	1.0	25.0
ACJ20165_1	NP_820078_1	99.495	198	1	0	1	198	1	198	5.50e-149	407
ACJ20165_1	YP_125191_1	25.581	43	32	0	61	103	35	77	0.65	26.2
ACJ20165_1	AAL52397_1	28.571	63	41	2	34	93	50	111	1.3	25.0
ACJ20165_1	CAJ10712_1	28.571	63	41	2	34	93	149	210	1.7	24.6
ACJ20165_1	P56956	26.829	41	29	1	12	51	995	1035	4.4	23.9
ACJ20188_1	ABS76998_1	97.041	338	10	0	1	338	1	338	0.0	663
ACJ20188_1	NP_820208_1	22.917	48	37	0	35	82	365	412	0.18	29.3
ACJ20188_1	YP_095974_1	31.111	45	31	0	130	174	420	464	0.47	27.7
ACJ20188_1	Q7P1B7	21.538	130	82	7	182	301	58	177	2.8	25.0
ACJ20188_1	YP_505319_1	34.615	26	17	0	29	54	428	453	9.7	23.5
ACJ20432_1	ABS77922_1	100.000	57	0	0	1	57	1	57	4.66e-38	116
ACJ20432_1	Q5ZU55	23.077	52	40	0	4	55	222	273	3.6	20.8
ACJ20432_1	B6A882	42.308	26	15	0	25	50	513	538	5.0	20.4
ACJ20432_1	YP_001199348_1	27.586	29	21	0	29	57	116	144	6.2	20.0
ACJ20432_1	A0A3T0PDD9	53.333	15	7	0	37	51	273	287	9.6	19.6
ACJ20518_1	ACJ18792_1	99.110	337	3	0	1	337	25	361	0.0	696
ACJ20518_1	A0KHZ7	34.615	26	17	0	172	197	2870	2895	3.7	25.0
ACJ20518_1	B6A881	30.435	46	27	2	228	271	349	391	6.1	24.3
ACJ20518_1	Q7PC42	23.529	68	47	2	31	93	1839	1906	9.2	23.9
ACJ20746_1	NP_819695_1	99.390	328	2	0	32	359	1	328	0.0	672
ACJ20746_1	Q5ZWH7	29.787	47	29	1	101	147	40	82	0.10	29.6
ACJ20746_1	Q7PC42	27.778	72	38	2	266	336	1746	1804	0.23	28.9
ACJ20746_1	Q7PC42	40.625	32	18	1	118	148	1487	1518	1.2	26.6
ACJ20746_1	Q5ZWY8	26.316	57	34	1	208	264	16	64	2.1	25.4
ACJ20746_1	YP_002302734_1	27.660	47	29	1	112	153	514	560	3.2	25.0
ACJ20920_1	ABS77055_1	100.000	244	0	0	1	244	1	244	0.0	501
ACJ20920_1	P56957	27.273	99	63	3	31	128	11	101	0.33	27.7
ACJ20920_1	P33546	24.286	70	50	2	72	138	116	185	2.0	25.0
ACJ20920_1	D4I1J6	33.333	48	31	1	66	113	92	138	2.3	24.6
ACJ20920_1	B7UI21	66.667	12	4	0	90	101	234	245	2.6	24.6
ACJ20947_1	YP_124619_1	47.260	146	77	0	4	149	2	147	8.18e-45	140
ACJ20947_1	B8X8Z0	38.095	21	13	0	126	146	139	159	1.4	24.3
ACJ20947_1	P15917	58.824	17	7	0	81	97	259	275	1.8	24.3
ACJ20947_1	Q5ZV52	26.923	78	50	2	3	74	41	117	3.4	23.5
ACJ20947_1	NP_820063_1	31.429	35	24	0	54	88	270	304	4.0	23.1
ACJ20955_1	ABS78482_1	98.485	132	2	0	1	132	1	132	1.01e-95	267
ACJ20955_1	Q4UNB2	29.787	47	33	0	75	121	10	56	0.065	27.7
ACJ20955_1	P55730	23.333	60	42	2	39	97	203	259	0.61	25.0
ACJ20955_1	NP_820988_1	34.615	26	17	0	59	84	274	299	1.0	24.6
ACJ20955_1	Q5ZZC1	31.579	38	26	0	59	96	287	324	1.1	24.6
ACJ20979_1	NP_820621_1	99.749	398	1	0	1	398	1	398	0.0	816
ACJ20979_1	ZP_03075317_1	28.462	130	75	6	144	269	21	136	0.038	30.4
ACJ20979_1	D5CBA0	29.825	57	35	2	276	331	1539	1591	0.91	27.3
ACJ20979_1	Q9I739	36.842	38	20	1	292	325	86	123	2.3	25.8
ACJ20979_1	YP_001910294_1	25.926	54	39	1	178	231	820	872	5.2	24.6
ACJ21163_1	NP_820988_1	99.452	365	2	0	1	365	1	365	0.0	754
ACJ21163_1	YP_096169_1	27.692	130	73	5	172	283	257	383	0.080	30.4
ACJ21163_1	Q5QSZ9	36.207	58	34	2	295	350	455	511	0.48	28.1
ACJ21163_1	ABS78482_1	34.615	26	17	0	274	299	59	84	3.6	24.3
ACJ21163_1	D5CBA0	31.034	58	32	2	132	181	1458	1515	8.3	23.9
ACJ21166_1	NP_820990_2	98.990	198	2	0	1	198	1	198	7.79e-144	394
ACJ21166_1	Q5ZYI2	24.468	94	60	3	51	135	10	101	0.17	27.7
ACJ21166_1	Q68A49	31.818	44	28	1	121	162	129	172	0.66	26.2
ACJ21166_1	NP_819463_1	24.211	95	67	2	83	175	229	320	0.91	25.8
ACJ21166_1	F0V195	34.694	49	30	1	75	121	645	693	1.3	25.4
ACJ21212_1	ACJ19310_1	100.000	105	0	0	1	105	1	105	2.13e-77	219
ACJ21212_1	P17452	30.612	49	30	2	50	98	724	768	0.48	25.0
ACJ21212_1	D4HWL8	24.706	85	59	3	8	88	184	267	0.88	24.3
ACJ21212_1	YP_153927_1	30.435	69	45	2	2	67	1118	1186	1.9	23.5
ACJ21212_1	P0CZ00	55.556	18	8	0	83	100	413	430	3.6	22.3
NP_819229_2	ABS78049_1	100.000	90	0	0	1	90	17	106	1.68e-61	178
NP_819229_2	ACJ19085_1	100.000	51	0	0	1	51	1	51	1.23e-31	101
NP_819229_2	Q9HU94	28.571	42	25	1	5	41	489	530	1.5	23.1
NP_819229_2	NP_821048_1	25.373	67	47	1	14	77	225	291	2.7	22.3
NP_819229_2	D0ZVG2	45.455	22	12	0	47	68	32	53	3.9	21.9
NP_819902_2	ACJ20005_1	98.711	388	5	0	1	388	1	388	0.0	786
NP_819902_2	NP_820658_1	30.417	240	129	11	114	345	106	315	7.18e-16	73.9
NP_819902_2	P46855	31.250	48	31	1	224	269	23	70	0.37	28.1
NP_819902_2	YP_001910294_1	27.273	44	32	0	150	193	558	601	0.84	27.3
NP_819902_2	Q5ZU39	37.500	24	15	0	144	167	445	468	4.1	25.0
AAN29664_1	CAJ10712_1	100.000	277	0	0	1	277	1	277	0.0	572
AAN29664_1	AAL52397_1	99.438	178	1	0	100	277	1	178	1.88e-130	363
AAN29664_1	Q5ZUK1	28.947	38	27	0	50	87	222	259	1.6	25.8
AAN29664_1	P04479	29.762	84	52	3	149	230	176	254	2.0	25.4
AAN29664_1	P06716	29.762	84	52	3	149	230	176	254	2.1	25.4
NP_819037_1	ABS78560_1	86.926	283	4	1	1	283	1	250	5.55e-179	489
NP_819037_1	ABY91230_2	27.941	68	36	3	65	124	1891	1953	3.3	24.6
NP_819037_1	Q5ZV52	36.842	38	22	1	230	267	112	147	9.3	23.1
NP_819247_1	ACJ19682_1	98.473	131	2	0	1	131	1	131	1.07e-96	270
NP_819247_1	YP_001424477_2	35.211	71	45	1	35	105	391	460	5.61e-06	40.0
NP_819247_1	YP_001424477_2	31.169	77	48	2	43	117	333	406	0.017	30.0
NP_819247_1	YP_002306162_1	35.294	68	43	1	50	117	228	294	1.21e-04	36.2
NP_819247_1	YP_002306162_1	35.556	45	24	1	69	108	145	189	0.021	29.6
NP_819247_1	YP_002306162_1	28.155	103	64	4	32	131	43	138	0.047	28.5
NP_819247_1	YP_002306162_1	34.694	49	31	1	47	95	291	338	0.097	27.7
NP_819247_1	YP_002306162_1	35.897	39	25	0	79	117	289	327	0.62	25.0
NP_819247_1	Q5ZYH0	28.125	64	45	1	38	101	478	540	0.001	33.1
NP_819247_1	Q5ZYH0	26.415	53	39	0	65	117	471	523	0.094	27.7
NP_819247_1	Q5ZSR5	29.730	74	51	1	23	96	581	653	0.006	31.2
NP_819504_1	ABS77468_1	100.000	67	0	0	1	67	1	67	2.41e-45	135
NP_819504_1	Q48DU8	31.481	54	35	1	9	60	455	508	2.3	21.9
NP_819504_1	P26831	26.471	34	22	1	7	37	65	98	3.5	21.2
NP_819504_1	Q5ZUX6	39.286	28	14	1	5	32	173	197	8.1	20.4
NP_819504_1	Q5ZZ03	47.059	17	9	0	29	45	533	549	9.5	20.0
NP_819545_1	ACJ18792_1	99.215	382	3	0	1	382	1	382	0.0	788
NP_819545_1	A0KHZ7	34.615	26	17	0	196	221	2870	2895	4.0	25.0
NP_819545_1	B6A881	30.435	46	27	2	252	295	349	391	6.4	24.3
NP_819620_1	ABS77922_1	100.000	57	0	0	1	57	1	57	4.66e-38	116
NP_819620_1	Q5ZU55	23.077	52	40	0	4	55	222	273	3.6	20.8
NP_819620_1	B6A882	42.308	26	15	0	25	50	513	538	5.0	20.4
NP_819620_1	YP_001199348_1	27.586	29	21	0	29	57	116	144	6.2	20.0
NP_819620_1	A0A3T0PDD9	53.333	15	7	0	37	51	273	287	9.6	19.6
NP_819667_1	ACJ20770_1	99.209	253	2	0	1	253	1	253	0.0	523
NP_819667_1	O84616	31.111	90	54	2	52	141	35	116	4.01e-06	42.4
NP_819667_1	Q7PC42	31.818	44	27	1	16	56	213	256	1.00	26.2
NP_819667_1	O84855	27.451	51	34	1	17	64	17	67	2.6	24.3
NP_819667_1	Q5ZRQ1	36.000	50	25	2	83	125	1711	1760	4.1	24.3
NP_819795_1	ACJ18555_1	98.718	156	2	0	1	156	1	156	1.05e-115	320
NP_819795_1	Q87W65	38.235	34	21	0	54	87	204	237	0.45	26.2
NP_819795_1	Q5ZRQ1	29.091	55	39	0	1	55	545	599	0.52	26.2
NP_819795_1	Q888Y1	26.437	87	59	2	64	145	1384	1470	0.85	25.4
NP_819795_1	ABD45145_1	42.424	33	17	1	15	45	54	86	1.0	25.0
NP_820193_1	ACJ20265_1	99.438	178	1	0	1	178	1	178	1.27e-130	359
NP_820193_1	Q9Z7Y1	58.333	12	5	0	113	124	334	345	0.81	25.8
NP_820417_1	ACJ17987_1	98.693	153	2	0	1	153	1	153	2.06e-111	308
NP_820417_1	Q5ZWH9	28.571	70	42	2	18	80	222	290	0.47	25.8
NP_820417_1	O05387	28.125	32	23	0	82	113	206	237	3.0	23.5
NP_820417_1	NP_819338_1	33.333	30	20	0	62	91	386	415	3.5	23.5
NP_820417_1	P54355	41.667	24	14	0	130	153	317	340	7.6	22.3
NP_820549_1	ABS77055_1	100.000	244	0	0	1	244	1	244	0.0	501
NP_820549_1	P56957	27.273	99	63	3	31	128	11	101	0.33	27.7
NP_820549_1	P33546	24.286	70	50	2	72	138	116	185	2.0	25.0
NP_820549_1	D4I1J6	33.333	48	31	1	66	113	92	138	2.3	24.6
NP_820549_1	B7UI21	66.667	12	4	0	90	101	234	245	2.6	24.6
NP_820577_1	YP_124619_1	47.260	146	77	0	4	149	2	147	8.18e-45	140
NP_820577_1	B8X8Z0	38.095	21	13	0	126	146	139	159	1.4	24.3
NP_820577_1	P15917	58.824	17	7	0	81	97	259	275	1.8	24.3
NP_820577_1	Q5ZV52	26.923	78	50	2	3	74	41	117	3.4	23.5
NP_820577_1	NP_820063_1	31.429	35	24	0	54	88	270	304	4.0	23.1
NP_820589_1	ABS78482_1	99.242	132	1	0	1	132	1	132	1.13e-96	270
NP_820589_1	Q4UNB2	29.787	47	33	0	75	121	10	56	0.057	27.7
NP_820589_1	NP_820988_1	34.615	26	17	0	59	84	274	299	0.91	24.6
NP_820589_1	Q5ZZC1	31.579	38	26	0	59	96	287	324	1.1	24.6
NP_820589_1	D3UYN1	37.931	29	18	0	10	38	94	122	1.5	24.3
NP_820734_1	ABS78441_1	100.000	198	0	0	1	198	1	198	1.39e-149	409
NP_820734_1	Q5ZSG5	30.612	49	32	1	38	86	298	344	1.0	25.4
NP_820734_1	B6A881	21.429	70	50	1	100	164	787	856	1.7	25.0
NP_820734_1	Q5ZZ76	28.571	42	28	1	57	98	141	180	9.5	22.7
NP_820769_1	ABS76498_1	99.306	288	2	0	1	288	1	288	0.0	589
NP_820769_1	Q5ZZ30	32.000	25	17	0	29	53	65	89	2.2	25.0
NP_820769_1	O05442	17.143	70	51	1	113	182	38	100	2.6	25.0
NP_820769_1	Q5ZSZ6	25.287	87	47	4	82	159	51	128	4.0	24.3
NP_820769_1	D1MWR4	34.615	52	25	2	10	60	257	300	4.4	24.3
NP_820770_1	ACJ17619_1	99.463	559	3	0	1	559	1	559	0.0	1144
NP_820770_1	NP_820647_1	20.833	384	263	11	167	538	123	477	0.009	34.3
NP_820770_1	E7PP21	26.667	45	33	0	106	150	89	133	6.5	24.6
NP_820770_1	Q06584	38.462	39	17	2	136	169	573	609	9.8	24.6
NP_820982_1	ACJ21157_1	96.203	395	15	0	1	395	1	395	0.0	784
NP_820982_1	ACJ20041_1	28.723	94	55	4	130	211	598	691	0.20	29.3
NP_820982_1	Q5ZSD5	30.000	50	30	1	15	59	48	97	0.76	27.3
NP_820982_1	YP_124946_1	25.600	125	57	4	265	376	153	254	1.2	26.6
NP_820982_1	P05516	30.000	40	22	1	33	66	181	220	3.3	25.0
NP_821001_1	ABS78560_1	87.310	197	23	2	1	196	18	213	3.52e-125	351
NP_821001_1	O84648	24.490	49	36	1	62	110	73	120	0.58	26.6
NP_821001_1	Q3C000	29.167	48	28	1	91	132	214	261	2.2	25.0
NP_821001_1	D5CBA0	30.189	53	36	1	18	69	1269	1321	2.3	25.0
NP_821001_1	Q7N439	40.476	42	21	3	34	75	87	124	3.9	24.3
NP_821046_1	ACJ19310_1	100.000	105	0	0	1	105	1	105	2.13e-77	219
NP_821046_1	P17452	30.612	49	30	2	50	98	724	768	0.48	25.0
NP_821046_1	D4HWL8	24.706	85	59	3	8	88	184	267	0.88	24.3
NP_821046_1	YP_153927_1	30.435	69	45	2	2	67	1118	1186	1.9	23.5
NP_821046_1	P0CZ00	55.556	18	8	0	83	100	413	430	3.6	22.3
YP_094194_1	CAH11303_1	97.748	444	10	0	1	444	1	444	0.0	889
YP_094194_1	YP_125249_1	30.420	286	155	10	189	438	213	490	2.64e-21	92.0
YP_094194_1	Q5ZR83	29.808	104	60	5	228	324	336	433	0.17	29.6
YP_094194_1	Q5ZR83	24.419	86	51	2	146	218	150	234	3.4	25.4
YP_094194_1	Q9REG7	21.176	85	49	3	323	398	229	304	0.38	28.5
YP_094194_1	D8P480	24.000	50	32	2	149	198	999	1042	0.88	27.3
YP_094214_1	Q5ZZ51	100.000	325	0	0	1	325	1	325	0.0	681
YP_094214_1	Q5ZSI8	35.185	54	28	3	225	274	464	514	1.1	26.6
YP_094214_1	Q5ZXN5	26.829	41	30	0	70	110	332	372	1.5	26.2
YP_094214_1	F3HEJ8	31.250	48	30	1	255	299	50	97	4.0	24.6
YP_094214_1	P39798	35.714	42	27	0	220	261	13	54	4.2	23.5
YP_094437_1	Q5ZYH9	100.000	287	0	0	1	287	1	287	0.0	589
YP_094437_1	P43154	30.769	78	36	4	7	67	478	554	0.66	26.9
YP_094437_1	YP_096170_1	30.189	53	35	1	141	191	360	412	2.6	25.0
YP_094437_1	Q5ZSH9	22.973	148	90	6	125	261	24	158	2.7	25.0
YP_094437_1	I6VBE8	30.303	33	21	1	21	53	279	309	2.8	24.6
YP_095385_1	YP_096234_1	39.510	367	211	5	1	362	3	363	1.32e-69	219
YP_095385_1	NP_820440_1	40.000	105	58	1	90	189	118	222	5.22e-19	84.3
YP_095385_1	NP_820440_1	41.228	114	62	1	52	160	116	229	1.05e-17	80.1
YP_095385_1	NP_820440_1	27.230	213	131	6	87	275	66	278	2.19e-16	76.3
YP_095385_1	NP_820440_1	26.901	171	101	2	147	317	54	200	1.77e-13	67.4
YP_095385_1	NP_820440_1	29.197	137	84	2	220	343	54	190	1.79e-08	51.6
YP_095385_1	ABS78590_1	28.571	91	57	2	27	110	14	103	3.86e-04	37.4
YP_095385_1	ABS78590_1	26.263	99	71	2	57	154	7	104	2.1	25.8
YP_095385_1	ABS78590_1	27.273	66	47	1	143	208	22	86	5.1	24.3
YP_095385_1	NP_819338_1	22.078	77	55	2	229	304	83	155	0.41	28.1
YP_095385_1	NP_819338_1	29.508	122	77	3	52	173	88	200	0.46	27.7
YP_095385_1	P56957	30.357	56	38	1	265	319	665	720	0.85	26.9
YP_095437_1	Q5ZVN2	100.000	383	0	0	1	383	1	383	0.0	790
YP_095437_1	Q8XQE6	32.609	46	30	1	116	161	974	1018	0.75	27.3
YP_095437_1	P15917	34.783	46	23	3	200	242	227	268	1.7	26.2
YP_095437_1	P56956	54.545	22	10	0	331	352	572	593	2.0	26.2
YP_095437_1	O84626	40.741	27	16	0	353	379	95	121	3.5	25.0
YP_095690_1	Q5ZUX9	100.000	168	0	0	1	168	1	168	4.62e-126	347
YP_095690_1	NP_820798_1	37.931	58	32	2	32	89	129	182	0.008	31.6
YP_095690_1	Q63K38	43.333	30	15	1	5	34	67	94	1.1	25.0
YP_095690_1	O25534	28.986	69	48	1	33	101	141	208	2.7	23.9
YP_095690_1	Q5ZWD7	42.857	21	12	0	80	100	404	424	7.1	22.7
YP_095905_1	Q5ZUB9	100.000	443	0	0	1	443	1	443	0.0	925
YP_095905_1	Q9HU94	26.531	49	36	0	373	421	641	689	0.018	32.7
YP_095905_1	YP_096234_1	29.091	55	37	1	32	84	45	99	0.083	30.4
YP_095905_1	Q9HYC2	28.571	35	25	0	373	407	854	888	1.3	26.9
YP_095905_1	Q5ZT54	30.769	39	26	1	67	104	187	225	2.3	26.2
YP_096320_1	Q5ZT54	100.000	1167	0	0	1	1167	1	1167	0.0	2397
YP_096320_1	Q5ZSR1	26.230	61	40	2	552	607	182	242	0.075	32.3
YP_096320_1	YP_096814_1	32.558	43	26	1	104	146	193	232	0.44	29.6
YP_096320_1	Q5ZTB8	28.767	73	50	1	154	226	441	511	0.49	29.6
YP_096320_1	Q5ZXJ8	26.389	72	51	1	515	586	50	119	0.77	28.9
YP_096532_1	Q5ZSJ2	100.000	444	0	0	1	444	1	444	0.0	911
YP_096532_1	Q5ZUP2	28.682	129	76	5	103	224	12	131	0.72	27.7
YP_096532_1	Q87GF9	47.826	23	12	0	111	133	320	342	1.1	27.3
YP_096532_1	Q5ZV00	27.273	44	32	0	238	281	367	410	1.9	26.2
YP_096532_1	Q5ZZ03	34.884	43	27	1	333	375	67	108	3.5	25.4
YP_096559_1	Q5ZSG5	100.000	555	0	0	1	555	1	555	0.0	1140
YP_096559_1	NP_819448_1	43.902	41	23	0	217	257	285	325	0.006	34.7
YP_096559_1	A0A0H3KDT7	37.931	29	17	1	69	96	552	580	2.5	26.2
YP_096559_1	ABS78441_1	30.612	49	32	1	298	344	38	86	3.2	25.4
YP_096559_1	YP_003620158_1	21.233	146	82	6	218	360	229	344	5.3	25.0
CAH12461_1	YP_096234_1	40.055	362	208	4	4	362	8	363	1.88e-70	221
CAH12461_1	NP_820440_1	40.000	105	58	1	90	189	118	222	1.05e-18	83.2
CAH12461_1	NP_820440_1	41.228	114	62	1	52	160	116	229	9.57e-18	80.5
CAH12461_1	NP_820440_1	27.230	213	131	6	87	275	66	278	1.68e-16	76.6
CAH12461_1	NP_820440_1	26.901	171	101	2	147	317	54	200	1.84e-13	67.4
CAH12461_1	NP_820440_1	29.197	137	84	2	220	343	54	190	1.37e-08	52.0
CAH12461_1	ABS78590_1	28.261	92	65	1	27	118	14	104	4.00e-04	37.4
CAH12461_1	ABS78590_1	26.263	99	71	2	57	154	7	104	1.6	25.8
CAH12461_1	ABS78590_1	27.273	66	47	1	143	208	22	86	6.9	23.9
CAH12461_1	NP_819338_1	30.328	122	76	3	52	173	88	200	0.092	30.0
CAH12461_1	NP_819338_1	22.078	77	55	2	229	304	83	155	0.31	28.5
CAH12461_1	NP_819338_1	19.355	93	74	1	220	311	38	130	8.9	23.9
CAH12461_1	P56957	28.571	56	39	1	265	319	665	720	1.2	26.6
CAH12786_1	Q5ZUX9	97.647	170	0	1	1	170	3	168	2.80e-122	337
CAH12786_1	NP_820798_1	37.931	58	32	2	30	87	129	182	0.007	31.6
CAH12786_1	Q63K38	43.333	30	15	1	3	32	67	94	1.5	24.6
CAH12786_1	O25534	28.986	69	48	1	31	99	141	208	3.0	23.9
CAH12786_1	Q5ZWD7	42.857	21	12	0	78	98	404	424	6.6	22.7
CAH12835_1	Q5ZUS4	95.596	545	24	0	17	561	1	545	0.0	1085
CAH12835_1	Q5ZSR5	31.579	57	37	1	330	384	600	656	0.074	31.2
CAH12835_1	YP_002302734_1	33.871	62	38	3	331	391	397	456	0.087	31.2
CAH12835_1	Q5ZYD6	30.645	62	39	2	324	382	58	118	0.27	28.9
CAH12835_1	O84854	37.500	48	28	2	485	532	77	122	0.33	28.5
CAH13280_1	YP_096188_1	95.175	601	29	0	1	601	8	608	0.0	1192
CAH13280_1	P0DPI1	29.630	54	30	2	283	328	1007	1060	1.1	27.7
CAH13280_1	YP_001910294_1	37.209	43	27	0	408	450	602	644	1.4	27.3
CAH13280_1	NP_820668_1	39.474	38	18	1	393	425	698	735	1.5	26.9
CAH13280_1	Q9Z785	44.000	25	14	0	510	534	122	146	2.4	26.2
AAX74124_1	CAJ10712_1	99.639	277	1	0	16	292	1	277	0.0	569
AAX74124_1	AAL52397_1	99.438	178	1	0	115	292	1	178	4.90e-130	363
AAX74124_1	Q5ZUK1	28.947	38	27	0	65	102	222	259	1.4	25.8
AAX74124_1	P06716	29.762	84	52	3	164	245	176	254	1.6	25.8
AAX74124_1	P04479	29.762	84	52	3	164	245	176	254	1.7	25.8
NP_223213_1	YP_001910294_1	77.387	1194	210	10	1	1167	1	1161	0.0	1783
NP_223213_1	Q5ZU59	28.750	80	42	2	281	345	202	281	0.065	32.3
NP_223213_1	YP_414449_1	21.320	197	114	5	862	1017	923	1119	0.29	30.8
NP_223213_1	CAH11303_1	27.869	61	36	2	70	124	143	201	0.93	28.9
NP_223213_1	ACJ20041_1	24.713	174	113	6	655	815	125	293	1.3	28.5
NP_207343_1	YP_001910294_1	77.881	1189	232	7	1	1186	1	1161	0.0	1818
NP_207343_1	YP_414449_1	22.831	219	118	7	858	1036	912	1119	0.89	28.9
NP_207343_1	ACJ20041_1	24.713	174	113	6	656	816	125	293	1.6	28.1
NP_207343_1	NP_820749_1	35.185	54	32	2	576	628	46	97	2.9	26.6
NP_207343_1	YP_096722_1	30.769	52	34	1	360	411	385	434	3.0	27.3
NP_539653_1	YP_414665_1	100.000	175	0	0	1	175	1	175	3.35e-131	360
NP_539653_1	Q9Z7J8	29.091	110	62	3	74	173	159	262	0.53	26.2
NP_539653_1	Q87W46	24.000	75	53	2	90	164	280	350	2.6	23.9
NP_539653_1	P09332	24.444	45	32	1	97	141	72	114	5.7	22.7
NP_539653_1	R2S6C2	37.500	32	16	1	98	129	14	41	6.4	21.2
NP_819484_1	YP_001424964_1	99.457	184	1	0	1	184	1	184	4.54e-136	374
NP_819484_1	YP_002302734_1	28.226	124	80	3	29	150	340	456	2.05e-07	45.8
NP_819484_1	Q5ZYH0	29.545	88	53	3	10	94	443	524	0.002	33.5
NP_819484_1	Q5ZYH0	32.787	61	35	2	75	133	472	528	0.073	28.9
NP_819484_1	YP_002303928_1	24.390	123	81	3	50	164	81	199	0.003	33.5
NP_819484_1	YP_002303928_1	25.714	105	67	2	73	170	31	131	0.004	32.7
NP_819484_1	YP_002303928_1	30.645	62	32	2	45	95	182	243	2.9	23.9
NP_819484_1	YP_001424477_2	27.273	132	82	5	42	168	288	410	0.003	33.1
NP_819484_1	YP_001424477_2	29.508	122	77	5	16	130	322	441	0.010	31.6
NP_819484_1	YP_001424477_2	30.137	73	48	3	25	94	434	506	0.012	31.6
NP_819484_1	YP_001424477_2	26.316	114	71	5	45	157	559	660	1.6	25.0
NP_819802_1	YP_001424216_1	99.704	338	1	0	1	338	1	338	0.0	686
NP_819802_1	YP_002305058_1	99.087	219	2	0	113	331	1	219	8.82e-159	439
NP_819802_1	YP_001424477_2	22.297	148	103	3	20	165	356	493	0.006	33.9
NP_819802_1	YP_001424477_2	27.869	61	44	0	86	146	446	506	3.3	25.0
NP_819802_1	YP_002306162_1	32.692	104	62	2	86	188	235	331	0.007	33.1
NP_819802_1	Q5ZSR5	28.125	96	56	3	63	157	570	653	0.009	33.1
NP_882282_1	P04977	100.000	269	0	0	1	269	1	269	0.0	551
NP_882282_1	P75409	28.395	243	135	10	36	250	3	234	2.90e-10	55.8
NP_882282_1	P01555	30.120	83	45	3	21	92	5	85	0.025	30.8
NP_882282_1	P06717	30.263	76	40	3	28	92	12	85	0.032	30.8
NP_882282_1	A0KHZ7	31.818	66	40	2	58	121	363	425	0.089	29.6
YP_034062_1	A0A0R4J7V3	44.612	529	292	1	17	544	4	532	6.27e-160	462
YP_034062_1	Q5QSZ9	30.645	248	153	2	292	527	411	651	2.14e-29	119
YP_034062_1	Q5QSZ9	31.148	244	145	3	296	527	713	945	7.81e-29	117
YP_034062_1	Q5QSZ9	34.000	200	119	4	297	489	258	451	7.01e-23	98.6
YP_034062_1	Q5QSZ9	37.063	143	87	2	316	457	19	159	2.99e-18	84.0
YP_034062_1	YP_004159284_1	35.714	182	115	1	310	489	64	245	1.94e-26	103
YP_034062_1	I3QKE4	33.333	180	113	3	262	441	230	402	4.96e-21	91.7
YP_034062_1	I3QKE4	34.667	150	98	0	303	452	121	270	2.03e-18	83.6
YP_034062_1	E6Z0R3	32.642	193	108	5	19	207	11	185	1.80e-20	89.7
YP_034064_1	A0A0R4J7V3	44.213	527	293	1	15	540	4	530	7.51e-159	459
YP_034064_1	Q5QSZ9	29.707	239	163	1	290	523	411	649	1.80e-29	119
YP_034064_1	Q5QSZ9	29.956	227	154	1	302	523	717	943	6.02e-28	114
YP_034064_1	Q5QSZ9	31.953	169	110	1	299	462	262	430	5.04e-21	92.8
YP_034064_1	Q5QSZ9	34.752	141	91	1	314	454	19	158	1.24e-16	79.0
YP_034064_1	YP_004159284_1	32.105	190	127	1	306	493	62	251	6.95e-28	108
YP_034064_1	A0A0R4J737	36.429	140	88	1	315	454	441	579	2.40e-18	84.3
YP_034064_1	A0A0R4J737	31.210	157	106	2	305	461	646	800	2.33e-11	62.0
YP_034064_1	A0A0R4J737	36.364	77	49	0	345	421	335	411	2.10e-09	55.5
YP_034064_1	I3QKE4	31.609	174	104	3	310	468	273	446	1.89e-15	74.3
YP_034064_1	I3QKE4	31.788	151	101	1	313	463	133	281	2.62e-13	67.4
YP_034065_1	A0A0R4J7V3	100.000	532	0	0	1	532	1	532	0.0	1108
YP_034065_1	Q5QSZ9	34.513	226	143	1	293	513	424	649	2.87e-33	130
YP_034065_1	Q5QSZ9	33.628	226	145	1	293	513	718	943	7.66e-30	120
YP_034065_1	Q5QSZ9	36.232	138	87	1	307	444	22	158	2.03e-21	94.0
YP_034065_1	Q5QSZ9	34.337	166	102	2	293	452	266	430	2.17e-20	90.9
YP_034065_1	YP_004159284_1	32.065	184	121	2	297	477	63	245	1.45e-28	109
YP_034065_1	A0A0R4J737	39.474	152	89	2	306	457	442	590	6.05e-25	104
YP_034065_1	A0A0R4J737	32.000	125	85	0	298	422	649	773	9.04e-17	79.0
YP_034065_1	A0A0R4J737	34.343	99	65	0	306	404	306	404	1.89e-13	68.6
YP_034065_1	I3QKE4	38.462	156	94	1	303	458	133	286	3.03e-24	101
YP_034065_1	I3QKE4	33.333	192	114	6	239	420	206	393	3.04e-20	89.0
YP_034066_1	I3QKE3	78.131	535	100	5	1	534	1	519	0.0	764
YP_034066_1	A0A0R4J737	30.114	176	107	5	353	525	295	457	6.30e-18	82.8
YP_034066_1	A0A0R4J737	37.963	108	66	1	390	496	464	571	3.95e-17	80.1
YP_034066_1	A0A0R4J737	31.250	112	77	0	373	484	662	773	2.73e-15	74.3
YP_034066_1	I3QKE4	27.602	221	132	5	307	501	54	272	1.16e-17	80.9
YP_034066_1	I3QKE4	33.929	112	74	0	373	484	284	395	4.39e-17	79.3
YP_034066_1	I3QKE4	63.636	44	10	3	1	40	1	42	3.90e-06	44.7
YP_034066_1	Q5QSZ9	31.405	121	83	0	372	492	25	145	6.78e-17	79.7
YP_034066_1	Q5QSZ9	28.448	116	78	1	367	477	278	393	2.27e-06	45.8
YP_034066_1	Q5QSZ9	26.901	171	115	4	366	528	730	898	3.17e-06	45.4
YP_034066_1	Q5QSZ9	29.915	117	76	2	366	477	436	551	4.79e-06	44.7
YP_034066_1	YP_004159284_1	32.121	165	102	6	306	466	12	170	2.73e-14	68.6
YP_034067_1	I3QKE4	73.060	464	120	2	1	463	1	460	0.0	693
YP_034067_1	A0A0R4J737	36.203	453	208	12	35	424	147	581	2.58e-72	240
YP_034067_1	A0A0R4J737	40.000	185	107	2	265	449	639	819	4.22e-35	134
YP_034067_1	A0A0R4J737	44.037	109	61	0	141	249	658	766	1.05e-22	97.1
YP_034067_1	A0A0R4J737	37.500	56	26	1	35	81	111	166	0.053	31.6
YP_034067_1	Q5QSZ9	32.082	293	177	5	137	409	276	566	3.59e-39	147
YP_034067_1	Q5QSZ9	44.516	155	81	2	283	434	21	173	5.76e-37	140
YP_034067_1	Q5QSZ9	42.188	128	74	0	138	265	19	146	7.14e-29	115
YP_034067_1	Q5QSZ9	31.410	156	100	2	138	286	435	590	9.42e-18	81.6
YP_034067_1	Q5QSZ9	31.655	139	90	1	138	271	729	867	4.38e-17	79.7
YP_034067_1	Q5QSZ9	30.534	131	84	3	284	409	732	860	4.13e-12	63.9
YP_034067_1	A0A0R4J7V3	40.397	151	88	1	137	285	303	453	2.55e-26	107
YP_034067_1	A0A0R4J7V3	36.975	119	75	0	284	402	307	425	7.44e-20	87.8
YP_034067_1	I3QKE3	29.897	291	131	13	7	236	174	452	1.12e-19	87.0
YP_034067_1	I3QKE3	30.973	113	78	0	288	400	361	473	1.55e-19	86.7
YP_034067_1	I3QKE3	52.381	42	13	1	1	42	1	35	4.33e-04	38.1
YP_034068_1	A0A0R4J737	100.000	834	0	0	1	834	1	834	0.0	1694
YP_034068_1	Q5QSZ9	42.708	384	160	6	441	770	20	397	1.38e-88	298
YP_034068_1	Q5QSZ9	27.465	568	282	14	321	770	294	849	2.84e-47	177
YP_034068_1	Q5QSZ9	37.879	132	82	0	310	441	25	156	5.63e-25	107
YP_034068_1	Q5QSZ9	37.405	131	77	1	442	567	731	861	3.37e-17	82.0
YP_034068_1	Q5QSZ9	30.252	119	66	2	321	428	746	858	1.74e-11	63.5
YP_034068_1	I3QKE4	35.363	509	254	12	125	619	8	455	1.11e-75	249
YP_034068_1	I3QKE4	38.235	204	109	3	630	819	246	446	6.92e-33	128
YP_034068_1	I3QKE4	37.975	158	92	4	614	766	89	245	7.31e-22	95.1
YP_034068_1	I3QKE4	29.565	115	68	4	1	114	1	103	9.5	25.0
YP_034068_1	A0A0R4J7V3	39.474	152	89	2	442	590	306	457	9.48e-25	104
YP_034068_1	A0A0R4J7V3	32.000	125	85	0	649	773	298	422	1.42e-16	79.0
YP_034068_1	A0A0R4J7V3	34.343	99	65	0	306	404	306	404	2.96e-13	68.6
YP_034068_1	YP_004159284_1	34.459	148	94	2	441	587	71	216	1.19e-19	85.1
YP_034068_1	YP_004159284_1	35.246	122	78	1	649	770	65	185	2.67e-13	66.2
YP_034068_1	YP_004159284_1	30.612	98	68	0	328	425	94	191	3.78e-10	57.0
YP_034069_1	Q5QSZ9	100.000	1009	0	0	35	1043	1	1009	0.0	2056
YP_034069_1	A0A0R4J737	42.708	384	160	6	54	431	441	770	2.30e-88	298
YP_034069_1	A0A0R4J737	27.465	568	282	14	328	883	321	770	3.88e-47	177
YP_034069_1	A0A0R4J737	37.879	132	82	0	59	190	310	441	7.60e-25	107
YP_034069_1	A0A0R4J737	37.405	131	77	1	765	895	442	567	4.01e-17	82.0
YP_034069_1	A0A0R4J737	30.252	119	66	2	780	892	321	428	2.24e-11	63.2
YP_034069_1	I3QKE4	33.571	280	166	4	310	589	133	392	1.61e-41	154
YP_034069_1	I3QKE4	44.172	163	86	2	55	215	279	438	1.08e-36	140
YP_034069_1	I3QKE4	41.429	140	80	1	55	194	136	273	1.38e-29	119
YP_034069_1	I3QKE4	31.544	149	97	1	764	912	135	278	8.05e-18	83.2
YP_034069_1	I3QKE4	30.488	164	100	4	766	929	280	429	2.59e-12	65.9
YP_034069_1	A0A0R4J7V3	34.513	226	143	1	458	683	293	513	5.49e-33	130
YP_034069_1	A0A0R4J7V3	33.628	226	145	1	752	977	293	513	1.48e-29	120
YP_034069_1	A0A0R4J7V3	36.232	138	87	1	56	192	307	444	3.84e-21	94.0
YP_034069_1	A0A0R4J7V3	34.337	166	102	2	300	464	293	452	4.13e-20	90.9
YP_034069_1	YP_004159284_1	39.726	146	85	2	56	200	73	216	5.08e-21	89.4
YP_034069_1	YP_004159284_1	27.692	195	134	2	456	648	57	246	2.00e-18	81.6
YP_034069_1	YP_004159284_1	27.179	195	135	2	750	942	57	246	4.68e-18	80.9
YP_034069_1	YP_004159284_1	28.477	151	103	1	305	455	64	209	1.09e-13	67.8
YP_094067_1	Q5ZZJ8	100.000	525	0	0	1	525	1	525	0.0	1095
YP_094067_1	AAW70668_1	38.235	34	21	0	183	216	255	288	4.8	25.0
YP_094067_1	Q87ZX9	45.000	20	11	0	292	311	3	22	7.5	24.6
YP_094067_1	Q88BF6	38.462	52	20	4	284	326	94	142	9.2	24.3
YP_094093_1	Q5ZZH2	100.000	507	0	0	1	507	1	507	0.0	1043
YP_094093_1	YP_002306162_1	34.667	75	45	1	328	402	244	314	7.96e-05	40.4
YP_094093_1	YP_002306162_1	24.540	163	110	4	240	402	198	347	2.73e-04	38.5
YP_094093_1	YP_002306162_1	32.353	34	22	1	355	388	134	166	8.2	24.3
YP_094093_1	Q5ZXN6	30.882	136	84	6	294	421	394	527	0.005	34.7
YP_094093_1	AAW71035_1	30.952	84	45	4	233	316	536	606	0.036	32.3
YP_094093_1	YP_001424477_2	33.929	56	34	1	346	398	400	455	0.10	30.8
YP_094093_1	YP_001424477_2	39.024	41	25	0	356	396	380	420	1.2	27.3
YP_094134_1	Q5ZZD1	100.000	255	0	0	1	255	1	255	0.0	525
YP_094134_1	Q5ZU61	20.968	186	108	6	80	251	18	178	0.87	26.2
YP_094134_1	M3B575	30.612	49	32	1	58	104	441	489	0.90	26.2
YP_094134_1	P01555	34.211	38	25	0	42	79	23	60	2.1	25.0
YP_094134_1	YP_001199348_1	41.379	29	16	1	162	190	261	288	3.4	24.6
YP_094135_1	Q5ZZD0	100.000	441	0	0	1	441	1	441	0.0	905
YP_094135_1	Q5ZZ85	28.182	110	52	5	22	114	572	671	0.14	30.0
YP_094135_1	Q5ZWH7	39.474	38	22	1	92	129	210	246	1.4	26.6
YP_094135_1	A2I8A2	40.741	27	15	1	370	395	371	397	3.4	25.4
YP_094135_1	S5TIL4	23.529	51	37	1	118	168	135	183	4.3	25.0
YP_094144_1	Q5ZZC1	100.000	1324	0	0	1	1324	1	1324	0.0	2726
YP_094144_1	Q5ZYK7	25.731	342	209	17	916	1250	396	699	5.49e-07	49.3
YP_094144_1	S6V7U9	36.842	38	23	1	1089	1126	35	71	0.34	29.6
YP_094144_1	Q88BP8	34.211	38	24	1	1089	1126	141	177	1.2	28.5
YP_094144_1	Q5ZWW5	25.600	125	82	6	575	694	42	160	2.6	27.3
YP_094150_1	Q5ZZB5	100.000	397	0	0	1	397	1	397	0.0	816
YP_094150_1	Q5ZWI4	23.529	204	124	5	3	199	19	197	4.65e-10	55.8
YP_094150_1	Q5ZWA2	44.118	34	13	2	271	298	462	495	0.90	26.9
YP_094150_1	B5AGT2	26.897	145	97	5	73	215	494	631	1.4	26.6
YP_094150_1	AAR21118_1	39.583	48	27	2	272	318	1227	1273	2.3	25.8
YP_094157_1	Q5ZZA8	100.000	286	0	0	1	286	1	286	0.0	594
YP_094157_1	NP_819821_1	30.769	52	36	0	56	107	50	101	0.001	34.3
YP_094157_1	NP_819024_1	36.000	25	15	1	157	181	219	242	1.2	25.8
YP_094157_1	D5CBA0	52.632	19	9	0	125	143	1870	1888	2.4	25.4
YP_094157_1	O84869	34.375	32	19	1	127	156	151	182	4.7	24.3
YP_094180_1	Q5ZZ85	100.000	1102	0	0	1	1102	1	1102	0.0	2250
YP_094180_1	YP_096441_1	46.482	469	240	7	1	467	5	464	7.75e-126	393
YP_094180_1	YP_095153_1	45.055	364	182	9	2	352	3	361	2.03e-89	295
YP_094180_1	Q5ZVF6	29.104	134	88	3	967	1095	130	261	5.35e-09	53.9
YP_094180_1	YP_096336_1	26.364	110	61	4	972	1066	159	263	2.60e-05	42.7
YP_094189_1	Q5ZZ76	100.000	1875	0	0	1	1875	1	1875	0.0	3835
YP_094189_1	Q5ZYJ6	24.598	809	503	32	54	806	52	809	6.02e-20	92.8
YP_094189_1	Q5ZYJ6	31.667	60	40	1	1262	1320	29	88	1.9	28.5
YP_094189_1	Q5ZYJ6	20.736	299	210	8	1459	1734	889	1183	7.1	26.9
YP_094189_1	Q5ZYJ6	25.714	70	47	1	1280	1344	760	829	9.6	26.2
YP_094189_1	Q5ZRQ1	26.562	128	88	2	18	139	15	142	4.76e-07	50.4
YP_094189_1	Q5ZRQ1	23.121	346	205	12	729	1039	14	333	2.64e-06	48.1
YP_094189_1	Q5ZRQ1	21.277	235	137	8	55	278	770	967	0.002	38.9
YP_094189_1	Q5ZRQ1	27.703	148	88	6	1460	1596	207	346	0.008	36.6
YP_094189_1	Q5ZRQ1	24.590	61	41	1	748	803	746	806	0.37	31.2
YP_094189_1	Q5ZRQ1	39.130	46	25	1	587	629	55	100	0.52	30.4
YP_094189_1	Q5ZRQ1	26.437	87	59	4	1238	1320	4	89	1.5	28.9
YP_094189_1	Q5ZTD9	39.024	41	24	1	878	917	360	400	1.5	28.9
YP_094189_1	Q5ZWI4	26.733	101	61	3	1736	1834	216	305	3.4	27.3
YP_094245_1	Q5ZZ20	100.000	317	0	0	1	317	1	317	0.0	657
YP_094245_1	CAH13571_1	31.522	92	54	3	232	314	214	305	1.15e-05	41.6
YP_094245_1	Q5ZVE4	28.571	77	48	2	168	241	215	287	0.021	32.0
YP_094245_1	Q5ZVE4	32.432	37	25	0	121	157	222	258	0.52	27.3
YP_094245_1	A7MQ14	41.935	31	18	0	248	278	94	124	1.4	25.4
YP_094245_1	Q5X443	33.333	51	27	2	143	189	34	81	3.6	24.6
YP_094288_1	YP_096170_1	64.035	1507	511	10	18	1507	6	1498	0.0	1969
YP_094288_1	YP_096169_1	51.946	1542	661	22	20	1508	6	1520	0.0	1499
YP_094288_1	YP_096169_1	37.617	428	243	9	1099	1506	1490	1913	4.34e-64	236
YP_094288_1	Q5ZSK8	30.418	263	144	8	253	486	21	273	2.63e-25	105
YP_094288_1	YP_096167_1	30.612	196	118	7	299	486	1	186	1.72e-18	83.6
YP_094288_1	Q5ZVE4	27.607	163	87	4	287	429	360	511	1.18e-11	64.7
YP_094294_1	Q5ZYX1	100.000	259	0	0	1	259	1	259	0.0	525
YP_094294_1	Q5ZV42	25.217	115	83	1	5	116	1	115	1.04e-06	44.7
YP_094294_1	Q5ZTV8	33.333	42	27	1	115	155	117	158	1.1	25.8
YP_094294_1	P0DPI1	34.211	38	25	0	37	74	591	628	3.8	24.3
YP_094294_1	Q5ZUY2	24.096	83	49	3	141	210	339	420	4.5	24.3
YP_094329_1	Q5ZYT6	100.000	1116	0	0	1	1116	1	1116	0.0	2331
YP_094329_1	Q5ZV00	29.956	227	150	3	197	416	87	311	1.22e-24	103
YP_094329_1	Q5ZZ85	21.399	243	146	9	239	468	776	986	0.99	28.9
YP_094329_1	AAR21118_1	29.231	65	43	1	370	431	753	817	2.5	27.3
YP_094329_1	NP_820749_1	27.397	73	52	1	238	310	49	120	4.1	26.2
YP_094338_1	Q5ZYS7	100.000	374	0	0	1	374	1	374	0.0	781
YP_094338_1	Q5ZYS6	29.139	151	91	4	105	248	27	168	7.77e-13	63.2
YP_094338_1	Q5ZWH5	32.812	64	36	4	151	214	102	158	2.76e-04	37.4
YP_094338_1	Q989R4	38.095	42	25	1	258	298	332	373	0.31	28.5
YP_094338_1	P46855	44.828	29	13	1	217	242	80	108	5.5	24.3
YP_094339_1	Q5ZYS6	100.000	227	0	0	1	227	1	227	5.67e-172	468
YP_094339_1	Q5ZYS7	29.139	151	91	4	27	168	105	248	4.72e-13	63.2
YP_094339_1	Q5ZWH5	23.894	113	63	7	56	162	81	176	0.16	28.1
YP_094339_1	Q79LY0	26.582	79	54	2	78	152	152	230	3.0	24.3
YP_094339_1	Q5ZTM4	40.000	25	15	0	115	139	87	111	8.7	23.1
YP_094348_1	Q5ZYR7	100.000	230	0	0	1	230	1	230	1.41e-173	472
YP_094348_1	Q5ZVX6	24.324	74	46	1	1	64	502	575	0.41	27.3
YP_094348_1	Q53591	30.000	50	31	1	174	223	53	98	2.0	25.0
YP_094348_1	YP_414449_1	36.000	25	16	0	169	193	1037	1061	2.8	24.6
YP_094348_1	O84107	33.962	53	23	2	64	116	341	381	3.0	24.3
YP_094409_1	Q5ZYK7	100.000	896	0	0	1	896	1	896	0.0	1825
YP_094409_1	Q5ZZC1	25.731	342	209	17	396	699	916	1250	4.87e-07	48.9
YP_094409_1	A5N119	26.667	45	29	1	784	828	179	219	0.80	28.5
YP_094409_1	Q5ZU75	25.893	112	79	3	247	355	63	173	3.6	26.2
YP_094409_1	Q5ZT54	28.302	53	38	0	317	369	37	89	4.0	26.6
YP_094434_1	Q5ZYI2	100.000	352	0	0	1	352	1	352	0.0	720
YP_094434_1	Q5ZSM7	33.333	63	33	2	162	224	930	983	0.19	29.3
YP_094434_1	Q5ZSM7	31.667	60	33	1	157	208	1002	1061	5.7	24.3
YP_094434_1	O84236	36.842	38	24	0	155	192	75	112	0.27	27.7
YP_094434_1	Q46210	25.000	232	129	12	33	242	118	326	0.67	27.3
YP_094434_1	NP_819032_2	40.000	25	15	0	162	186	122	146	1.0	26.2
YP_094480_1	Q5ZYD6	100.000	269	0	0	1	269	1	269	0.0	559
YP_094480_1	YP_002302734_1	28.571	91	56	3	19	106	385	469	2.98e-04	37.4
YP_094480_1	Q5ZSR5	26.531	49	36	0	64	112	600	648	0.073	30.0
YP_094480_1	Q8YX86	31.884	69	36	2	17	85	236	293	0.12	29.3
YP_094480_1	Q5ZUS4	30.645	62	39	2	58	118	308	366	0.12	29.3
YP_094481_1	Q5ZYD5	100.000	666	0	0	1	666	1	666	0.0	1371
YP_094481_1	Q5ZSJ0	25.886	367	211	14	237	597	20	331	2.80e-20	90.5
YP_094481_1	Q5ZT54	30.612	49	33	1	496	543	1059	1107	0.51	28.9
YP_094481_1	A0KHZ7	52.000	25	9	1	597	621	2248	2269	0.95	28.1
YP_094481_1	Q45755	36.170	47	25	2	572	613	383	429	2.1	26.9
YP_094562_1	Q5ZY54	100.000	282	0	0	1	282	1	282	0.0	583
YP_094562_1	Q888Y1	45.161	31	16	1	19	49	178	207	0.51	27.3
YP_094562_1	NP_820802_1	29.167	48	30	1	94	141	300	343	2.2	25.0
YP_094562_1	C7BKP9_2	30.435	46	28	2	133	174	1661	1706	2.7	25.0
YP_094562_1	C7BKP9_2	40.541	37	22	0	50	86	1619	1655	3.1	25.0
YP_094562_1	CAH11303_1	27.586	58	34	2	137	186	376	433	2.8	25.0
YP_094563_1	Q5ZY53	100.000	737	0	0	1	737	1	737	0.0	1514
YP_094563_1	Q882F0	20.270	74	58	1	162	235	136	208	0.68	28.5
YP_094563_1	B7UNX4	32.812	64	40	1	592	655	250	310	4.7	25.8
YP_094563_1	Q5ZV21	23.026	152	80	6	252	390	67	194	5.4	25.4
YP_094563_1	B9A810	22.667	75	52	2	85	159	300	368	6.1	25.4
YP_094657_1	Q5ZXW0	100.000	474	0	0	1	474	1	474	0.0	949
YP_094657_1	Q5ZRJ7	28.205	78	54	2	65	141	47	123	0.13	29.6
YP_094657_1	C1CWG1	32.727	55	26	2	126	180	358	401	0.42	28.5
YP_094657_1	U1IBD2	21.801	211	126	6	25	206	1197	1397	0.91	27.7
YP_094657_1	D2TKH5	26.829	41	30	0	247	287	22	62	1.2	26.2
YP_094670_1	Q5ZXU7	100.000	449	0	0	1	449	1	449	0.0	924
YP_094670_1	Q5ZUE7	26.429	140	80	5	211	336	7	137	0.002	35.4
YP_094670_1	Q5ZUE7	33.333	57	36	2	97	151	97	153	0.072	30.4
YP_094670_1	NP_066636_1	27.273	143	84	7	151	287	75	203	0.14	30.0
YP_094670_1	P15917	33.333	57	34	2	256	312	96	148	0.63	27.7
YP_094670_1	Q2GG12	23.469	98	63	2	27	116	110	203	1.8	26.2
YP_094678_1	Q5ZXT9	100.000	524	0	0	1	524	1	524	0.0	1082
YP_094678_1	YP_096722_1	29.655	435	207	16	4	356	3	420	4.69e-36	136
YP_094678_1	Q5ZWY9	35.632	87	46	2	432	508	288	374	3.23e-07	48.1
YP_094678_1	D5CBA0	31.148	61	29	3	75	127	2857	2912	0.36	28.9
YP_094678_1	NP_820440_1	29.167	72	44	2	234	302	69	136	0.50	28.5
YP_094731_1	Q5ZXN6	100.000	949	0	0	1	949	1	949	0.0	1946
YP_094731_1	YP_505319_1	22.967	492	244	21	365	800	444	856	1.69e-11	63.9
YP_094731_1	YP_505319_1	31.148	122	75	3	594	708	151	270	3.70e-06	46.2
YP_094731_1	YP_505319_1	35.443	79	48	2	397	474	150	226	5.25e-04	39.3
YP_094731_1	YP_505319_1	36.957	46	22	1	422	467	42	80	0.32	30.0
YP_094731_1	YP_505319_1	23.958	96	65	2	392	479	217	312	2.8	26.9
YP_094731_1	AAW71035_1	27.027	259	127	10	492	700	545	791	4.61e-10	58.9
YP_094731_1	AAW71035_1	31.579	114	70	2	629	734	345	458	5.56e-07	48.9
YP_094731_1	AAW71035_1	23.544	412	224	16	492	827	368	764	1.25e-04	41.2
YP_094731_1	AAW71035_1	24.186	430	244	17	407	781	390	792	5.68e-04	39.3
YP_094731_1	AAW71035_1	23.667	300	173	12	399	668	186	459	0.002	37.0
YP_094731_1	AAW71035_1	31.111	45	31	0	603	647	764	808	0.031	33.5
YP_094731_1	AAW71035_1	29.545	88	45	2	635	715	165	242	1.0	28.5
YP_094731_1	AAW71035_1	32.075	53	35	1	593	644	183	235	3.8	26.6
YP_094731_1	YP_001424477_2	27.338	278	160	9	367	626	372	625	2.20e-09	56.6
YP_094731_1	YP_001424477_2	25.175	143	102	3	566	708	365	502	0.003	37.0
YP_094731_1	YP_001424477_2	22.051	195	133	5	588	782	288	463	1.9	27.7
YP_094731_1	O85666	34.783	92	60	0	188	279	387	478	4.95e-07	48.5
YP_094732_1	Q5ZXN5	100.000	570	0	0	1	570	1	570	0.0	1177
YP_094732_1	O05442	25.664	113	64	5	415	516	628	731	0.032	32.3
YP_094732_1	YP_096408_1	28.571	56	38	2	176	231	8	61	1.6	26.6
YP_094732_1	P26831	22.137	131	91	3	410	534	189	314	1.8	26.9
YP_094732_1	Q9HYC2	35.000	40	24	1	490	529	479	516	2.5	26.6
YP_094932_1	Q5ZX35	100.000	243	0	0	1	243	1	243	3.13e-178	485
YP_094932_1	Q2GG12	23.881	67	51	0	4	70	113	179	3.0	24.3
YP_094932_1	Q5ZVF2	32.500	40	17	1	15	44	731	770	5.4	23.9
YP_094932_1	Q6TQF0	32.143	28	19	0	208	235	686	713	5.7	23.9
YP_094932_1	Q02307	26.531	98	61	4	7	96	16	110	6.7	23.5
YP_094974_1	Q5ZWZ3	100.000	729	0	0	1	729	1	729	0.0	1478
YP_094974_1	I3QKE4	23.529	102	57	2	196	288	225	314	0.23	30.0
YP_094974_1	O84626	26.452	155	89	6	358	500	152	293	0.67	28.5
YP_094974_1	Q5ZXJ8	22.674	172	115	5	265	433	148	304	1.2	27.7
YP_094974_1	YP_096169_1	35.417	48	25	2	504	545	1340	1387	2.9	26.6
YP_094974_1	YP_096169_1	25.424	59	42	1	320	378	986	1042	7.3	25.4
YP_094997_1	Q5ZWX1	100.000	413	0	0	1	413	1	413	0.0	842
YP_094997_1	J7QLC0	26.582	79	51	1	290	368	1228	1299	0.29	28.9
YP_094997_1	P0DKX7	26.582	79	51	1	290	368	1228	1299	0.29	28.9
YP_094997_1	H8YUQ0	28.261	92	46	4	201	291	347	419	0.30	28.5
YP_094997_1	Q45716	34.884	43	23	2	196	233	459	501	0.66	27.7
YP_095002_1	Q5ZWW6	100.000	573	0	0	1	573	1	573	0.0	1170
YP_095002_1	Q5ZSR5	41.176	34	20	0	472	505	815	848	0.11	30.8
YP_095002_1	U1IBD2	35.185	54	34	1	78	130	77	130	1.2	27.3
YP_095002_1	B5AGT2	28.049	82	53	3	89	165	7	87	4.0	25.8
YP_095002_1	Q5ZVJ1	25.610	82	44	4	215	296	704	768	5.2	25.4
YP_095134_1	Q5ZWI4	100.000	322	0	0	1	322	1	322	0.0	663
YP_095134_1	YP_096471_1	27.907	129	86	2	192	316	513	638	7.94e-11	58.5
YP_095134_1	Q5ZZB5	23.529	204	124	5	19	197	3	199	3.77e-10	55.8
YP_095134_1	Q5ZSB6	31.395	86	58	1	237	321	349	434	6.23e-06	42.7
YP_095134_1	Q5ZSR5	26.087	46	26	1	117	154	156	201	0.25	28.5
YP_095154_1	Q5ZWG4	100.000	256	0	0	1	256	1	256	0.0	515
YP_095154_1	O87327	28.333	60	41	1	33	92	46	103	2.2	25.0
YP_095154_1	Q9HYC2	29.508	61	36	2	31	87	503	560	4.1	24.3
YP_095154_1	Q5ZU43	40.000	30	16	1	180	209	569	596	6.3	23.9
YP_095154_1	Q9KS43_2	24.000	50	32	2	44	87	588	637	9.8	23.1
YP_095177_1	Q5ZWE1	100.000	168	0	0	1	168	1	168	9.38e-123	338
YP_095177_1	AAW71035_1	36.538	52	31	1	104	155	1025	1074	2.0	24.3
YP_095177_1	Q87GF9	38.298	47	27	2	25	69	389	435	4.6	23.5
YP_095177_1	Q87GF9	38.298	47	27	2	25	69	587	633	4.6	23.5
YP_095177_1	Q87GF9	30.909	55	36	1	25	77	907	961	6.1	23.1
YP_095177_1	Q87GF9	30.909	55	36	1	25	77	1333	1387	6.1	23.1
YP_095177_1	ACJ19285_1	72.727	11	3	0	1	11	54	64	5.2	21.6
YP_095177_1	P05819	31.579	38	25	1	130	167	287	323	5.5	23.1
YP_095178_1	Q5ZWE0	100.000	769	0	0	1	769	1	769	0.0	1573
YP_095178_1	Q5ZSR1	26.236	263	148	10	339	581	199	435	1.27e-10	59.7
YP_095178_1	C7BKP9_2	26.250	80	54	1	514	588	1000	1079	1.2	28.1
YP_095178_1	Q45716	25.000	96	61	4	230	318	874	965	1.9	27.3
YP_095178_1	Q5ZTB8	23.784	185	121	8	506	681	429	602	2.5	26.9
YP_095181_1	Q5ZWD7	100.000	503	0	0	1	503	1	503	0.0	1045
YP_095181_1	Q5ZWA2	32.911	79	39	4	354	426	435	505	0.31	28.9
YP_095181_1	Q83TS1	53.846	26	8	1	390	415	27	48	0.56	26.6
YP_095181_1	A9CGH1	43.333	30	16	1	386	415	19	47	0.74	27.3
YP_095181_1	Q5ZUH6	43.243	37	21	0	392	428	219	255	0.79	27.3
YP_095191_1	Q5ZWC7	100.000	256	0	0	1	256	1	256	0.0	523
YP_095191_1	D3GUW5	30.769	39	27	0	195	233	19	57	0.55	26.9
YP_095191_1	Q5ZV52	24.490	98	66	3	64	153	561	658	0.94	26.2
YP_095191_1	Q5ZZK2	40.541	37	21	1	150	185	296	332	1.6	25.4
YP_095191_1	YP_125349_1	30.000	60	30	2	153	212	811	858	2.1	25.0
YP_095258_1	Q5ZW60	100.000	598	0	0	1	598	1	598	0.0	1238
YP_095258_1	YP_096418_1	25.000	300	142	10	27	325	57	274	6.67e-14	70.1
YP_095258_1	Q5ZRP9	25.000	320	178	11	25	331	36	306	3.69e-13	67.8
YP_095258_1	C8BNX0	56.250	48	21	0	27	74	53	100	1.94e-11	62.0
YP_095258_1	C8BNX0	27.660	141	78	6	244	368	206	338	6.95e-05	41.2
YP_095258_1	Q5ZVL4	25.871	201	131	7	240	430	408	600	3.22e-06	45.4
YP_095258_1	Q5ZVL4	45.283	53	27	1	26	78	304	354	3.44e-06	45.4
YP_095303_1	Q5ZW15	100.000	354	0	0	1	354	1	354	0.0	733
YP_095303_1	Q7BE94	25.000	168	92	6	175	311	48	212	0.13	29.3
YP_095303_1	YP_095901_1	25.714	35	26	0	200	234	343	377	0.84	26.9
YP_095303_1	Q5ZSD5	28.125	64	40	2	235	292	548	611	3.6	25.0
YP_095303_1	Q5ZSE2	32.000	75	44	4	262	334	99	168	4.8	24.3
YP_095320_1	Q5ZVZ8	100.000	528	0	0	1	528	1	528	0.0	1097
YP_095320_1	C8BNX0	41.860	43	24	1	245	287	578	619	0.050	31.6
YP_095320_1	Q5ZU59	39.535	43	23	2	272	313	342	382	0.72	27.7
YP_095320_1	O68703	22.222	90	60	3	344	431	212	293	0.78	27.7
YP_095320_1	Q5ZRQ1	33.803	71	41	2	24	89	1983	2052	0.79	28.1
YP_095384_1	Q5ZVT5	100.000	974	0	0	1	974	1	974	0.0	1998
YP_095384_1	Q5ZUK1	26.316	57	41	1	22	78	11	66	0.035	33.1
YP_095384_1	Q47877	26.866	67	46	1	295	361	195	258	1.4	27.7
YP_095384_1	Q5ZW60	30.189	53	35	1	257	307	340	392	1.5	27.7
YP_095384_1	C8BNV1	25.714	105	48	3	321	401	1330	1428	2.0	27.7
YP_095455_1	Q5ZVL4	100.000	884	0	0	1	884	1	884	0.0	1837
YP_095455_1	YP_096418_1	29.684	411	258	6	259	639	11	420	9.56e-54	194
YP_095455_1	Q5ZW60	25.871	201	131	7	408	600	240	430	4.76e-06	45.4
YP_095455_1	Q5ZW60	45.283	53	27	1	304	354	26	78	5.09e-06	45.4
YP_095455_1	C8BNX0	23.846	260	160	11	412	651	206	447	8.75e-06	44.7
YP_095455_1	C8BNX0	39.655	58	33	1	300	355	48	105	2.17e-04	40.0
YP_095455_1	Q5ZRP9	24.171	211	133	7	411	609	212	407	1.57e-05	43.9
YP_095455_1	Q5ZRP9	29.348	92	61	2	274	361	5	96	3.01e-05	43.1
YP_095455_1	Q5ZRP9	18.905	201	132	5	647	840	334	510	7.3	25.4
YP_095512_1	Q5ZVF7	100.000	529	0	0	1	529	1	529	0.0	1093
YP_095512_1	YP_127810_1	33.904	292	159	9	84	366	49	315	9.06e-36	134
YP_095512_1	Q5ZSM7	31.783	129	84	3	398	522	1155	1283	2.52e-10	58.5
YP_095512_1	Q5ZVF6	36.264	91	48	4	420	506	162	246	1.58e-06	45.4
YP_095512_1	Q5ZZ03	29.600	125	72	5	157	278	193	304	2.78e-06	45.4
YP_095517_1	Q5ZVF2	100.000	865	0	0	1	865	1	865	0.0	1773
YP_095517_1	YP_096856_1	38.880	607	338	14	48	637	46	636	1.68e-121	377
YP_095517_1	YP_095397_1	31.808	437	255	15	208	629	114	522	6.07e-50	180
YP_095517_1	Q5ZVE9	37.410	139	87	0	722	860	270	408	1.99e-18	84.3
YP_095517_1	Q5ZV52	35.252	139	74	5	723	851	528	660	8.02e-13	67.4
YP_095520_1	Q5ZVE9	100.000	413	0	0	1	413	1	413	0.0	830
YP_095520_1	Q5ZVF2	37.410	139	87	0	270	408	722	860	1.46e-20	89.7
YP_095520_1	Q79LY0	30.000	50	34	1	107	156	350	398	0.10	30.0
YP_095520_1	Q5ZV52	25.217	115	73	4	280	387	537	645	0.54	28.1
YP_095520_1	YP_095397_1	47.059	34	16	1	309	340	348	381	0.86	27.3
YP_095525_1	Q5ZVE4	100.000	598	0	0	1	598	1	598	0.0	1241
YP_095525_1	Q5ZSJ4	29.000	300	157	9	299	584	494	751	1.86e-26	110
YP_095525_1	YP_096170_1	24.876	201	110	6	329	511	244	421	1.06e-10	60.1
YP_095525_1	YP_096169_1	25.103	243	127	9	281	511	229	428	4.68e-10	58.2
YP_095525_1	Q5ZSK8	24.609	256	139	11	321	552	32	257	1.38e-07	49.3
YP_095617_1	Q5ZV52	100.000	672	0	0	1	672	1	672	0.0	1361
YP_095617_1	YP_096336_1	50.350	143	71	0	530	672	155	297	2.06e-37	137
YP_095617_1	Q5ZVF2	35.252	139	74	5	528	660	723	851	6.23e-13	67.4
YP_095617_1	Q5ZSR5	21.591	264	180	11	391	643	636	883	0.002	37.0
YP_095617_1	Q5ZVF6	29.060	117	67	4	534	646	135	239	0.003	35.4
YP_095627_1	Q5ZV42	100.000	353	0	0	1	353	1	353	0.0	718
YP_095627_1	Q5ZYX1	25.217	115	83	1	1	115	5	116	1.41e-06	44.7
YP_095627_1	Q5ZSJ0	26.316	76	40	3	16	82	113	181	0.030	31.6
YP_095627_1	Q5ZZ03	28.788	66	45	2	189	252	899	964	0.13	29.6
YP_095627_1	Q9Z877	26.087	69	50	1	8	76	114	181	0.30	28.5
YP_095648_1	Q5ZV21	100.000	439	0	0	1	439	1	439	0.0	897
YP_095648_1	P14789	25.000	116	69	3	241	349	40	144	1.2	26.9
YP_095648_1	YP_124946_1	29.412	68	43	1	146	213	83	145	3.4	25.4
YP_095648_1	Q5ZY53	23.026	152	80	6	67	194	252	390	3.6	25.4
YP_095648_1	NP_066636_1	35.484	31	20	0	279	309	355	385	5.7	24.6
YP_095652_1	Q5ZV17	100.000	130	0	0	1	130	1	130	8.95e-94	262
YP_095652_1	Q5ZST2	41.667	24	14	0	102	125	47	70	0.57	25.0
YP_095652_1	Q5ZT37	25.926	81	43	3	32	98	47	124	3.4	22.7
YP_095652_1	Q9JP32	26.761	71	35	3	19	84	177	235	4.5	22.7
YP_095652_1	Q5ZRS4	33.333	54	31	2	73	121	93	146	5.3	22.3
YP_095669_1	Q5ZV00	100.000	417	0	0	1	417	1	417	0.0	858
YP_095669_1	Q5ZYT6	29.956	227	150	3	87	311	197	416	4.08e-25	103
YP_095669_1	YP_096399_1	28.571	119	84	1	112	229	110	228	1.33e-08	52.0
YP_095669_1	A0KHZ7	24.786	117	85	3	114	228	2488	2603	9.28e-06	43.5
YP_095669_1	NP_820749_1	28.395	81	57	1	120	200	41	120	0.009	32.7
YP_095687_1	Q5ZUY2	100.000	493	0	0	1	493	1	493	0.0	991
YP_095687_1	Q5ZUB7	33.824	68	37	2	275	342	206	265	0.001	36.6
YP_095687_1	YP_096408_1	37.681	69	42	1	237	304	138	206	0.012	33.1
YP_095687_1	YP_095974_1	23.585	106	79	2	200	304	114	218	1.0	27.3
YP_095687_1	Q5ZWY8	33.333	93	53	3	266	358	15	98	2.7	25.8
YP_095716_1	P37033	100.000	208	0	0	1	208	1	208	8.70e-156	425
YP_095716_1	Q8D4Y9	28.302	53	38	0	9	61	82	134	0.071	29.3
YP_095716_1	P0DPS5	30.159	63	35	2	102	160	27	84	0.37	26.9
YP_095716_1	Q5ZU59	34.211	38	25	0	127	164	182	219	1.2	25.4
YP_095716_1	NP_819077_1	30.233	43	26	1	16	58	575	613	1.8	25.0
YP_095744_1	Q5ZUS5	100.000	562	0	0	1	562	1	562	0.0	1174
YP_095744_1	Q5ZSH1	31.771	192	102	6	46	213	61	247	8.75e-18	81.6
YP_095744_1	NP_820063_1	28.505	214	128	8	68	265	129	333	1.73e-16	77.4
YP_095744_1	NP_819899_1	36.111	36	20	1	344	376	55	90	3.8	25.4
YP_095744_1	Q5ZT91	32.787	61	37	2	363	420	53	112	5.3	24.6
YP_095777_1	Q5ZUP2	100.000	436	0	0	1	436	1	436	0.0	894
YP_095777_1	Q5ZSJ2	28.682	129	76	5	12	131	103	224	0.78	27.3
YP_095777_1	A6YCJ6	30.769	65	35	2	60	116	11	73	1.00	26.9
YP_095777_1	A0FKE4	31.250	80	39	3	45	116	2	73	1.5	26.6
YP_095777_1	A0KHZ7	28.333	60	33	2	201	257	2672	2724	2.0	26.2
YP_095877_1	Q5ZUE7	100.000	220	0	0	1	220	1	220	1.48e-162	443
YP_095877_1	Q5ZXU7	26.429	140	80	5	7	137	211	336	8.49e-04	35.4
YP_095877_1	Q5ZXU7	33.333	57	36	2	97	153	97	151	0.029	30.4
YP_095877_1	D1MWR4	26.582	79	45	3	77	144	199	275	0.90	25.8
YP_095877_1	Q5ZU83	29.851	67	37	2	81	147	230	286	1.1	25.8
YP_095877_1	YP_096169_1	29.464	112	67	3	113	212	1698	1809	1.8	25.0
YP_095907_1	Q5ZUB7	100.000	573	0	0	1	573	1	573	0.0	1163
YP_095907_1	Q5ZWY8	31.638	177	95	5	197	350	67	240	3.48e-11	60.1
YP_095907_1	Q5ZWY8	35.000	60	37	2	293	351	40	98	1.6	26.6
YP_095907_1	Q5ZWY8	25.641	117	74	3	69	185	137	240	6.5	24.6
YP_095907_1	Q5ZUY2	33.824	68	37	2	206	265	275	342	0.002	36.6
YP_095907_1	Q9ZJ19	33.333	42	24	1	172	213	11	48	0.77	27.3
YP_095907_1	NP_819032_2	38.095	42	26	0	497	538	128	169	2.0	26.2
YP_095949_1	Q5ZU75	100.000	204	0	0	1	204	1	204	1.09e-151	414
YP_095949_1	YP_096408_1	52.261	199	87	4	12	204	158	354	3.63e-58	182
YP_095949_1	YP_096408_1	38.065	155	83	6	1	146	1	151	2.17e-10	54.7
YP_095949_1	YP_095974_1	29.940	167	94	6	1	148	11	173	6.88e-09	50.4
YP_095949_1	YP_095974_1	27.500	200	106	6	7	198	368	536	1.31e-07	46.6
YP_095949_1	YP_095974_1	35.606	132	74	6	12	136	83	210	1.55e-06	43.5
YP_095949_1	YP_095974_1	33.333	165	89	7	12	160	199	358	4.36e-06	42.0
YP_095949_1	YP_095974_1	33.929	112	64	3	11	116	227	334	8.41e-04	35.0
YP_095949_1	Q5ZWY8	31.461	89	49	5	50	137	42	119	0.009	32.0
YP_095949_1	Q5ZWY8	27.679	112	67	5	9	119	30	128	0.19	27.7
YP_095949_1	Q5ZU60	32.381	105	59	4	8	100	46	150	0.026	30.4
YP_095949_1	Q5ZU60	36.486	74	38	3	23	88	92	164	0.030	30.4
YP_095949_1	Q5ZU60	22.656	128	89	2	23	140	122	249	0.044	29.6
YP_095949_1	Q5ZU60	29.333	75	46	1	23	90	32	106	0.22	27.7
YP_095949_1	Q5ZU60	30.882	68	39	3	24	84	4	70	2.5	24.3
YP_095963_1	Q5ZU61	100.000	249	0	0	1	249	1	249	0.0	505
YP_095963_1	Q5ZVX2	25.309	162	99	5	5	157	191	339	0.100	29.3
YP_095963_1	Q5ZZD1	20.968	186	108	6	18	178	80	251	0.85	26.2
YP_095963_1	Q5ZUY2	27.174	92	60	3	24	109	159	249	2.1	25.0
YP_095963_1	Q45716	32.075	53	25	2	65	109	579	628	2.2	25.0
YP_095964_1	Q5ZU60	100.000	335	0	0	1	335	1	335	0.0	668
YP_095964_1	YP_095974_1	34.454	238	148	8	6	242	184	414	1.05e-26	105
YP_095964_1	YP_095974_1	30.267	337	183	12	30	331	34	353	1.51e-24	99.8
YP_095964_1	YP_095974_1	32.937	252	159	9	14	264	164	406	3.71e-23	95.5
YP_095964_1	YP_095974_1	33.835	266	141	9	6	242	68	327	4.03e-23	95.5
YP_095964_1	YP_096408_1	33.692	279	159	11	31	295	23	289	7.27e-20	84.7
YP_095964_1	YP_096408_1	29.804	255	144	8	15	240	66	314	4.77e-17	76.6
YP_095964_1	Q5ZU75	32.381	105	59	4	46	150	8	100	0.042	30.4
YP_095964_1	Q5ZU75	36.486	74	38	3	92	164	23	88	0.049	30.4
YP_095964_1	Q5ZU75	22.656	128	89	2	122	249	23	140	0.072	29.6
YP_095964_1	Q5ZU75	29.333	75	46	1	32	106	23	90	0.36	27.7
YP_095964_1	Q5ZU75	30.882	68	39	3	4	70	24	84	4.1	24.3
YP_095964_1	Q5ZWY8	26.866	134	78	6	120	248	42	160	0.085	29.6
YP_095964_1	Q5ZWY8	27.632	76	43	3	90	165	42	105	0.45	27.7
YP_095965_1	Q5ZU59	100.000	446	0	0	1	446	1	446	0.0	916
YP_095965_1	Q9Z3F4	36.170	47	26	1	91	137	641	683	0.45	28.5
YP_095965_1	Q5ZVZ8	39.535	43	23	2	342	382	272	313	0.53	28.1
YP_095965_1	Q5ZWW5	31.579	76	40	3	348	417	63	132	1.3	26.6
YP_095965_1	NP_819033_1	22.131	122	87	3	155	272	205	322	1.8	26.2
YP_095966_1	Q5ZU58	100.000	374	0	0	1	374	1	374	0.0	767
YP_095966_1	YP_067323_1	46.291	337	171	5	11	339	8	342	3.12e-103	308
YP_095966_1	Q7WZI1	37.209	43	21	2	295	331	212	254	0.85	26.9
YP_095966_1	Q5QSZ9	27.848	79	37	4	5	80	838	899	1.9	26.2
YP_095966_1	O05442	27.273	66	43	2	177	242	267	327	3.3	25.4
YP_095976_1	Q5ZU48	100.000	257	0	0	1	257	1	257	0.0	525
YP_095976_1	Q9Z780	25.316	79	57	1	1	79	6	82	1.7	25.0
YP_095976_1	Q5ZVJ1	30.909	55	26	2	152	206	122	164	1.9	25.4
YP_095976_1	A0KHZ7	30.508	59	31	2	32	90	2702	2750	4.0	24.3
YP_095976_1	Q5ZSL9	23.457	81	55	2	107	187	136	209	5.3	23.9
YP_095978_1	Q5ZU46	100.000	188	0	0	1	188	1	188	2.16e-138	380
YP_095978_1	Q84FI6	33.333	42	23	1	39	80	120	156	4.9	23.1
YP_095978_1	A1JQ83	27.273	55	32	1	15	69	36	82	5.4	23.1
YP_095978_1	E0SIS4	32.432	37	25	0	123	159	291	327	5.6	23.1
YP_095978_1	P55117	41.935	31	17	1	8	38	584	613	5.7	23.1
YP_095979_1	Q5ZU45	100.000	699	0	0	1	699	1	699	0.0	1414
YP_095979_1	NP_820668_1	25.688	109	68	1	565	673	68	163	0.44	29.3
YP_095979_1	Q8VPK4	28.169	71	41	2	35	105	1293	1353	0.68	28.5
YP_095979_1	Q5ZUG2	51.852	27	13	0	360	386	187	213	1.6	27.3
YP_095979_1	Q8XDQ1	37.500	48	29	1	204	251	41	87	3.2	26.2
YP_095980_1	Q5ZU44	100.000	436	0	0	1	436	1	436	0.0	880
YP_095980_1	Q5EN61	25.000	68	46	2	56	120	17	82	0.83	27.3
YP_095980_1	Q06117	26.000	50	35	1	335	382	194	243	3.0	25.8
YP_095980_1	Q9RBS2	26.829	41	30	0	165	205	961	1001	4.1	25.4
YP_095980_1	Q5ZSW0	24.074	108	59	4	2	95	154	252	5.7	24.6
YP_095981_1	Q5ZU43	100.000	988	0	0	1	988	1	988	0.0	2007
YP_095981_1	YP_095982_1	26.471	476	278	14	179	642	80	495	2.72e-32	128
YP_095981_1	Q5ZSR5	24.211	95	55	3	600	689	109	191	1.4	28.1
YP_095981_1	Q5ZSD5	24.490	98	68	3	591	684	266	361	1.8	27.7
YP_095981_1	ACJ19818_1	37.500	40	23	1	101	138	196	235	4.3	26.2
YP_095985_1	Q5ZU39	100.000	635	0	0	1	635	1	635	0.0	1303
YP_095985_1	YP_095729_1	25.000	592	337	15	66	626	29	544	3.23e-21	93.2
YP_095985_1	O84226	28.829	111	69	3	489	596	67	170	0.10	30.4
YP_095985_1	Q9Z7E2	26.154	65	38	2	184	244	159	217	0.58	28.5
YP_095985_1	Q5ZT91	22.727	110	70	4	460	567	114	210	1.6	26.6
YP_096166_1	YP_096169_1	89.065	1518	156	3	1	1518	6	1513	0.0	2803
YP_096166_1	YP_096169_1	54.583	480	200	4	1065	1527	1439	1917	1.05e-145	487
YP_096166_1	YP_096170_1	54.872	1560	616	26	1	1533	8	1506	0.0	1616
YP_096166_1	Q5ZSK8	32.812	256	136	11	237	469	21	263	7.70e-25	104
YP_096166_1	YP_096167_1	32.275	189	108	7	288	469	1	176	5.61e-19	85.1
YP_096166_1	Q5ZVE4	25.103	243	127	9	224	423	281	511	1.81e-09	57.4
YP_096168_1	YP_096515_1	56.718	774	324	6	99	866	36	804	0.0	919
YP_096168_1	D3GUW5	32.895	76	44	4	705	773	287	362	0.010	34.7
YP_096168_1	P40722	26.374	91	61	3	218	303	194	283	0.15	30.8
YP_096168_1	YP_095397_1	48.485	33	17	0	450	482	486	518	0.20	30.4
YP_096168_1	Q5ZYJ7	23.256	86	51	2	695	772	58	136	0.34	29.3
YP_096179_1	Q5ZTJ5	100.000	419	0	0	1	419	1	419	0.0	863
YP_096179_1	C7BKP9_2	30.380	79	55	0	191	269	523	601	0.88	27.3
YP_096179_1	Q5ZZ76	32.653	49	31	1	161	209	714	760	2.2	26.2
YP_096179_1	D2TTX7	48.148	27	11	1	250	273	416	442	2.8	25.8
YP_096179_1	P96622	24.242	66	47	1	287	349	27	92	5.7	23.9
YP_096212_1	Q5ZTG2	100.000	178	0	0	1	178	1	178	3.45e-131	360
YP_096212_1	Q5ZTL2	66.667	15	5	0	104	118	5	19	0.94	24.6
YP_096212_1	Q5ZWF6	36.842	38	24	0	111	148	99	136	1.6	24.6
YP_096212_1	D2TTX7	33.333	30	20	0	123	152	428	457	2.0	24.6
YP_096212_1	YP_124884_1	42.500	40	21	1	53	92	371	408	2.5	24.3
YP_096228_1	Q5ZTE6	100.000	590	0	0	1	590	1	590	0.0	1187
YP_096228_1	Q8Z550	35.484	93	43	5	346	427	8	94	0.62	28.1
YP_096228_1	Q5ZV52	29.870	77	45	1	232	308	256	323	1.8	26.9
YP_096228_1	YP_095901_1	26.190	126	68	4	77	192	249	359	2.2	26.6
YP_096228_1	P40699	24.096	83	36	2	430	485	217	299	3.6	25.8
YP_096260_1	Q5ZTB4	100.000	744	0	0	1	744	1	744	0.0	1545
YP_096260_1	YP_094281_1	31.071	280	148	10	294	545	4	266	4.09e-25	103
YP_096260_1	Q5ZSI8	31.746	63	36	3	295	355	16	73	0.040	32.3
YP_096260_1	Q5ZSI8	26.136	88	43	2	481	549	234	318	0.25	30.0
YP_096260_1	Q87W65	23.967	242	151	11	79	308	390	610	0.23	30.0
YP_096260_1	YP_095982_1	39.216	51	27	2	163	212	12	59	0.31	29.6
YP_096307_1	Q5ZT67	100.000	425	0	0	1	425	1	425	0.0	854
YP_096307_1	YP_095901_1	42.241	348	201	0	26	373	16	363	5.08e-89	272
YP_096307_1	Q9Z8Z8	24.000	275	178	8	97	354	37	297	6.41e-08	49.7
YP_096307_1	Q5ZSM7	26.126	111	65	2	158	258	1012	1115	0.003	35.4
YP_096307_1	Q5ZSM7	30.159	63	41	1	164	226	889	948	2.9	25.8
YP_096307_1	YP_414449_1	23.622	254	150	10	143	358	1061	1308	0.023	32.3
YP_096337_1	Q5ZT37	100.000	127	0	0	1	127	1	127	1.43e-93	261
YP_096337_1	YP_096336_1	48.750	80	41	0	1	80	1	80	3.70e-18	73.9
YP_096337_1	Q5ZWA2	40.000	25	15	0	28	52	518	542	0.33	25.8
YP_096337_1	Q5ZZ85	28.947	76	46	3	11	81	935	1007	0.97	24.6
YP_096337_1	D2AJE7	26.667	45	33	0	11	55	180	224	1.9	23.9
YP_096414_1	Q5ZSW0	100.000	365	0	0	1	365	1	365	0.0	760
YP_096414_1	AAS20351_1	28.000	75	45	2	1	68	1430	1502	0.47	28.1
YP_096414_1	P18011	31.818	66	40	2	28	93	126	186	1.0	26.9
YP_096414_1	NP_820440_1	39.583	48	20	3	199	242	408	450	1.0	26.9
YP_096414_1	Q9Z7E2	22.989	87	63	2	115	198	12	97	2.0	25.8
YP_096415_1	Q5ZSV9	100.000	101	0	0	1	101	1	101	8.88e-74	209
YP_096415_1	YP_153927_1	38.710	31	19	0	7	37	240	270	1.6	23.5
YP_096415_1	YP_124946_1	25.758	66	45	1	26	91	288	349	2.4	22.7
YP_096415_1	Q5ZUK0	21.875	32	25	0	32	63	3	34	2.6	22.7
YP_096415_1	CAH11303_1	39.130	23	14	0	29	51	70	92	2.8	22.7
YP_096417_1	Q5ZSV7	100.000	272	0	0	1	272	1	272	0.0	563
YP_096417_1	P43153	30.612	49	32	2	160	206	981	1029	1.2	26.2
YP_096417_1	U1IBD2	40.000	50	22	3	184	226	580	628	1.8	25.8
YP_096417_1	AAW70606_1	45.455	33	12	2	116	142	101	133	2.1	25.0
YP_096417_1	Q5ZYK7	28.846	52	34	2	154	204	584	633	2.2	25.4
YP_096419_1	Q5ZSV5	100.000	275	0	0	1	275	1	275	0.0	566
YP_096419_1	Q5ZVX6	29.358	109	69	4	1	102	658	765	0.27	28.1
YP_096419_1	Q5ZU22	38.235	34	21	0	56	89	509	542	0.93	26.6
YP_096419_1	Q5ZTC3	25.287	87	53	3	11	97	1130	1204	1.4	25.8
YP_096419_1	Q6WRW3	39.474	38	14	1	66	103	168	196	1.9	25.4
YP_096430_1	Q5ZSU4	100.000	753	0	0	1	753	1	753	0.0	1564
YP_096430_1	Q5ZUG2	35.385	65	34	1	676	732	163	227	0.039	32.3
YP_096430_1	ABY91230_2	28.889	90	59	3	405	493	23	108	0.39	29.6
YP_096430_1	Q888Y1	28.421	95	64	2	546	639	1861	1952	0.47	29.3
YP_096430_1	B5AGT2	28.571	70	42	3	503	572	120	181	3.3	26.6
YP_096472_1	Q5ZSQ2	100.000	507	0	0	1	507	1	507	0.0	1039
YP_096472_1	P0C0J0	22.857	105	70	3	61	163	64	159	0.15	30.0
YP_096472_1	CAX11132_1	20.270	148	90	6	126	263	325	454	0.20	29.6
YP_096472_1	Q5ZVT6	41.176	34	19	1	366	399	321	353	0.62	28.1
YP_096472_1	YP_153762_1	29.167	72	46	3	117	184	6	76	0.96	27.7
YP_096489_1	YP_096399_1	35.079	382	225	5	15	388	10	376	5.92e-79	247
YP_096489_1	Q5ZV00	32.174	115	78	0	79	193	82	196	7.06e-14	68.6
YP_096489_1	Q5ZYT6	24.607	191	129	3	82	258	195	384	4.62e-12	63.5
YP_096489_1	NP_820749_1	30.128	156	94	5	82	233	7	151	5.30e-07	45.8
YP_096489_1	A0KHZ7	22.222	108	82	1	99	204	2474	2581	0.066	31.2
YP_096497_1	Q5ZSM7	100.000	1294	0	0	1	1294	1	1294	0.0	2606
YP_096497_1	Q5ZVF7	31.783	129	84	3	1155	1283	398	522	6.06e-10	58.5
YP_096497_1	Q5ZVF6	34.586	133	75	5	1158	1282	134	262	6.10e-09	54.3
YP_096497_1	Q5ZT67	26.126	111	65	2	1012	1115	158	258	0.007	35.8
YP_096497_1	Q5ZT67	30.159	63	41	1	889	948	164	226	6.6	26.2
YP_096497_1	Q9Z8Z8	26.818	220	127	9	954	1154	150	354	0.055	32.7
YP_096497_1	Q9Z8Z8	29.268	123	63	4	1012	1110	121	243	1.1	28.5
YP_096497_1	Q9Z8Z8	22.712	295	199	9	720	995	98	382	1.6	28.1
YP_096497_1	Q9Z8Z8	23.188	138	91	3	680	805	202	336	2.3	27.7
YP_096511_1	Q5ZSL3	100.000	942	0	0	1	942	1	942	0.0	1937
YP_096511_1	Q5ZZ85	28.571	84	50	3	820	898	712	790	0.57	29.3
YP_096511_1	Q5ZZ85	35.185	54	34	1	773	825	559	612	5.6	26.2
YP_096511_1	Q07833	33.333	33	14	1	669	701	459	483	7.9	25.4
YP_096511_1	Q5ZUP2	29.213	89	54	4	735	822	295	375	8.5	25.4
YP_096511_1	Q5ZSG2	27.692	65	43	2	464	527	49	110	8.8	25.0
YP_096516_1	Q5ZSK8	100.000	397	0	0	1	397	1	397	0.0	827
YP_096516_1	YP_096167_1	71.237	299	71	5	88	385	1	285	2.62e-149	421
YP_096516_1	YP_096170_1	32.323	297	157	10	21	306	244	507	1.20e-32	125
YP_096516_1	YP_096169_1	32.812	256	136	11	21	263	242	474	2.29e-25	104
YP_096516_1	Q5ZSJ4	27.843	255	125	9	27	257	503	722	1.08e-17	80.5
YP_096517_1	YP_124884_1	74.862	907	212	8	4	904	1	897	0.0	1357
YP_096517_1	ABQ56057_1	27.132	129	93	1	339	466	15	143	1.61e-11	63.2
YP_096517_1	Q5ZSR5	27.174	92	41	2	14	79	10	101	6.10e-04	38.9
YP_096517_1	B7UI21	35.484	62	29	1	611	661	157	218	0.19	30.4
YP_096517_1	G0Z026	25.301	83	55	4	558	634	35	116	2.8	26.6
YP_096518_1	YP_124884_1	91.785	913	66	4	5	917	1	904	0.0	1707
YP_096518_1	ABQ56057_1	30.303	132	91	1	340	470	12	143	1.82e-13	69.3
YP_096518_1	Q5ZSR5	27.692	65	31	1	15	63	10	74	0.007	35.4
YP_096518_1	P55117	35.227	88	47	4	657	742	162	241	0.018	34.3
YP_096518_1	NP_820476_2	31.250	80	41	3	213	290	423	490	1.2	28.1
YP_096530_1	Q5ZSJ4	100.000	779	0	0	1	779	1	779	0.0	1622
YP_096530_1	Q5ZVE4	29.553	291	149	9	503	751	308	584	2.15e-26	110
YP_096530_1	Q5ZSK8	27.843	255	125	9	503	722	27	257	2.26e-17	80.5
YP_096530_1	YP_096170_1	25.287	261	165	8	508	757	255	496	5.29e-13	68.2
YP_096530_1	YP_096167_1	27.451	153	93	4	577	722	29	170	1.95e-11	61.2
YP_096534_1	Q5ZSJ0	100.000	558	0	0	1	558	1	558	0.0	1138
YP_096534_1	Q5ZYD5	25.886	367	211	14	20	331	237	597	1.88e-20	90.5
YP_096534_1	Q5ZV42	26.316	76	40	3	113	181	16	82	0.047	31.6
YP_096534_1	Q88BP8	35.417	48	29	1	92	137	39	86	0.19	29.6
YP_096534_1	Q5ZTB4	43.750	32	18	0	355	386	698	729	1.1	27.3
YP_096536_1	Q5ZSI8	100.000	572	0	0	1	572	1	572	0.0	1180
YP_096536_1	Q5ZTB4	31.746	63	36	3	16	73	295	355	0.031	32.3
YP_096536_1	Q5ZTB4	26.136	88	43	2	234	318	481	549	0.19	30.0
YP_096536_1	YP_094281_1	42.857	21	12	0	14	34	3	23	0.16	30.0
YP_096536_1	D2TKG5	39.623	53	18	3	265	303	32	84	0.31	27.7
YP_096536_1	U1IBD2	37.736	53	31	2	334	386	563	613	1.4	27.3
YP_096589_1	Q5ZSD5	100.000	912	0	0	1	912	1	912	0.0	1903
YP_096589_1	O84290	30.508	59	35	3	751	805	237	293	0.019	33.9
YP_096589_1	Q5ZRS4	42.424	33	18	1	773	805	277	308	0.46	29.3
YP_096589_1	CAA12192_1	32.787	61	41	0	762	822	73	133	0.69	28.5
YP_096589_1	YP_414449_1	17.347	98	80	1	49	146	1183	1279	0.84	28.9
YP_096596_1	YP_124949_1	98.204	167	1	1	1	165	1	167	3.86e-120	332
YP_096596_1	AAW71035_1	29.412	102	51	5	61	151	842	933	0.049	29.3
YP_096596_1	NP_819024_1	39.394	33	18	1	73	103	278	310	0.92	25.0
YP_096596_1	NP_820705_1	28.261	46	24	2	93	129	45	90	3.3	23.5
YP_096596_1	NP_820705_1	26.415	106	71	2	59	157	201	306	8.0	22.3
YP_096596_1	ACJ20814_1	48.000	25	8	1	140	159	363	387	3.6	23.5
YP_096608_1	Q5ZSB6	100.000	434	0	0	1	434	1	434	0.0	889
YP_096608_1	YP_096471_1	38.272	81	50	0	346	426	556	636	3.98e-08	50.8
YP_096608_1	Q5ZWI4	31.395	86	58	1	349	434	237	321	8.40e-06	42.7
YP_096608_1	NP_820773_2	26.531	49	35	1	158	205	72	120	0.40	28.1
YP_096608_1	Q5ZU60	34.483	29	19	0	179	207	14	42	0.99	26.9
YP_096747_1	Q5ZRX7	100.000	389	0	0	1	389	1	389	0.0	807
YP_096747_1	M9ZTT7	23.009	113	83	2	178	288	2472	2582	0.076	30.8
YP_096747_1	M9ZTT7	18.868	159	119	4	123	272	1913	2070	0.82	27.3
YP_096747_1	M9ZTT7	22.464	138	92	2	136	272	1813	1936	2.3	25.8
YP_096747_1	Q5ZVX6	28.378	74	51	2	28	101	108	179	0.72	27.3
YP_096747_1	B0VVE2	20.652	92	61	2	201	283	31	119	1.7	25.8
YP_096747_1	Q989R4	29.545	44	29	1	81	124	95	136	4.4	25.0
YP_096789_1	Q5ZRT5	100.000	1151	0	0	1	1151	1	1151	0.0	2315
YP_096789_1	Q8ZP57	35.185	54	29	1	327	380	378	425	0.16	31.2
YP_096789_1	U1IBD2	30.435	115	67	5	469	575	338	447	1.6	28.1
YP_096789_1	O84056	41.379	29	16	1	851	879	113	140	2.8	26.2
YP_096789_1	P18011	28.030	132	72	6	29	141	60	187	2.9	27.3
YP_096799_1	Q5ZRS6	100.000	468	0	0	1	468	1	468	0.0	953
YP_096799_1	NP_820659_1	39.583	48	22	2	367	414	57	97	0.10	29.3
YP_096799_1	NP_820659_1	34.426	61	23	3	362	405	79	139	7.9	23.9
YP_096799_1	Q5ZRQ1	34.694	49	32	0	383	431	1301	1349	0.16	30.0
YP_096799_1	P18011	30.667	75	31	3	339	413	123	176	0.29	28.9
YP_096799_1	C7BKP9_2	29.114	79	48	3	205	277	976	1052	0.38	28.9
YP_096799_1	C7BKP9_2	30.000	60	36	1	340	399	1201	1254	1.1	27.3
YP_096821_1	Q5ZRQ4	100.000	577	0	0	1	577	1	577	0.0	1187
YP_096821_1	Q4G4D1	34.694	49	30	1	371	417	21	69	0.075	30.4
YP_096821_1	Q5ZU22	25.000	152	87	6	407	544	591	729	0.40	28.9
YP_096821_1	O30783	34.211	38	25	0	266	303	23	60	0.46	28.1
YP_096821_1	YP_001910294_1	26.471	170	95	6	192	343	918	1075	0.97	27.7
YP_096824_1	Q5ZRQ1	100.000	2225	0	0	1	2225	1	2225	0.0	4537
YP_096824_1	Q5ZYJ6	23.664	524	309	15	38	530	36	499	4.88e-21	96.7
YP_096824_1	Q5ZYJ6	22.857	105	80	1	1311	1415	956	1059	0.009	36.6
YP_096824_1	Q5ZYJ6	21.053	190	130	5	1298	1483	265	438	0.097	33.1
YP_096824_1	Q5ZYJ6	19.065	278	172	10	65	331	781	1016	0.23	32.0
YP_096824_1	Q5ZYJ6	20.115	174	124	5	717	890	4	162	2.5	28.5
YP_096824_1	Q5ZZ76	31.111	90	58	1	53	142	54	139	2.70e-06	48.1
YP_096824_1	Q5ZZ76	23.121	346	205	12	14	333	729	1039	2.84e-06	48.1
YP_096824_1	Q5ZZ76	21.277	235	137	8	770	967	55	278	0.002	38.9
YP_096824_1	Q5ZZ76	27.703	148	88	6	207	346	1460	1596	0.009	36.6
YP_096824_1	Q5ZZ76	24.590	61	41	1	746	806	748	803	0.43	31.2
YP_096824_1	Q5ZZ76	39.130	46	25	1	55	100	587	629	0.61	30.4
YP_096824_1	Q5ZZ76	26.437	87	59	4	4	89	1238	1320	1.8	28.9
YP_096824_1	Q5ZRS6	34.694	49	32	0	1301	1349	383	431	0.62	30.4
YP_096824_1	NP_819566_1	22.581	93	59	2	2072	2161	312	394	1.8	28.9
YP_096825_1	Q5X159	99.167	240	2	0	7	246	1	240	0.0	493
YP_096825_1	Q5ZYK7	24.806	129	78	3	18	144	10	121	1.5	25.4
YP_096825_1	Q5ZUJ5	26.829	82	47	2	128	197	3	83	1.8	25.0
YP_096825_1	Q5ZSU2	35.897	39	21	1	148	182	325	363	2.4	24.6
YP_096825_1	O33680	47.826	23	12	0	163	185	360	382	7.2	23.5
YP_096826_1	Q5ZRP9	100.000	621	0	0	1	621	1	621	0.0	1277
YP_096826_1	YP_096418_1	27.925	265	146	9	32	296	51	270	2.66e-16	77.8
YP_096826_1	Q5ZW60	25.705	319	175	12	36	305	25	330	4.29e-13	67.4
YP_096826_1	C8BNX0	43.333	60	34	0	30	89	45	104	8.90e-10	57.0
YP_096826_1	C8BNX0	30.851	94	50	3	213	296	206	294	0.022	33.1
YP_096826_1	Q5ZVL4	24.171	211	133	7	212	407	411	609	1.19e-05	43.9
YP_096826_1	Q5ZVL4	29.348	92	61	2	5	96	274	361	2.30e-05	42.7
YP_096826_1	Q5ZVL4	18.905	201	132	5	334	510	647	840	5.8	25.4
YP_096868_1	Q5ZRK7	100.000	294	0	0	1	294	1	294	0.0	603
YP_096868_1	NP_820658_1	24.242	132	81	7	22	138	56	183	2.3	25.0
YP_096868_1	P55456	35.484	31	20	0	131	161	231	261	2.3	25.4
YP_096868_1	NP_066636_1	28.947	38	27	0	6	43	199	236	3.5	24.6
YP_096868_1	Q5ZWE8	27.273	77	42	2	60	122	123	199	4.6	24.3
YP_126891_1	Q5ZVF7	97.732	529	12	0	1	529	1	529	0.0	1074
YP_126891_1	YP_127810_1	33.904	292	159	9	84	366	49	315	1.94e-35	134
YP_126891_1	Q5ZSM7	30.233	129	86	3	398	522	1155	1283	2.16e-09	55.8
YP_126891_1	Q5ZZ03	32.000	125	69	6	157	278	193	304	6.75e-07	47.4
YP_126891_1	Q5ZVF6	34.091	88	54	3	420	506	162	246	1.03e-05	42.7
YP_127402_1	Q5ZTM4	76.697	545	120	2	1	545	1	538	0.0	834
YP_127402_1	Q5ZVF7	30.000	90	54	4	158	238	165	254	0.082	30.8
YP_127402_1	CAX11132_1	23.438	64	48	1	167	230	95	157	0.49	28.5
YP_127402_1	A5N119	21.782	101	70	2	373	467	108	205	2.8	25.8
YP_127402_1	NP_819221_1	19.588	97	69	3	185	279	129	218	2.8	25.8
YP_507621_1	Q2GG12	100.000	380	0	0	1	380	1	380	0.0	785
YP_507621_1	YP_505436_1	35.227	88	57	0	135	222	10	97	1.00e-05	42.0
YP_507621_1	Q5ZXU7	23.469	98	63	2	110	203	27	116	1.4	26.2
YP_507621_1	YP_153570_1	30.769	52	29	1	211	255	119	170	2.7	25.4
YP_507621_1	B7UMR0	24.752	101	67	3	177	270	48	146	3.3	24.6
YP_627265_1	YP_001910294_1	76.656	1208	227	10	1	1200	1	1161	0.0	1805
YP_627265_1	I3QKE3	42.857	42	21	2	890	930	196	235	0.24	30.8
YP_627265_1	I3QKE3	37.097	62	34	3	888	945	3	63	3.0	27.3
YP_627265_1	Q5ZU59	27.500	80	43	2	277	341	202	281	0.29	30.4
YP_627265_1	ACJ20041_1	24.862	181	116	7	651	818	125	298	0.40	30.0
YP_627265_1	Q7CQD4	35.849	53	32	2	235	287	56	106	5.0	26.2
YP_001425340_1	NP_819125_1	98.997	399	4	0	70	468	1	399	0.0	806
YP_001425340_1	NP_819125_1	52.174	23	11	0	4	26	67	89	1.2	26.9
YP_001425340_1	YP_001425341_2	32.450	151	89	6	24	165	494	640	3.52e-09	54.3
YP_001425340_1	YP_001425341_2	33.333	141	83	6	3	136	543	679	2.29e-08	52.0
YP_001425340_1	YP_001425341_2	38.824	85	49	3	81	162	587	671	3.77e-07	47.8
YP_001425340_1	YP_001425341_2	27.473	91	54	4	65	151	288	370	5.9	24.6
YP_001425340_1	YP_002302734_1	26.396	197	115	7	4	179	319	506	8.00e-09	53.5
YP_001425340_1	YP_002302734_1	29.870	154	92	5	9	151	253	401	8.98e-07	46.6
YP_001425340_1	YP_002302734_1	37.234	94	49	3	102	194	318	402	1.36e-06	46.2
YP_001425340_1	Q5ZYG9	29.231	65	43	1	117	178	396	460	0.097	30.4
YP_001425340_1	YP_505319_1	26.316	133	74	6	81	196	695	820	0.28	29.3
YP_001425340_1	YP_505319_1	29.091	55	39	0	80	134	27	81	0.43	28.5
YP_001425340_1	YP_505319_1	33.333	42	20	1	120	153	168	209	2.3	26.2
YP_001423669_1	YP_002302734_1	98.872	798	9	0	54	851	1	798	0.0	1627
YP_001423669_1	YP_001425341_2	25.641	624	288	16	29	531	67	635	3.27e-35	138
YP_001423669_1	YP_001425341_2	26.744	172	123	2	338	506	507	678	8.46e-13	67.4
YP_001423669_1	YP_001425341_2	28.947	114	75	3	293	406	572	679	3.95e-05	42.7
YP_001423669_1	YP_002303928_1	23.596	178	117	7	364	525	29	203	1.96e-08	53.1
YP_001423669_1	YP_002303928_1	27.083	48	29	1	41	82	47	94	7.7	25.4
YP_001423669_1	NP_819125_1	32.231	121	68	4	440	559	3	110	2.30e-07	49.3
YP_001423669_1	NP_819125_1	39.024	82	48	2	373	454	3	82	1.03e-05	44.3
YP_001423669_1	NP_819125_1	36.170	94	50	3	371	455	33	125	1.75e-05	43.5
YP_001423669_1	NP_819125_1	32.877	73	44	2	315	387	15	82	0.006	35.4
YP_001423669_1	AAW70876_1	34.615	78	46	3	413	488	4	78	9.50e-07	43.1
YP_001423669_1	AAW70876_1	32.727	55	36	1	468	522	25	78	0.001	34.7
YP_001423669_1	AAW70876_1	31.579	57	39	0	398	454	22	78	0.017	31.2
YP_001423669_1	AAW70876_1	36.170	47	29	1	374	420	32	77	0.026	30.8
YP_001424652_1	NP_820208_1	97.984	645	13	0	10	654	2	646	0.0	1312
YP_001424652_1	Q5ZYH0	29.070	86	53	2	368	453	463	540	0.002	36.6
YP_001424652_1	AAW70876_1	32.258	62	39	1	397	458	8	66	0.004	32.7
YP_001424652_1	Q5ZXN6	29.358	109	68	3	410	514	421	524	0.009	34.7
YP_001424652_1	YP_505319_1	28.409	88	56	3	392	478	691	772	0.025	33.5
YP_001424652_1	YP_505319_1	29.762	84	51	3	375	457	712	788	0.056	32.3
YP_001424652_1	YP_505319_1	34.091	44	26	1	414	457	828	868	1.4	27.7
YP_002266135_1	YP_001910294_1	74.835	1212	238	8	1	1204	1	1153	0.0	1775
YP_002266135_1	Q5ZU59	28.750	80	42	2	277	341	202	281	0.43	30.0
YP_002266135_1	P0DPS5	25.806	93	55	3	671	750	126	217	0.60	29.3
YP_002266135_1	Q5ZSD5	29.897	97	54	4	1101	1188	418	509	1.1	28.9
YP_002266135_1	I3QKE3	47.368	38	18	2	892	928	27	63	2.6	27.3
YP_002266135_1	I3QKE3	56.000	25	10	1	892	915	196	220	7.2	25.8
YP_002301189_1	YP_001910294_1	74.592	1224	238	10	1	1214	1	1161	0.0	1766
YP_002301189_1	YP_414449_1	21.918	219	137	6	858	1064	923	1119	0.022	34.3
YP_002301189_1	I3QKE3	47.368	38	18	2	890	926	27	63	1.5	28.1
YP_002301189_1	I3QKE3	56.000	25	10	1	890	913	196	220	4.1	26.6
YP_002301189_1	I3QKE3	25.397	126	75	5	937	1058	170	280	6.4	26.2
YP_002301189_1	P0DPS5	24.038	104	63	3	673	762	128	229	2.2	27.3
YP_002301189_1	I3QKE4	36.207	58	29	4	961	1017	28	78	2.7	27.3
YP_002303693_1	YP_001424216_1	99.704	338	1	0	1	338	1	338	0.0	684
YP_002303693_1	YP_002305058_1	99.087	219	2	0	113	331	1	219	9.42e-159	439
YP_002303693_1	YP_002306162_1	32.692	104	62	2	86	188	235	331	0.008	33.1
YP_002303693_1	Q5ZSR5	28.125	96	56	3	63	157	570	653	0.016	32.3
YP_002303693_1	YP_505319_1	43.137	51	27	1	83	133	820	868	0.016	32.7
YP_002303693_1	YP_505319_1	38.776	49	24	3	82	128	36	80	7.0	24.3
YP_002304003_1	YP_001424964_1	99.457	184	1	0	1	184	1	184	4.54e-136	374
YP_002304003_1	YP_002302734_1	28.226	124	80	3	29	150	340	456	2.05e-07	45.8
YP_002304003_1	Q5ZYH0	29.545	88	53	3	10	94	443	524	0.002	33.5
YP_002304003_1	Q5ZYH0	32.787	61	35	2	75	133	472	528	0.073	28.9
YP_002304003_1	YP_002303928_1	24.390	123	81	3	50	164	81	199	0.003	33.5
YP_002304003_1	YP_002303928_1	25.714	105	67	2	73	170	31	131	0.004	32.7
YP_002304003_1	YP_002303928_1	30.645	62	32	2	45	95	182	243	2.9	23.9
YP_002304003_1	YP_001424477_2	27.273	132	82	5	42	168	288	410	0.003	33.1
YP_002304003_1	YP_001424477_2	29.508	122	77	5	16	130	322	441	0.010	31.6
YP_002304003_1	YP_001424477_2	30.137	73	48	3	25	94	434	506	0.012	31.6
YP_002304003_1	YP_001424477_2	26.316	114	71	5	45	157	559	660	1.6	25.0
YP_002305652_1	YP_002303928_1	97.547	530	12	1	1	530	1	529	0.0	1052
YP_002305652_1	YP_001424477_2	27.727	220	130	7	75	290	290	484	6.70e-11	60.5
YP_002305652_1	YP_001424477_2	30.275	218	122	9	5	216	326	519	3.98e-10	57.8
YP_002305652_1	YP_001424477_2	25.980	204	119	7	5	200	294	473	6.54e-08	50.8
YP_002305652_1	YP_002302734_1	23.596	178	117	7	29	203	311	472	3.80e-09	54.7
YP_002305652_1	YP_002302734_1	22.981	161	95	5	32	165	449	607	2.7	26.2
YP_002305652_1	YP_002306162_1	25.581	258	164	7	39	290	38	273	7.90e-08	49.7
YP_002305652_1	YP_002306162_1	34.783	69	39	2	32	100	105	167	0.11	30.4
YP_002305652_1	YP_001424964_1	26.667	105	66	2	31	131	73	170	3.44e-04	37.4
YP_002305730_1	YP_001424964_1	99.457	184	1	0	1	184	1	184	2.18e-135	372
YP_002305730_1	YP_002302734_1	28.226	124	80	3	29	150	340	456	7.53e-07	43.9
YP_002305730_1	YP_002303928_1	25.203	123	80	3	50	164	81	199	6.57e-04	35.0
YP_002305730_1	YP_002303928_1	26.667	105	66	2	73	170	31	131	0.001	34.3
YP_002305730_1	YP_002303928_1	29.851	67	26	2	45	95	182	243	3.5	23.9
YP_002305730_1	Q5ZYH0	29.545	88	53	3	10	94	443	524	0.002	33.5
YP_002305730_1	Q5ZYH0	34.426	61	34	2	75	133	472	528	0.021	30.8
YP_002305730_1	AAW70876_1	22.785	79	53	3	55	129	4	78	0.004	31.2
A0A0R4J6H0	I3QKE4	73.060	464	120	2	1	463	1	460	0.0	693
A0A0R4J6H0	A0A0R4J737	36.203	453	208	12	35	424	147	581	2.58e-72	240
A0A0R4J6H0	A0A0R4J737	40.000	185	107	2	265	449	639	819	4.22e-35	134
A0A0R4J6H0	A0A0R4J737	44.037	109	61	0	141	249	658	766	1.05e-22	97.1
A0A0R4J6H0	A0A0R4J737	37.500	56	26	1	35	81	111	166	0.053	31.6
A0A0R4J6H0	Q5QSZ9	32.082	293	177	5	137	409	276	566	3.59e-39	147
A0A0R4J6H0	Q5QSZ9	44.516	155	81	2	283	434	21	173	5.76e-37	140
A0A0R4J6H0	Q5QSZ9	42.188	128	74	0	138	265	19	146	7.14e-29	115
A0A0R4J6H0	Q5QSZ9	31.410	156	100	2	138	286	435	590	9.42e-18	81.6
A0A0R4J6H0	Q5QSZ9	31.655	139	90	1	138	271	729	867	4.38e-17	79.7
A0A0R4J6H0	Q5QSZ9	30.534	131	84	3	284	409	732	860	4.13e-12	63.9
A0A0R4J6H0	A0A0R4J7V3	40.397	151	88	1	137	285	303	453	2.55e-26	107
A0A0R4J6H0	A0A0R4J7V3	36.975	119	75	0	284	402	307	425	7.44e-20	87.8
A0A0R4J6H0	I3QKE3	29.897	291	131	13	7	236	174	452	1.12e-19	87.0
A0A0R4J6H0	I3QKE3	30.973	113	78	0	288	400	361	473	1.55e-19	86.7
A0A0R4J6H0	I3QKE3	52.381	42	13	1	1	42	1	35	4.33e-04	38.1
A0A0R4J6P7	I3QKE3	78.131	535	100	5	1	534	1	519	0.0	764
A0A0R4J6P7	A0A0R4J737	30.114	176	107	5	353	525	295	457	6.30e-18	82.8
A0A0R4J6P7	A0A0R4J737	37.963	108	66	1	390	496	464	571	3.95e-17	80.1
A0A0R4J6P7	A0A0R4J737	31.250	112	77	0	373	484	662	773	2.73e-15	74.3
A0A0R4J6P7	I3QKE4	27.602	221	132	5	307	501	54	272	1.16e-17	80.9
A0A0R4J6P7	I3QKE4	33.929	112	74	0	373	484	284	395	4.39e-17	79.3
A0A0R4J6P7	I3QKE4	63.636	44	10	3	1	40	1	42	3.90e-06	44.7
A0A0R4J6P7	Q5QSZ9	31.405	121	83	0	372	492	25	145	6.78e-17	79.7
A0A0R4J6P7	Q5QSZ9	28.448	116	78	1	367	477	278	393	2.27e-06	45.8
A0A0R4J6P7	Q5QSZ9	26.901	171	115	4	366	528	730	898	3.17e-06	45.4
A0A0R4J6P7	Q5QSZ9	29.915	117	76	2	366	477	436	551	4.79e-06	44.7
A0A0R4J6P7	YP_004159284_1	32.121	165	102	6	306	466	12	170	2.73e-14	68.6
A0A0R4J835	A0A0R4J7V3	44.213	527	293	1	15	540	4	530	7.51e-159	459
A0A0R4J835	Q5QSZ9	29.707	239	163	1	290	523	411	649	1.80e-29	119
A0A0R4J835	Q5QSZ9	29.956	227	154	1	302	523	717	943	6.02e-28	114
A0A0R4J835	Q5QSZ9	31.953	169	110	1	299	462	262	430	5.04e-21	92.8
A0A0R4J835	Q5QSZ9	34.752	141	91	1	314	454	19	158	1.24e-16	79.0
A0A0R4J835	YP_004159284_1	32.105	190	127	1	306	493	62	251	6.95e-28	108
A0A0R4J835	A0A0R4J737	36.429	140	88	1	315	454	441	579	2.40e-18	84.3
A0A0R4J835	A0A0R4J737	31.210	157	106	2	305	461	646	800	2.33e-11	62.0
A0A0R4J835	A0A0R4J737	36.364	77	49	0	345	421	335	411	2.10e-09	55.5
A0A0R4J835	I3QKE4	31.609	174	104	3	310	468	273	446	1.89e-15	74.3
A0A0R4J835	I3QKE4	31.788	151	101	1	313	463	133	281	2.62e-13	67.4
Q6G2A9	A0A0R4J7V3	44.612	529	292	1	17	544	4	532	6.27e-160	462
Q6G2A9	Q5QSZ9	30.645	248	153	2	292	527	411	651	2.14e-29	119
Q6G2A9	Q5QSZ9	31.148	244	145	3	296	527	713	945	7.81e-29	117
Q6G2A9	Q5QSZ9	34.000	200	119	4	297	489	258	451	7.01e-23	98.6
Q6G2A9	Q5QSZ9	37.063	143	87	2	316	457	19	159	2.99e-18	84.0
Q6G2A9	YP_004159284_1	35.714	182	115	1	310	489	64	245	1.94e-26	103
Q6G2A9	I3QKE4	33.333	180	113	3	262	441	230	402	4.96e-21	91.7
Q6G2A9	I3QKE4	34.667	150	98	0	303	452	121	270	2.03e-18	83.6
Q6G2A9	E6Z0R3	32.642	193	108	5	19	207	11	185	1.80e-20	89.7
I3QKD5	A0A0R4J7V3	44.991	529	286	4	15	541	4	529	4.60e-156	452
I3QKD5	Q5QSZ9	30.290	241	163	2	290	525	411	651	1.37e-28	116
I3QKD5	Q5QSZ9	30.568	229	154	2	302	525	717	945	5.34e-27	111
I3QKD5	Q5QSZ9	31.731	208	129	4	299	499	262	463	2.54e-20	90.5
I3QKD5	Q5QSZ9	37.762	143	86	2	314	455	19	159	9.76e-18	82.4
I3QKD5	YP_004159284_1	32.418	182	121	1	308	487	64	245	5.71e-23	94.0
I3QKD5	I3QKE4	36.913	149	94	0	302	450	122	270	1.96e-20	89.7
I3QKD5	I3QKE4	31.000	200	128	5	260	456	230	422	4.87e-18	82.4
I3QKD5	E6Z0R3	30.052	193	113	5	17	205	11	185	1.03e-17	81.3
P04979	P04979_2	100.000	227	0	0	1	227	1	227	3.43e-171	466
P04979	YP_067323_1	25.000	40	30	0	154	193	65	104	0.21	28.1
P04979	YP_153762_1	28.846	52	34	1	27	78	658	706	0.42	27.3
P04979	YP_001425341_2	56.250	16	7	0	164	179	58	73	0.67	26.6
P04979	YP_096170_1	28.814	59	28	3	78	122	234	292	1.6	25.4
P0A3R5	P0A3R5_2	100.000	152	0	0	1	152	1	152	1.33e-111	309
P0A3R5	P0A3W8	34.091	44	24	1	3	41	321	364	1.5	24.3
P0A3R5	P40699	32.075	53	33	2	23	73	49	100	3.1	23.5
P0A3R5	WP_023098797_1	34.146	41	21	1	79	113	179	219	3.2	23.5
P0A3R5	ABY91230_2	41.667	36	17	1	23	54	279	314	9.7	21.9
P55980	YP_001910294_1	77.881	1189	232	7	1	1186	1	1161	0.0	1818
P55980	YP_414449_1	22.831	219	118	7	858	1036	912	1119	0.89	28.9
P55980	ACJ20041_1	24.713	174	113	6	656	816	125	293	1.6	28.1
P55980	NP_820749_1	35.185	54	32	2	576	628	46	97	2.9	26.6
P55980	YP_096722_1	30.769	52	34	1	360	411	385	434	3.0	27.3
YP_003077623_1	Q9AJW7	41.711	187	104	2	7	193	3	184	6.07e-52	161
YP_003077623_1	YP_003236082_1	28.689	122	77	2	34	145	28	149	2.07e-15	67.4
YP_003077623_1	YP_003367517_1	25.676	148	109	1	39	186	32	178	2.98e-15	66.6
YP_003077623_1	Q326S7	32.941	85	55	2	47	129	52	136	4.95e-11	55.5
YP_003077623_1	Q5ZT54	23.913	46	34	1	63	107	154	199	4.5	23.5
YP_003078466_1	ACT72390_1	100.000	172	0	0	1	172	1	172	1.24e-130	358
YP_003078466_1	YP_002328290_1	82.456	171	30	0	2	172	47	217	6.00e-106	298
YP_003078466_1	S6TW99	43.396	53	27	1	120	169	152	204	4.38e-07	43.9
YP_003078466_1	S6U3U1	45.238	42	20	1	129	167	25	66	1.99e-04	34.3
YP_003078466_1	C0SPQ2	37.931	58	34	1	114	169	224	281	0.002	33.5
YP_003079770_1	B7UI21	97.872	329	7	0	1	329	1	329	0.0	668
YP_003079770_1	Q8VQB5	31.034	58	40	0	232	289	564	621	0.20	28.9
YP_003079770_1	WP_076706633_1	41.935	31	18	0	161	191	173	203	0.24	28.5
YP_003079770_1	C7BKP9_2	32.812	64	39	2	216	276	2271	2333	1.6	26.2
YP_003079770_1	M9ZTT7	32.759	58	32	2	201	258	2139	2189	1.7	26.2
YP_003079771_1	YP_002330704_1	99.554	224	1	0	1	224	1	224	4.47e-169	460
YP_003079771_1	P0A3W8	25.000	96	60	3	20	103	269	364	0.095	28.9
YP_003079771_1	Q989R4	32.000	50	33	1	47	95	580	629	0.26	27.7
YP_003079771_1	NP_820840_1	33.333	36	23	1	73	108	511	545	2.3	24.6
YP_003079771_1	P09167	28.767	73	42	4	47	119	13	75	2.6	24.6
YP_003080474_1	YP_003236082_1	77.340	203	46	0	1	203	1	203	1.86e-117	328
YP_003080474_1	Q9AJW7	31.008	129	87	2	49	177	38	164	2.62e-18	75.1
YP_003080474_1	Q9AJW7	32.836	67	40	3	132	194	10	75	0.044	29.3
YP_003080474_1	YP_003367517_1	24.161	149	111	2	53	201	43	189	3.82e-12	58.2
YP_003080474_1	Q326S7	29.104	134	89	6	49	178	51	182	3.24e-10	53.1
YP_003080474_1	Q5PEA9	23.457	81	51	2	66	144	249	320	1.4	25.0
YP_003080476_1	BAI28417_1	69.643	168	50	1	2	168	4	171	8.70e-85	243
YP_003080476_1	P11437	38.462	26	15	1	33	58	64	88	0.91	25.4
YP_003080476_1	N1LIK5	27.273	33	24	0	69	101	130	162	1.6	24.6
YP_003080476_1	Q5ZXN5	35.714	28	18	0	86	113	527	554	3.8	23.5
YP_003080476_1	NP_820802_1	26.966	89	59	3	3	87	184	270	4.5	23.1
YP_003080501_1	B7UH72	42.932	382	217	1	16	397	10	390	9.83e-111	326
YP_003080501_1	Q326N4	21.147	279	202	9	37	304	20	291	3.46e-08	50.4
YP_003080501_1	Q5ZVT6	23.585	106	73	1	271	376	34	131	0.87	26.9
YP_003080501_1	ABD44194_1	24.000	75	47	1	138	212	453	517	1.6	26.6
YP_003080501_1	ABD44194_1	21.739	138	103	2	80	213	423	559	7.6	24.3
YP_003080501_1	ABD44194_1	27.692	65	46	1	149	213	660	723	7.9	24.3
YP_003080501_1	B4XHJ7	29.268	41	29	0	27	67	407	447	1.7	26.2
YP_003223457_1	YP_003080462_1	76.984	252	52	1	1	252	1	246	1.07e-117	334
YP_003223457_1	A2A0X5	34.978	223	97	6	90	288	178	376	1.02e-20	87.0
YP_003223457_1	A2A0X5	34.583	240	106	7	73	288	211	423	1.24e-19	84.0
YP_003223457_1	A2A0X5	34.599	237	110	6	73	288	117	329	1.44e-19	84.0
YP_003223457_1	A2A0X5	32.937	252	127	5	58	288	52	282	9.05e-19	81.6
YP_003223457_1	A2A0X5	34.500	200	80	7	73	248	258	430	2.28e-15	71.6
YP_003223457_1	A4PDU9	33.846	195	81	6	31	201	25	195	5.88e-18	76.3
YP_003223457_1	A4PDU9	36.538	104	66	0	185	288	85	188	9.01e-09	50.1
YP_003223457_1	BAF45424_1	29.888	358	145	10	1	288	1	322	4.26e-17	75.9
YP_003223457_1	BAF45424_1	34.444	180	76	5	90	248	171	329	5.67e-14	67.0
YP_003223457_1	Q156B7	30.380	79	51	2	37	112	92	169	0.11	29.6
YP_003223457_1	Q156B7	35.000	40	25	1	255	294	125	163	4.7	24.3
YP_003223469_1	YP_003236082_1	82.266	203	36	0	1	203	1	203	1.88e-127	353
YP_003223469_1	Q9AJW7	32.624	141	90	3	49	189	38	173	5.47e-20	79.3
YP_003223469_1	Q9AJW7	35.185	54	28	3	129	175	4	57	8.1	22.3
YP_003223469_1	YP_003367517_1	24.832	149	110	2	53	201	43	189	2.59e-13	61.6
YP_003223469_1	Q326S7	34.483	87	54	3	49	133	51	136	2.71e-10	53.5
YP_003223469_1	Q87W65	26.154	65	46	1	120	184	450	512	0.10	28.9
YP_003223471_1	BAI28417_1	99.415	171	1	0	1	171	1	171	4.03e-127	350
YP_003223471_1	A8YQR4	42.857	35	18	1	121	153	64	98	0.67	25.4
YP_003223471_1	G9L9K6	27.119	59	41	2	36	94	62	118	1.5	25.0
YP_003223471_1	Q9Z8G9	31.579	57	26	3	99	145	38	91	1.5	24.6
YP_003223471_1	Q5ZR83	27.907	43	31	0	78	120	108	150	8.4	22.3
YP_003223478_1	BAI32344_1	100.000	98	0	0	1	98	1	98	1.54e-65	188
YP_003223478_1	Q87GF9	45.714	35	18	1	3	36	1456	1490	0.45	25.0
YP_003223478_1	AAR21118_1	33.333	42	17	1	56	97	1243	1273	1.2	23.9
YP_003223478_1	ABY91230_2	35.714	42	16	1	56	97	1851	1881	1.4	23.5
YP_003223478_1	Q5ZSH6	40.909	22	13	0	46	67	185	206	1.8	23.1
YP_003223496_1	B7UH72	42.455	391	222	2	9	397	1	390	1.95e-113	333
YP_003223496_1	Q326N4	23.793	290	196	9	45	320	28	306	9.62e-13	64.7
YP_003223496_1	F0V195	32.812	64	40	2	307	370	49	109	0.075	30.8
YP_003223496_1	ACJ19818_1	24.286	70	51	2	186	255	7	74	1.1	26.6
YP_003223496_1	NP_820659_1	24.419	86	54	4	179	262	38	114	2.1	25.0
YP_003228218_1	A2A0X5	96.774	248	8	0	1	248	1	248	2.59e-170	473
YP_003228218_1	A2A0X5	94.737	171	9	0	80	250	268	438	3.52e-110	320
YP_003228218_1	A2A0X5	92.899	169	12	0	80	248	174	342	4.41e-107	312
YP_003228218_1	A2A0X5	92.899	169	12	0	80	248	221	389	4.41e-107	312
YP_003228218_1	A4PDU9	92.537	201	15	0	1	201	1	201	2.66e-125	350
YP_003228218_1	BAF45424_1	95.906	171	7	0	80	250	167	337	7.21e-104	300
YP_003228218_1	BAF45424_1	63.230	291	53	2	1	244	1	284	1.95e-90	266
YP_003228218_1	YP_003080462_1	33.452	281	109	11	1	242	1	242	1.53e-24	94.0
YP_003228218_1	O84883	21.429	70	46	1	77	137	395	464	0.62	26.9
YP_003228218_1	O84883	20.833	48	38	0	137	184	417	464	1.1	25.8
YP_003232132_1	B7UH72	42.932	382	217	1	16	397	10	390	7.35e-114	334
YP_003232132_1	Q326N4	23.448	290	197	9	45	320	28	306	5.89e-12	62.0
YP_003232132_1	F0V195	32.812	64	40	2	307	370	49	109	0.077	30.4
YP_003232132_1	ACJ19818_1	25.714	70	50	2	186	255	7	74	0.37	28.1
YP_003232132_1	D4HZV6	37.209	43	21	1	159	195	381	423	0.88	27.3
YP_003232150_1	BAI32344_1	71.000	100	27	1	1	100	1	98	5.24e-26	89.0
YP_003232150_1	Q5EN61	40.000	30	18	0	35	64	442	471	1.6	23.5
YP_003232150_1	Q8VPK4	33.333	33	22	0	23	55	465	497	2.4	22.7
YP_003232150_1	Q87GF9	36.842	57	32	3	3	55	1456	1512	3.2	22.3
YP_003232150_1	AAR21118_1	30.612	49	29	1	56	99	1225	1273	4.1	22.3
YP_003232157_1	BAI28417_1	100.000	171	0	0	1	171	1	171	2.18e-128	353
YP_003232157_1	A8YQR4	42.857	35	18	1	121	153	64	98	0.97	25.0
YP_003232157_1	Q9Z8G9	29.114	79	40	4	99	164	38	113	1.3	24.6
YP_003232157_1	G9L9K6	27.143	70	47	3	36	105	62	127	3.6	23.5
YP_003232157_1	CAH11504_1	43.478	23	13	0	81	103	302	324	8.3	22.3
YP_003232159_1	YP_003236082_1	82.759	203	35	0	1	203	1	203	1.34e-128	356
YP_003232159_1	Q9AJW7	32.624	141	90	3	49	189	38	173	2.00e-20	80.5
YP_003232159_1	Q9AJW7	35.185	54	28	3	129	175	4	57	1.1	25.0
YP_003232159_1	YP_003367517_1	24.832	149	110	2	53	201	43	189	3.07e-13	61.2
YP_003232159_1	Q326S7	34.483	87	54	3	49	133	51	136	2.74e-10	53.5
YP_003232159_1	Q87W65	24.615	65	47	2	120	184	450	512	0.19	28.1
YP_003232171_1	YP_003080462_1	77.561	205	46	0	1	205	1	205	1.47e-96	277
YP_003232171_1	A4PDU9	34.483	174	114	0	31	204	25	198	6.41e-20	79.7
YP_003232171_1	A2A0X5	37.984	129	77	1	73	201	211	336	7.33e-15	67.8
YP_003232171_1	A2A0X5	37.984	129	77	1	73	201	258	383	7.33e-15	67.8
YP_003232171_1	A2A0X5	38.393	112	69	0	90	201	178	289	4.69e-13	62.8
YP_003232171_1	A2A0X5	36.364	132	81	1	73	204	305	433	1.05e-11	58.9
YP_003232171_1	A2A0X5	37.209	129	78	1	73	201	117	242	1.20e-11	58.5
YP_003232171_1	A2A0X5	34.028	144	95	0	58	201	52	195	1.06e-10	55.8
YP_003232171_1	BAF45424_1	37.391	115	72	0	90	204	218	332	4.34e-13	62.4
YP_003232171_1	BAF45424_1	33.663	202	119	3	1	201	1	188	2.23e-10	54.7
YP_003232171_1	BAF45424_1	37.500	112	70	0	90	201	171	282	1.25e-09	52.4
YP_003232171_1	Q156B7	30.380	79	51	2	37	112	92	169	0.048	29.6
YP_003232171_1	Q156B7	32.609	46	30	1	161	206	125	169	1.3	25.4
YP_003233582_1	A2A0X5	80.117	342	21	1	1	295	1	342	1.82e-175	488
YP_003233582_1	A2A0X5	92.593	216	16	0	80	295	174	389	5.76e-142	403
YP_003233582_1	A2A0X5	94.037	218	13	0	80	297	221	438	8.10e-134	382
YP_003233582_1	BAF45424_1	71.217	337	57	2	1	297	1	337	5.31e-136	384
YP_003233582_1	A4PDU9	87.562	201	25	0	1	201	1	201	2.09e-120	339
YP_003233582_1	A4PDU9	94.355	124	7	0	174	297	80	203	3.88e-81	240
YP_003233582_1	YP_003080462_1	30.961	281	116	11	1	242	1	242	4.20e-20	83.2
YP_003233582_1	YP_003080462_1	33.854	192	55	9	131	289	90	242	9.54e-14	65.5
YP_003233582_1	O84883	22.857	70	45	1	77	137	395	464	0.41	27.7
YP_003233582_1	O84883	22.917	48	37	0	184	231	417	464	0.42	27.7
YP_003233582_1	O84883	20.833	48	38	0	137	184	417	464	0.73	26.9
YP_003233582_1	O84883	20.833	48	38	0	231	278	417	464	0.73	26.9
YP_003236067_1	B7UH72	44.241	382	212	1	16	397	10	390	2.59e-113	332
YP_003236067_1	Q326N4	22.615	283	193	9	37	304	20	291	2.95e-08	50.8
YP_003236067_1	Q5ZVT6	23.276	116	76	2	271	386	34	136	0.51	27.7
YP_003236067_1	B4XHJ7	29.268	41	29	0	27	67	407	447	2.5	25.8
YP_003236067_1	ABD44194_1	22.464	138	102	2	80	213	423	559	3.1	25.4
YP_003236067_1	ABD44194_1	27.692	65	46	1	149	213	660	723	9.7	23.9
YP_003236070_1	YP_003080462_1	71.970	264	54	6	1	261	1	247	2.04e-107	307
YP_003236070_1	A2A0X5	37.017	181	97	7	85	256	211	383	5.46e-15	69.7
YP_003236070_1	A2A0X5	36.095	169	93	6	97	256	174	336	2.14e-13	65.1
YP_003236070_1	A2A0X5	36.313	179	101	6	85	256	117	289	6.31e-12	60.5
YP_003236070_1	A2A0X5	36.313	179	101	6	85	256	258	430	6.31e-12	60.5
YP_003236070_1	A2A0X5	35.625	160	92	5	104	256	87	242	5.91e-10	54.7
YP_003236070_1	A2A0X5	36.090	133	77	4	85	213	305	433	3.85e-07	46.2
YP_003236070_1	A4PDU9	32.812	192	103	7	28	213	27	198	1.07e-11	58.2
YP_003236070_1	A4PDU9	37.168	113	61	4	150	256	87	195	1.44e-08	49.3
YP_003236070_1	BAF45424_1	35.928	167	96	5	97	256	167	329	3.32e-10	55.1
YP_003236070_1	BAF45424_1	32.069	290	155	8	1	256	1	282	4.50e-08	48.5
YP_003236070_1	BAF45424_1	39.759	83	43	3	85	164	251	329	1.13e-05	41.2
YP_003236070_1	Q5ZSM7	25.974	77	49	2	109	185	501	569	1.4	25.8
YP_003236084_1	BAI28417_1	71.856	167	45	1	1	165	1	167	4.26e-86	246
YP_003236084_1	NP_820552_1	44.737	38	21	0	129	166	423	460	0.079	28.5
YP_003236084_1	CAH11504_1	33.333	33	22	0	73	105	296	328	1.5	24.6
YP_003236084_1	WP_123778901_1	25.000	76	55	1	5	78	397	472	2.2	24.3
YP_003236084_1	CAJ11627_1	47.619	21	11	0	114	134	87	107	5.5	22.7
YP_003236091_1	BAI32344_1	82.653	98	17	0	1	98	1	98	2.98e-36	114
YP_003236091_1	Q87GF9	47.059	34	17	1	3	35	1456	1489	0.29	25.4
YP_003236091_1	AAR21118_1	41.667	24	14	0	74	97	1250	1273	1.2	23.9
YP_003236091_1	G9L9K6	64.286	14	5	0	24	37	351	364	1.6	23.5
YP_003236091_1	ABY91230_2	41.667	24	14	0	74	97	1858	1881	1.8	23.1
YP_003294925_1	Q4G4D1	99.482	193	1	0	1	193	1	193	2.61e-142	390
YP_003294925_1	BAE19884_1	99.206	126	1	0	68	193	1	126	5.19e-88	250
YP_003294925_1	Q9R803	30.370	135	92	2	35	168	38	171	2.88e-12	58.5
YP_003294925_1	Q8XC86	30.137	73	47	1	35	107	45	113	6.45e-05	38.1
YP_003294925_1	P37131	31.579	114	59	6	82	186	273	376	0.014	31.2
YP_003363979_1	D2AJ46	34.426	244	144	7	40	276	41	275	2.21e-32	117
YP_003363979_1	Q327J1	33.632	223	134	6	59	276	1	214	9.62e-29	105
YP_003363979_1	YP_002306162_1	40.000	20	12	0	225	244	256	275	3.6	24.6
YP_003363979_1	YP_153927_1	61.111	18	6	1	253	269	1022	1039	3.9	24.6
YP_003363979_1	Q5ZU22	30.612	49	28	2	100	143	861	908	4.2	24.6
YP_003363980_1	A1KWQ2	80.361	443	72	4	1	430	1	441	0.0	694
YP_003363980_1	A1KWP5	80.233	344	56	1	99	430	2	345	0.0	550
YP_003363980_1	I3QKE3	34.921	63	34	2	241	297	371	432	0.15	29.6
YP_003363980_1	Q45716	24.370	119	72	5	207	319	683	789	0.44	28.5
YP_003363980_1	NP_820063_1	24.658	73	50	2	199	271	146	213	4.6	25.0
YP_003364692_1	B7UI21	88.754	329	37	0	1	329	1	329	0.0	615
YP_003364692_1	M9ZTT7	32.759	58	32	2	201	258	2139	2189	0.41	28.1
YP_003364692_1	ABS77055_1	52.174	23	8	1	234	253	90	112	1.5	25.8
YP_003364692_1	Q5ZXT6	25.000	60	33	1	194	253	104	151	1.7	25.8
YP_003364692_1	C7BKP9_2	32.812	64	39	2	216	276	2271	2333	2.1	25.8
YP_003364693_1	YP_002330704_1	85.714	224	32	0	1	224	1	224	1.87e-147	406
YP_003364693_1	NP_820840_1	35.417	48	28	2	62	108	500	545	0.76	26.2
YP_003364693_1	ABS77747_2	45.000	40	19	2	100	136	87	126	2.3	24.6
YP_003364693_1	Q5ZSZ4	41.463	41	23	1	174	214	71	110	2.5	24.6
YP_003364693_1	Q989R4	30.000	40	28	0	56	95	590	629	3.9	24.3
YP_003365223_1	B7UNX4	90.606	330	31	0	1	330	1	330	0.0	627
YP_003365223_1	Q8ZMY7	24.096	166	101	7	68	227	78	224	0.39	27.7
YP_003365223_1	Q8ZQA1	30.556	72	36	3	168	227	97	166	0.62	26.6
YP_003365223_1	YP_418361_1	28.947	38	27	0	32	69	28	65	4.1	24.3
YP_003365223_1	Q5ZVX6	64.286	14	5	0	11	24	726	739	6.2	24.3
YP_003366482_1	B7UH72	43.603	383	215	1	15	397	9	390	2.00e-112	330
YP_003366482_1	Q326N4	21.898	274	192	11	45	305	28	292	5.99e-08	49.7
YP_003366482_1	Q45755	34.328	67	31	4	210	275	510	564	0.79	27.3
YP_003366482_1	NP_819950_2	32.394	71	32	3	209	275	407	465	2.7	25.4
YP_003366482_1	D4HZV6	44.000	25	14	0	172	196	400	424	2.9	25.4
YP_003366484_1	YP_003080462_1	65.079	252	82	1	1	252	1	246	1.68e-94	276
YP_003366484_1	A2A0X5	33.184	223	117	16	89	295	177	383	1.40e-13	66.2
YP_003366484_1	A2A0X5	32.340	235	132	13	73	295	117	336	1.42e-13	66.2
YP_003366484_1	A2A0X5	31.915	235	133	13	73	295	211	430	1.81e-12	62.8
YP_003366484_1	A2A0X5	30.935	278	168	12	30	295	24	289	3.06e-10	56.2
YP_003366484_1	A4PDU9	30.435	207	122	9	1	199	1	193	7.31e-10	53.5
YP_003366484_1	A4PDU9	31.757	148	83	9	107	246	56	193	7.65e-07	44.7
YP_003366484_1	A4PDU9	35.043	117	60	8	187	295	87	195	1.03e-06	44.3
YP_003366484_1	BAF45424_1	32.258	217	127	11	89	295	123	329	1.86e-07	47.4
YP_003366484_1	BAF45424_1	30.351	313	169	12	1	295	1	282	1.72e-06	44.3
YP_003366484_1	Q156B7	29.231	130	81	4	46	175	104	222	0.047	30.8
YP_003366484_1	Q156B7	34.043	47	30	1	255	301	125	170	1.3	26.2
YP_003366488_1	Q8XC86	61.994	321	113	3	1	321	1	312	1.67e-119	342
YP_003366488_1	D8P480	30.667	75	48	2	130	200	607	681	0.70	27.3
YP_003366488_1	Q9R803	25.000	116	78	4	4	115	1	111	0.80	26.6
YP_003366488_1	Q881L7	30.120	83	53	3	166	247	3	81	2.2	25.4
YP_003366488_1	O84856	32.203	59	37	1	33	88	15	73	3.4	24.3
YP_003366489_1	Q7DB81	70.000	380	108	1	1	380	1	374	0.0	529
YP_003366489_1	O84947	34.043	94	59	3	104	195	80	172	4.98e-07	47.0
YP_003366489_1	P37131	26.380	163	96	6	154	302	139	291	0.003	35.0
YP_003366489_1	D2TZ34	35.616	73	39	3	117	185	289	357	0.009	33.5
YP_003366489_1	YP_003294926_1	22.901	131	83	3	56	185	59	172	0.072	30.4
YP_003366496_1	YP_003236082_1	81.773	203	37	0	1	203	1	203	1.96e-125	348
YP_003366496_1	Q9AJW7	32.624	141	87	3	37	177	32	164	9.64e-20	78.6
YP_003366496_1	YP_003367517_1	27.407	135	96	2	53	187	43	175	1.93e-13	62.0
YP_003366496_1	Q326S7	30.769	117	78	3	74	187	76	192	1.72e-09	51.2
YP_003366496_1	AAW70649_1	25.472	106	62	5	111	200	1	105	0.52	25.4
YP_003366498_1	BAI28417_1	67.251	171	56	0	9	179	1	171	4.25e-85	244
YP_003366498_1	A9ZNG6	25.000	100	55	5	28	124	12	94	0.18	27.3
YP_003366498_1	Q89BB8	55.000	20	9	0	154	173	685	704	0.51	26.6
YP_003366498_1	Q5ZRQ1	30.612	49	33	1	127	175	1197	1244	1.1	25.4
YP_003366498_1	YP_415003_1	33.333	18	12	0	87	104	42	59	6.5	21.9
YP_003366505_1	BAI32344_1	65.000	100	33	1	1	100	1	98	4.75e-26	89.0
YP_003366505_1	YP_127577_1	39.286	28	17	0	5	32	542	569	0.18	26.2
YP_003366505_1	A0KHZ7	50.000	22	11	0	7	28	2607	2628	2.8	22.7
YP_003366505_1	D4T570	36.842	38	24	0	47	84	198	235	8.1	21.2
YP_003366672_1	Q9AJW7	49.444	180	90	1	7	186	3	181	2.82e-60	182
YP_003366672_1	YP_003367517_1	29.651	172	120	1	8	179	5	175	7.64e-22	84.0
YP_003366672_1	YP_003236082_1	29.365	126	87	2	46	169	53	178	1.22e-15	67.8
YP_003366672_1	Q326S7	25.385	130	89	4	44	167	53	180	3.63e-08	47.4
YP_003366672_1	Q5ZV03	24.242	66	46	1	32	93	42	107	1.1	25.4
YP_003367307_1	YP_003364209_1	100.000	235	0	0	1	235	1	235	2.15e-178	484
YP_003367307_1	E7PP21	35.443	79	45	3	137	211	141	217	0.003	33.5
YP_003367307_1	C1CWG1	26.452	155	98	6	65	219	261	399	0.003	33.9
YP_003367307_1	Q7DB81	42.857	28	12	1	184	211	76	99	5.7	23.5
YP_003367307_1	NP_819077_1	37.037	27	17	0	185	211	300	326	6.8	23.5
YP_003368270_1	A9ZNG6	83.276	293	49	0	1	293	1	293	0.0	514
YP_003368270_1	Q99PZ6	27.612	134	88	4	133	259	27	158	4.77e-10	53.9
YP_003368270_1	Q99PZ6	20.370	54	33	2	236	286	41	87	1.4	25.4
YP_003368270_1	O84871	23.485	132	95	3	149	274	259	390	1.7	25.8
YP_003368270_1	Q9Z8P7	31.429	35	23	1	166	200	7	40	2.3	24.6
YP_003368270_1	D8P480	26.923	52	29	2	240	288	232	277	2.8	25.0
YP_003368271_1	Q8XAL7	85.185	189	28	0	4	192	1	189	1.44e-121	337
YP_003368271_1	Q5ZVT5	30.952	84	46	4	23	102	868	943	0.98	25.8
YP_003368271_1	CAH11504_1	24.719	89	62	2	30	116	484	569	1.2	25.4
YP_003368271_1	Q5ZZF1	24.427	131	73	7	49	171	126	238	1.7	24.6
YP_003368271_1	Q5ZSR5	39.535	43	23	2	10	49	878	920	4.6	23.5
YP_003368274_1	YP_002328290_1	83.410	217	36	0	1	217	1	217	1.37e-136	377
YP_003368274_1	ACT72390_1	78.947	171	36	0	47	217	2	172	6.11e-102	288
YP_003368274_1	S6TW99	43.182	44	22	1	174	214	161	204	6.16e-06	41.2
YP_003368274_1	S6U3U1	40.476	42	22	1	174	212	25	66	7.38e-04	32.7
YP_003368274_1	F3IDL2	22.059	136	99	3	79	211	11	142	0.002	33.5
YP_068456_1	NP_783660_1	61.228	570	157	6	1	550	1	526	0.0	590
YP_068456_1	D0ZVG2	41.631	233	123	6	51	272	153	383	1.65e-38	145
YP_068456_1	D0ZVG2	43.373	166	89	4	226	388	207	370	3.00e-24	102
YP_068456_1	D0ZVG2	39.024	164	95	3	386	548	225	384	2.94e-20	90.1
YP_068456_1	Q6XVT8	43.192	213	110	4	43	251	23	228	3.16e-34	132
YP_068456_1	Q6XVT8	42.857	175	85	5	265	432	82	248	2.43e-19	87.0
YP_068456_1	Q6XVT8	42.208	154	79	3	183	333	82	228	6.66e-17	79.3
YP_068456_1	Q6XVT8	38.514	148	89	1	368	515	83	228	2.07e-14	71.2
YP_068456_1	Q6XVT8	40.458	131	78	0	390	520	83	213	4.17e-14	70.5
YP_068456_1	Q6XVT8	37.805	164	95	2	347	510	82	238	5.52e-14	70.1
YP_068456_1	Q6XVT8	41.860	86	50	0	423	508	76	161	7.87e-10	56.6
YP_068456_1	Q6XVT8	37.143	70	44	0	461	530	74	143	9.21e-06	43.9
YP_068456_1	ZP_03368310_1	41.085	129	75	1	55	182	164	292	1.67e-22	93.6
YP_068456_1	ZP_03368310_1	47.561	82	42	1	403	483	206	287	1.02e-12	64.3
YP_068456_1	ZP_03368310_1	50.000	68	33	1	308	374	213	280	1.55e-08	51.6
YP_068456_1	ZP_03368310_1	35.780	109	47	2	157	264	206	292	1.87e-08	51.6
YP_068456_1	ZP_03368310_1	43.210	81	45	1	390	469	213	293	2.66e-08	50.8
YP_068456_1	ZP_03368310_1	47.059	68	35	1	226	292	213	280	1.85e-07	48.5
YP_068456_1	ZP_03368310_1	35.780	109	47	2	239	346	206	292	7.25e-07	46.6
YP_068456_1	ZP_03368310_1	38.571	70	43	0	456	525	220	289	2.53e-06	45.1
YP_068456_1	ZP_03368310_1	32.743	113	66	2	173	285	191	293	1.22e-05	42.7
YP_068456_1	ZP_03368310_1	31.858	113	67	2	337	449	191	293	1.88e-05	42.0
YP_068456_1	ZP_03368310_1	32.743	113	66	2	255	367	191	293	7.71e-05	40.0
YP_068456_1	P55456	40.260	154	78	8	82	224	70	220	1.08e-12	65.9
YP_068456_1	P55456	40.351	114	45	3	222	333	111	203	2.65e-11	61.2
YP_068456_1	P55456	41.228	114	44	3	304	415	111	203	3.44e-11	61.2
YP_068456_1	P55456	37.313	134	58	5	324	453	90	201	1.17e-09	56.2
YP_068456_1	P55456	37.008	127	56	4	396	520	101	205	4.76e-09	54.3
YP_150865_1	YP_002040480_1	93.750	336	21	0	1	336	1	336	0.0	659
YP_150865_1	B5F5S8	29.126	309	201	6	1	303	1	297	1.84e-30	113
YP_150865_1	Q9FD10	30.435	115	69	5	1	109	1	110	7.62e-08	48.9
YP_150865_1	ZP_03368310_1	29.661	118	71	4	1	113	1	111	1.65e-05	41.2
YP_150865_1	Q8ZQ79	30.508	118	70	5	1	113	1	111	1.99e-04	38.1
YP_216410_1	ZP_03075317_1	99.275	138	1	0	1	138	1	138	2.04e-100	280
YP_216410_1	ZP_02468792_1	22.314	121	94	0	5	125	9	129	5.18e-10	50.1
YP_216410_1	Q5ZRK2	25.714	70	37	2	8	64	480	547	0.066	28.1
YP_216410_1	NP_820621_1	26.923	130	77	6	21	136	144	269	0.090	27.7
YP_216410_1	Q07833	33.333	21	14	0	8	28	1406	1426	8.3	21.9
YP_216586_2	B5F5S8	95.886	316	13	0	1	316	1	316	0.0	632
YP_216586_2	YP_002040480_1	27.010	311	219	4	1	304	1	310	1.24e-28	108
YP_216586_2	Q326S7	26.812	138	87	5	173	299	50	184	2.97e-04	37.0
YP_216586_2	Q8ZQ79	26.596	94	53	2	1	84	1	88	0.002	35.0
YP_216586_2	ZP_03368310_1	20.849	259	163	8	1	240	1	236	0.002	35.0
ZP_02576126_1	ZP_03075317_1	99.275	138	1	0	1	138	1	138	2.04e-100	280
ZP_02576126_1	ZP_02468792_1	22.314	121	94	0	5	125	9	129	5.18e-10	50.1
ZP_02576126_1	Q5ZRK2	25.714	70	37	2	8	64	480	547	0.066	28.1
ZP_02576126_1	NP_820621_1	26.923	130	77	6	21	136	144	269	0.090	27.7
ZP_02576126_1	Q07833	33.333	21	14	0	8	28	1406	1426	8.3	21.9
ZP_02658655_1	ZP_03075317_1	100.000	138	0	0	1	138	1	138	1.44e-100	280
ZP_02658655_1	ZP_02468792_1	22.314	121	94	0	5	125	9	129	4.92e-10	50.1
ZP_02658655_1	NP_820621_1	27.692	130	76	6	21	136	144	269	0.055	28.5
ZP_02658655_1	Q5ZRK2	25.714	70	37	2	8	64	480	547	0.064	28.5
ZP_02658655_1	Q07833	33.333	21	14	0	8	28	1406	1426	8.3	21.9
ZP_02665847_1	ZP_03075317_1	99.275	138	1	0	1	138	1	138	2.04e-100	280
ZP_02665847_1	ZP_02468792_1	22.314	121	94	0	5	125	9	129	5.18e-10	50.1
ZP_02665847_1	Q5ZRK2	25.714	70	37	2	8	64	480	547	0.066	28.1
ZP_02665847_1	NP_820621_1	26.923	130	77	6	21	136	144	269	0.090	27.7
ZP_02665847_1	Q07833	33.333	21	14	0	8	28	1406	1426	8.3	21.9
ZP_02697119_1	ZP_03075317_1	99.275	138	1	0	1	138	1	138	2.04e-100	280
ZP_02697119_1	ZP_02468792_1	22.314	121	94	0	5	125	9	129	5.18e-10	50.1
ZP_02697119_1	Q5ZRK2	25.714	70	37	2	8	64	480	547	0.066	28.1
ZP_02697119_1	NP_820621_1	26.923	130	77	6	21	136	144	269	0.090	27.7
ZP_02697119_1	Q07833	33.333	21	14	0	8	28	1406	1426	8.3	21.9
ZP_02834272_1	ZP_03075317_1	99.275	138	1	0	1	138	1	138	2.04e-100	280
ZP_02834272_1	ZP_02468792_1	22.314	121	94	0	5	125	9	129	5.18e-10	50.1
ZP_02834272_1	Q5ZRK2	25.714	70	37	2	8	64	480	547	0.066	28.1
ZP_02834272_1	NP_820621_1	26.923	130	77	6	21	136	144	269	0.090	27.7
ZP_02834272_1	Q07833	33.333	21	14	0	8	28	1406	1426	8.3	21.9
ZP_02904444_1	A2A0X5	80.409	342	20	1	1	295	1	342	1.17e-174	486
ZP_02904444_1	A2A0X5	93.056	216	15	0	80	295	174	389	3.76e-141	401
ZP_02904444_1	A2A0X5	94.495	218	12	0	80	297	221	438	6.22e-133	380
ZP_02904444_1	BAF45424_1	71.513	337	56	2	1	297	1	337	2.31e-136	385
ZP_02904444_1	A4PDU9	87.562	201	25	0	1	201	1	201	2.61e-119	337
ZP_02904444_1	A4PDU9	95.161	124	6	0	174	297	80	203	2.27e-81	240
ZP_02904444_1	YP_003080462_1	30.961	281	116	11	1	242	1	242	3.54e-20	83.6
ZP_02904444_1	YP_003080462_1	33.854	192	55	9	131	289	90	242	5.56e-14	65.9
ZP_02904444_1	O84883	21.429	70	46	1	77	137	395	464	0.65	26.9
ZP_02904444_1	O84883	20.833	48	38	0	184	231	417	464	0.68	26.9
ZP_02904444_1	O84883	20.833	48	38	0	231	278	417	464	0.68	26.9
ZP_02904444_1	O84883	20.833	48	38	0	137	184	417	464	0.90	26.6
ZP_03217067_1	ZP_03075317_1	99.275	138	1	0	1	138	1	138	2.04e-100	280
ZP_03217067_1	ZP_02468792_1	22.314	121	94	0	5	125	9	129	5.18e-10	50.1
ZP_03217067_1	Q5ZRK2	25.714	70	37	2	8	64	480	547	0.066	28.1
ZP_03217067_1	NP_820621_1	26.923	130	77	6	21	136	144	269	0.090	27.7
ZP_03217067_1	Q07833	33.333	21	14	0	8	28	1406	1426	8.3	21.9
ZP_05940050_1	YP_003080462_1	81.048	248	0	1	1	201	1	248	3.44e-126	352
ZP_05940050_1	A4PDU9	33.333	192	80	6	31	195	25	195	3.31e-16	69.7
ZP_05940050_1	A2A0X5	34.667	150	47	7	73	195	211	336	7.43e-11	56.2
ZP_05940050_1	A2A0X5	34.667	150	47	7	73	195	258	383	7.43e-11	56.2
ZP_05940050_1	A2A0X5	34.014	147	52	6	73	195	117	242	9.12e-09	50.1
ZP_05940050_1	A2A0X5	34.437	151	66	4	31	169	25	154	3.16e-08	48.1
ZP_05940050_1	A2A0X5	34.667	150	47	7	73	195	305	430	5.95e-07	44.7
ZP_05940050_1	BAF45424_1	34.586	133	39	6	90	195	218	329	6.25e-10	53.1
ZP_05940050_1	BAF45424_1	38.298	94	31	4	73	154	251	329	6.77e-09	50.1
ZP_05940050_1	BAF45424_1	31.844	179	80	6	1	169	1	147	3.37e-08	48.1
ZP_05940050_1	Q156B7	27.907	86	59	2	27	112	87	169	0.12	28.5
ZP_05940062_1	YP_003236082_1	77.340	203	46	0	1	203	1	203	1.86e-117	328
ZP_05940062_1	Q9AJW7	31.008	129	87	2	49	177	38	164	2.62e-18	75.1
ZP_05940062_1	Q9AJW7	32.836	67	40	3	132	194	10	75	0.044	29.3
ZP_05940062_1	YP_003367517_1	24.161	149	111	2	53	201	43	189	3.82e-12	58.2
ZP_05940062_1	Q326S7	29.104	134	89	6	49	178	51	182	3.24e-10	53.1
ZP_05940062_1	Q5PEA9	23.457	81	51	2	66	144	249	320	1.4	25.0
ZP_05940090_1	B7UH72	43.122	378	214	1	3	380	14	390	9.61e-111	325
ZP_05940090_1	Q326N4	21.147	279	202	9	20	287	20	291	3.00e-08	50.4
ZP_05940090_1	Q5ZVT6	23.585	106	73	1	254	359	34	131	0.76	27.3
ZP_05940090_1	B4XHJ7	29.268	41	29	0	10	50	407	447	1.7	26.2
ZP_05940090_1	ABD44194_1	24.000	75	47	1	121	195	453	517	1.7	26.2
ZP_05940090_1	ABD44194_1	21.739	138	103	2	63	196	423	559	8.6	23.9
ZP_05940090_1	ABD44194_1	27.692	65	46	1	132	196	660	723	8.9	23.9
ZP_05951360_1	YP_003236082_1	77.340	203	46	0	1	203	1	203	1.86e-117	328
ZP_05951360_1	Q9AJW7	31.008	129	87	2	49	177	38	164	2.62e-18	75.1
ZP_05951360_1	Q9AJW7	32.836	67	40	3	132	194	10	75	0.044	29.3
ZP_05951360_1	YP_003367517_1	24.161	149	111	2	53	201	43	189	3.82e-12	58.2
ZP_05951360_1	Q326S7	29.104	134	89	6	49	178	51	182	3.24e-10	53.1
ZP_05951360_1	Q5PEA9	23.457	81	51	2	66	144	249	320	1.4	25.0
NP_052388_1	NP_783660_1	68.564	369	94	2	1	349	22	388	1.21e-155	444
NP_052388_1	NP_783660_1	63.986	286	99	2	82	367	245	526	2.00e-99	300
NP_052388_1	D0ZVG2	42.601	223	114	8	30	247	153	366	5.23e-37	137
NP_052388_1	D0ZVG2	33.971	209	113	3	158	365	200	384	9.45e-23	95.5
NP_052388_1	D0ZVG2	41.000	100	56	2	75	171	281	380	1.66e-11	61.2
NP_052388_1	Q6XVT8	41.277	235	120	7	23	249	24	248	7.27e-29	113
NP_052388_1	Q6XVT8	42.748	131	75	0	207	337	83	213	1.28e-16	76.6
NP_052388_1	Q6XVT8	37.333	150	72	1	165	314	83	210	1.79e-13	67.0
NP_052388_1	Q6XVT8	40.230	87	52	0	260	346	76	162	7.45e-13	65.1
NP_052388_1	Q6XVT8	41.860	86	50	0	240	325	76	161	8.97e-09	52.4
NP_052388_1	ZP_03368310_1	41.026	117	68	1	34	149	164	280	2.46e-18	80.1
NP_052388_1	ZP_03368310_1	47.561	82	42	1	220	300	206	287	4.44e-12	61.6
NP_052388_1	ZP_03368310_1	43.373	83	46	1	205	286	211	293	2.97e-09	53.1
NP_052388_1	ZP_03368310_1	32.110	109	53	1	158	266	206	293	4.52e-07	46.2
NP_052388_1	ZP_03368310_1	36.905	84	52	1	260	342	206	289	1.09e-06	45.1
NP_052388_1	ZP_03368310_1	33.333	66	43	1	280	344	206	271	0.009	33.1
NP_052388_1	P55456	39.855	138	58	4	74	207	106	222	8.47e-13	64.7
NP_052388_1	P55456	43.478	92	49	3	203	291	111	202	1.73e-10	57.8
NP_052388_1	P55456	35.833	120	54	3	153	270	103	201	1.51e-09	54.7
NP_052388_1	P55456	41.748	103	57	3	213	312	101	203	2.11e-09	54.3
NP_052388_1	P55456	39.806	103	55	4	133	232	105	203	1.16e-07	48.9
NP_052388_1	P55456	39.759	83	48	2	253	333	101	183	1.25e-07	48.9
NP_798065_1	Q87P32	100.000	387	0	0	1	387	1	387	0.0	792
NP_798065_1	Q27RI0	40.351	57	30	3	25	80	29	82	0.002	35.8
NP_798065_1	NP_821048_1	24.762	105	56	3	283	368	109	209	0.31	28.5
NP_798065_1	A1JQ83	27.350	117	66	4	258	359	77	189	0.42	28.1
NP_798065_1	Q5ZWX1	44.444	36	20	0	1	36	338	373	1.6	26.2
NP_857756_1	NP_783660_1	61.538	507	95	6	1	409	22	526	0.0	511
NP_857756_1	D0ZVG2	36.614	254	151	7	30	277	153	402	1.09e-31	122
NP_857756_1	D0ZVG2	43.478	138	77	1	237	373	216	353	1.75e-22	95.5
NP_857756_1	D0ZVG2	44.118	136	74	2	249	382	207	342	8.13e-21	90.1
NP_857756_1	Q6XVT8	38.326	227	111	7	22	224	23	244	2.44e-27	109
NP_857756_1	Q6XVT8	42.748	131	75	0	249	379	83	213	1.17e-15	74.3
NP_857756_1	Q6XVT8	35.556	180	91	2	207	386	83	237	6.03e-14	68.9
NP_857756_1	Q6XVT8	36.842	133	64	3	165	279	83	213	9.78e-13	65.1
NP_857756_1	Q6XVT8	39.080	87	53	0	302	388	76	162	6.44e-12	62.4
NP_857756_1	Q6XVT8	41.860	86	50	0	282	367	76	161	7.21e-09	53.1
NP_857756_1	Q6XVT8	37.681	69	43	0	321	389	75	143	1.02e-06	46.2
NP_857756_1	ZP_03368310_1	40.171	117	69	1	34	149	164	280	3.07e-17	77.4
NP_857756_1	ZP_03368310_1	45.122	82	44	1	262	342	206	287	4.10e-10	55.8
NP_857756_1	ZP_03368310_1	36.905	84	52	1	302	384	206	289	2.44e-07	47.4
NP_857756_1	ZP_03368310_1	38.372	86	52	1	223	308	209	293	6.26e-06	43.1
NP_857756_1	ZP_03368310_1	33.645	107	48	3	181	287	209	292	2.64e-04	38.1
NP_857756_1	ZP_03368310_1	36.585	82	49	2	136	217	206	284	8.73e-04	36.6
NP_857756_1	ZP_03368310_1	34.848	66	42	1	322	386	206	271	0.005	33.9
NP_857756_1	P55456	39.130	138	59	4	74	207	106	222	1.03e-12	65.1
NP_857756_1	P55456	37.705	122	55	3	255	374	101	203	9.40e-10	55.8
NP_857756_1	P55456	43.478	92	47	4	224	312	112	201	1.21e-09	55.5
NP_857756_1	P55456	36.290	124	54	4	153	274	103	203	1.26e-08	52.0
NP_857953_1	NP_783660_1	61.538	507	95	6	1	409	22	526	0.0	511
NP_857953_1	D0ZVG2	36.614	254	151	7	30	277	153	402	1.09e-31	122
NP_857953_1	D0ZVG2	43.478	138	77	1	237	373	216	353	1.75e-22	95.5
NP_857953_1	D0ZVG2	44.118	136	74	2	249	382	207	342	8.13e-21	90.1
NP_857953_1	Q6XVT8	38.326	227	111	7	22	224	23	244	2.44e-27	109
NP_857953_1	Q6XVT8	42.748	131	75	0	249	379	83	213	1.17e-15	74.3
NP_857953_1	Q6XVT8	35.556	180	91	2	207	386	83	237	6.03e-14	68.9
NP_857953_1	Q6XVT8	36.842	133	64	3	165	279	83	213	9.78e-13	65.1
NP_857953_1	Q6XVT8	39.080	87	53	0	302	388	76	162	6.44e-12	62.4
NP_857953_1	Q6XVT8	41.860	86	50	0	282	367	76	161	7.21e-09	53.1
NP_857953_1	Q6XVT8	37.681	69	43	0	321	389	75	143	1.02e-06	46.2
NP_857953_1	ZP_03368310_1	40.171	117	69	1	34	149	164	280	3.07e-17	77.4
NP_857953_1	ZP_03368310_1	45.122	82	44	1	262	342	206	287	4.10e-10	55.8
NP_857953_1	ZP_03368310_1	36.905	84	52	1	302	384	206	289	2.44e-07	47.4
NP_857953_1	ZP_03368310_1	38.372	86	52	1	223	308	209	293	6.26e-06	43.1
NP_857953_1	ZP_03368310_1	33.645	107	48	3	181	287	209	292	2.64e-04	38.1
NP_857953_1	ZP_03368310_1	36.585	82	49	2	136	217	206	284	8.73e-04	36.6
NP_857953_1	ZP_03368310_1	34.848	66	42	1	322	386	206	271	0.005	33.9
NP_857953_1	P55456	39.130	138	59	4	74	207	106	222	1.03e-12	65.1
NP_857953_1	P55456	37.705	122	55	3	255	374	101	203	9.40e-10	55.8
NP_857953_1	P55456	43.478	92	47	4	224	312	112	201	1.21e-09	55.5
NP_857953_1	P55456	36.290	124	54	4	153	274	103	203	1.26e-08	52.0
NP_863509_1	NP_783660_1	67.209	369	99	2	1	349	22	388	1.71e-152	436
NP_863509_1	NP_783660_1	64.336	286	98	2	82	367	245	526	5.26e-102	307
NP_863509_1	NP_783660_1	42.353	85	49	0	75	159	438	522	3.71e-11	59.7
NP_863509_1	D0ZVG2	37.778	270	142	9	30	294	153	401	3.45e-35	132
NP_863509_1	D0ZVG2	42.754	138	78	1	195	331	216	353	2.42e-22	94.4
NP_863509_1	D0ZVG2	36.264	91	56	2	260	348	200	290	3.35e-08	50.8
NP_863509_1	Q6XVT8	34.457	267	145	7	23	269	24	280	3.73e-29	114
NP_863509_1	Q6XVT8	41.985	131	76	0	207	337	83	213	4.45e-16	75.1
NP_863509_1	Q6XVT8	39.355	155	92	1	165	319	83	235	2.27e-14	69.7
NP_863509_1	Q6XVT8	38.750	80	49	0	267	346	83	162	4.22e-12	62.8
NP_863509_1	Q6XVT8	41.860	86	50	0	240	325	76	161	1.83e-09	54.7
NP_863509_1	Q6XVT8	33.333	72	48	0	278	349	74	145	1.23e-05	42.4
NP_863509_1	ZP_03368310_1	39.316	117	70	1	34	149	164	280	8.89e-18	78.6
NP_863509_1	ZP_03368310_1	47.561	82	42	1	220	300	206	287	1.54e-11	60.1
NP_863509_1	ZP_03368310_1	40.909	88	51	1	200	286	206	293	9.31e-09	51.6
NP_863509_1	ZP_03368310_1	36.905	84	52	1	260	342	206	289	1.00e-07	48.5
NP_863509_1	ZP_03368310_1	36.264	91	55	2	156	245	204	292	1.70e-06	44.7
NP_863509_1	ZP_03368310_1	34.286	70	45	1	280	348	206	275	4.47e-04	37.0
NP_863509_1	P55456	39.855	138	58	4	74	207	106	222	3.05e-13	66.2
NP_863509_1	P55456	36.719	128	55	4	153	278	103	206	2.39e-11	60.5
NP_863509_1	P55456	41.837	98	54	3	197	291	105	202	2.73e-11	60.1
NP_863509_1	P55456	39.623	106	59	4	129	232	101	203	1.76e-08	51.6
NP_863509_1	P55456	40.777	103	58	3	213	312	101	203	1.84e-08	51.2
NP_863509_1	P55456	37.349	83	50	2	253	333	101	183	9.47e-06	42.7
NP_863509_1	P55456	33.333	54	35	1	297	349	105	158	0.051	30.8
NP_902244_1	ZP_02468792_1	50.781	128	63	0	9	136	7	134	2.04e-46	143
NP_902244_1	ZP_03075317_1	26.016	123	91	0	11	133	5	127	1.22e-12	57.0
NP_902244_1	Q5ZSL3	34.615	26	17	0	52	77	120	145	8.4	21.9
NP_995386_1	NP_783660_1	68.392	367	98	2	1	349	22	388	3.16e-153	438
NP_995386_1	NP_783660_1	61.538	286	106	2	82	367	245	526	1.94e-95	290
NP_995386_1	NP_783660_1	41.176	85	50	0	75	159	438	522	4.23e-10	56.6
NP_995386_1	D0ZVG2	40.724	221	121	6	30	247	153	366	8.00e-35	130
NP_995386_1	D0ZVG2	43.478	138	77	1	195	331	216	353	8.46e-23	95.5
NP_995386_1	Q6XVT8	33.955	268	147	7	22	269	23	280	2.72e-28	111
NP_995386_1	Q6XVT8	42.748	131	75	0	207	337	83	213	5.94e-16	74.7
NP_995386_1	Q6XVT8	35.556	180	91	2	165	344	83	237	1.23e-14	70.5
NP_995386_1	Q6XVT8	39.080	87	53	0	260	346	76	162	3.69e-12	62.8
NP_995386_1	Q6XVT8	41.860	86	50	0	240	325	76	161	4.51e-09	53.1
NP_995386_1	Q6XVT8	37.681	69	43	0	279	347	75	143	6.27e-07	46.6
NP_995386_1	ZP_03368310_1	40.171	117	69	1	34	149	164	280	1.93e-17	77.4
NP_995386_1	ZP_03368310_1	45.122	82	44	1	220	300	206	287	2.75e-10	56.2
NP_995386_1	ZP_03368310_1	36.905	84	52	1	260	342	206	289	1.49e-07	47.8
NP_995386_1	ZP_03368310_1	38.372	86	52	1	181	266	209	293	2.54e-06	43.9
NP_995386_1	ZP_03368310_1	31.818	110	52	2	136	245	206	292	3.28e-05	40.4
NP_995386_1	ZP_03368310_1	34.848	66	42	1	280	344	206	271	0.003	34.3
NP_995386_1	P55456	38.971	136	58	4	74	205	106	220	7.96e-13	65.1
NP_995386_1	P55456	44.565	92	46	4	182	270	112	201	9.23e-11	58.5
NP_995386_1	P55456	37.705	122	55	3	213	332	101	203	6.38e-10	55.8
NP_995386_1	P55456	41.176	102	55	4	133	232	105	203	3.37e-09	53.5
NP_995386_1	P55456	42.105	95	51	3	75	165	128	222	3.09e-08	50.8
YP_001004061_1	O68703	92.547	322	24	0	1	322	1	322	0.0	619
YP_001004061_1	Q84H14	53.401	294	127	2	27	320	26	309	4.10e-114	328
YP_001004061_1	A0KHZ7	37.288	59	29	3	257	307	2960	3018	8.02e-04	36.6
YP_001004061_1	BAH47297_1	24.096	166	90	7	137	282	121	270	0.001	35.8
YP_001004061_1	NP_642922_1	33.663	101	47	5	98	185	178	271	0.024	31.6
YP_001004064_1	NP_783660_1	67.209	369	99	2	1	349	22	388	1.71e-152	436
YP_001004064_1	NP_783660_1	64.336	286	98	2	82	367	245	526	5.26e-102	307
YP_001004064_1	NP_783660_1	42.353	85	49	0	75	159	438	522	3.71e-11	59.7
YP_001004064_1	D0ZVG2	37.778	270	142	9	30	294	153	401	3.45e-35	132
YP_001004064_1	D0ZVG2	42.754	138	78	1	195	331	216	353	2.42e-22	94.4
YP_001004064_1	D0ZVG2	36.264	91	56	2	260	348	200	290	3.35e-08	50.8
YP_001004064_1	Q6XVT8	34.457	267	145	7	23	269	24	280	3.73e-29	114
YP_001004064_1	Q6XVT8	41.985	131	76	0	207	337	83	213	4.45e-16	75.1
YP_001004064_1	Q6XVT8	39.355	155	92	1	165	319	83	235	2.27e-14	69.7
YP_001004064_1	Q6XVT8	38.750	80	49	0	267	346	83	162	4.22e-12	62.8
YP_001004064_1	Q6XVT8	41.860	86	50	0	240	325	76	161	1.83e-09	54.7
YP_001004064_1	Q6XVT8	33.333	72	48	0	278	349	74	145	1.23e-05	42.4
YP_001004064_1	ZP_03368310_1	39.316	117	70	1	34	149	164	280	8.89e-18	78.6
YP_001004064_1	ZP_03368310_1	47.561	82	42	1	220	300	206	287	1.54e-11	60.1
YP_001004064_1	ZP_03368310_1	40.909	88	51	1	200	286	206	293	9.31e-09	51.6
YP_001004064_1	ZP_03368310_1	36.905	84	52	1	260	342	206	289	1.00e-07	48.5
YP_001004064_1	ZP_03368310_1	36.264	91	55	2	156	245	204	292	1.70e-06	44.7
YP_001004064_1	ZP_03368310_1	34.286	70	45	1	280	348	206	275	4.47e-04	37.0
YP_001004064_1	P55456	39.855	138	58	4	74	207	106	222	3.05e-13	66.2
YP_001004064_1	P55456	36.719	128	55	4	153	278	103	206	2.39e-11	60.5
YP_001004064_1	P55456	41.837	98	54	3	197	291	105	202	2.73e-11	60.1
YP_001004064_1	P55456	39.623	106	59	4	129	232	101	203	1.76e-08	51.6
YP_001004064_1	P55456	40.777	103	58	3	213	312	101	203	1.84e-08	51.2
YP_001004064_1	P55456	37.349	83	50	2	253	333	101	183	9.47e-06	42.7
YP_001004064_1	P55456	33.333	54	35	1	297	349	105	158	0.051	30.8
YP_001143938_1	A0FKE4	72.537	477	105	2	1	475	1	453	0.0	661
YP_001143938_1	A6YCJ6	71.368	234	65	1	1	232	1	234	5.36e-107	320
YP_001143938_1	Q87GI9	45.455	176	91	3	280	452	63	236	5.45e-39	137
YP_001143938_1	Q7BRY7	29.944	177	107	7	28	194	25	194	1.52e-11	59.7
YP_001143938_1	Q5PEA9	30.172	116	80	1	103	217	168	283	2.16e-09	55.1
YP_001293944_1	NP_783660_1	61.538	507	95	6	1	409	22	526	0.0	511
YP_001293944_1	D0ZVG2	36.614	254	151	7	30	277	153	402	1.09e-31	122
YP_001293944_1	D0ZVG2	43.478	138	77	1	237	373	216	353	1.75e-22	95.5
YP_001293944_1	D0ZVG2	44.118	136	74	2	249	382	207	342	8.13e-21	90.1
YP_001293944_1	Q6XVT8	38.326	227	111	7	22	224	23	244	2.44e-27	109
YP_001293944_1	Q6XVT8	42.748	131	75	0	249	379	83	213	1.17e-15	74.3
YP_001293944_1	Q6XVT8	35.556	180	91	2	207	386	83	237	6.03e-14	68.9
YP_001293944_1	Q6XVT8	36.842	133	64	3	165	279	83	213	9.78e-13	65.1
YP_001293944_1	Q6XVT8	39.080	87	53	0	302	388	76	162	6.44e-12	62.4
YP_001293944_1	Q6XVT8	41.860	86	50	0	282	367	76	161	7.21e-09	53.1
YP_001293944_1	Q6XVT8	37.681	69	43	0	321	389	75	143	1.02e-06	46.2
YP_001293944_1	ZP_03368310_1	40.171	117	69	1	34	149	164	280	3.07e-17	77.4
YP_001293944_1	ZP_03368310_1	45.122	82	44	1	262	342	206	287	4.10e-10	55.8
YP_001293944_1	ZP_03368310_1	36.905	84	52	1	302	384	206	289	2.44e-07	47.4
YP_001293944_1	ZP_03368310_1	38.372	86	52	1	223	308	209	293	6.26e-06	43.1
YP_001293944_1	ZP_03368310_1	33.645	107	48	3	181	287	209	292	2.64e-04	38.1
YP_001293944_1	ZP_03368310_1	36.585	82	49	2	136	217	206	284	8.73e-04	36.6
YP_001293944_1	ZP_03368310_1	34.848	66	42	1	322	386	206	271	0.005	33.9
YP_001293944_1	P55456	39.130	138	59	4	74	207	106	222	1.03e-12	65.1
YP_001293944_1	P55456	37.705	122	55	3	255	374	101	203	9.40e-10	55.8
YP_001293944_1	P55456	43.478	92	47	4	224	312	112	201	1.21e-09	55.5
YP_001293944_1	P55456	36.290	124	54	4	153	274	103	203	1.26e-08	52.0
YP_001570794_1	YP_002040480_1	66.369	336	113	0	1	336	1	336	1.24e-168	468
YP_001570794_1	B5F5S8	27.419	310	219	3	1	310	1	304	2.39e-32	118
YP_001570794_1	Q9FD10	30.435	115	69	4	1	109	1	110	3.54e-06	43.9
YP_001570794_1	ZP_03368310_1	25.564	133	90	3	1	128	1	129	0.017	32.0
YP_001570794_1	Q8ZQ79	27.407	135	85	4	1	128	1	129	0.024	31.6
YP_001587907_1	B5F5S8	95.253	316	15	0	1	316	1	316	0.0	629
YP_001587907_1	YP_002040480_1	27.653	311	217	4	1	304	1	310	3.80e-30	112
YP_001587907_1	Q8ZQ79	27.660	94	52	2	1	84	1	88	0.001	35.4
YP_001587907_1	ZP_03368310_1	33.333	63	26	2	1	53	1	57	0.002	35.0
YP_001587907_1	Q9FD10	30.435	115	65	5	1	106	1	109	0.002	35.0
YP_001588508_1	YP_002040480_1	99.702	336	1	0	1	336	1	336	0.0	701
YP_001588508_1	B5F5S8	27.010	311	219	4	1	310	1	304	3.09e-29	110
YP_001588508_1	Q9FD10	30.088	113	72	3	1	109	1	110	3.22e-07	47.0
YP_001588508_1	ZP_03368310_1	29.661	118	71	4	1	113	1	111	1.68e-05	41.2
YP_001588508_1	Q8ZQ79	30.508	118	70	5	1	113	1	111	1.37e-04	38.5
YP_001604457_1	NP_783660_1	68.814	388	103	2	1	370	1	388	1.10e-166	473
YP_001604457_1	NP_783660_1	61.189	286	107	2	103	388	245	526	4.01e-94	287
YP_001604457_1	NP_783660_1	41.176	85	50	0	96	180	438	522	4.48e-10	56.6
YP_001604457_1	D0ZVG2	41.441	222	118	8	51	268	153	366	1.03e-33	128
YP_001604457_1	D0ZVG2	43.478	138	77	1	216	352	216	353	3.61e-23	97.1
YP_001604457_1	D0ZVG2	38.931	131	78	2	241	369	200	330	6.40e-15	72.0
YP_001604457_1	D0ZVG2	39.286	112	59	2	96	206	281	384	1.07e-12	65.1
YP_001604457_1	Q6XVT8	33.582	268	148	7	43	290	23	280	2.14e-28	112
YP_001604457_1	Q6XVT8	42.748	131	75	0	228	358	83	213	4.19e-16	75.5
YP_001604457_1	Q6XVT8	35.556	180	91	2	186	365	83	237	2.31e-14	70.1
YP_001604457_1	Q6XVT8	39.080	87	53	0	281	367	76	162	2.95e-12	63.5
YP_001604457_1	Q6XVT8	41.860	86	50	0	261	346	76	161	3.16e-09	53.9
YP_001604457_1	Q6XVT8	37.681	69	43	0	300	368	75	143	4.89e-07	47.0
YP_001604457_1	ZP_03368310_1	40.171	117	69	1	55	170	164	280	1.30e-17	78.2
YP_001604457_1	ZP_03368310_1	45.122	82	44	1	241	321	206	287	1.88e-10	57.0
YP_001604457_1	ZP_03368310_1	36.905	84	52	1	281	363	206	289	1.11e-07	48.5
YP_001604457_1	ZP_03368310_1	39.080	87	52	1	261	346	206	292	5.33e-07	46.2
YP_001604457_1	ZP_03368310_1	38.372	86	52	1	202	287	209	293	3.09e-06	43.9
YP_001604457_1	ZP_03368310_1	34.848	66	42	1	301	365	206	271	0.003	34.7
YP_001604457_1	P55456	42.424	99	54	3	95	191	106	203	2.12e-10	57.8
YP_001604457_1	P55456	38.017	121	50	5	174	291	103	201	3.67e-10	57.0
YP_001604457_1	P55456	37.705	122	55	3	234	353	101	203	5.27e-10	56.2
YP_001604457_1	P55456	41.176	102	55	4	154	253	105	203	5.95e-09	53.1
YP_001604457_1	P55456	42.105	95	51	3	96	186	128	222	2.19e-08	51.2
YP_001653440_1	CAP03784_1	99.762	421	1	0	1	421	1	421	0.0	853
YP_001653440_1	Q04640	21.327	211	153	6	115	322	93	293	1.95e-06	45.1
YP_001653440_1	Q9HU94	39.130	46	22	3	79	122	545	586	0.90	27.3
YP_001653440_1	Q5ZYS7	25.517	145	96	3	18	152	2	144	0.97	26.9
YP_001653440_1	Q5ZYJ6	30.159	63	36	1	229	291	740	794	1.9	26.2
YP_001654133_1	CAX11132_1	99.388	490	3	0	1	490	1	490	0.0	1010
YP_001654133_1	Q5ZZ03	28.966	145	89	5	82	212	193	337	1.03e-09	56.6
YP_001654133_1	NP_819221_1	29.839	124	54	5	89	201	102	203	1.73e-05	41.6
YP_001654133_1	YP_127810_1	23.729	177	114	8	132	301	182	344	8.29e-04	37.0
YP_001654133_1	Q5ZVF7	32.000	100	56	7	108	196	193	291	0.002	35.8
YP_001654428_1	CAP03784_1	100.000	421	0	0	1	421	1	421	0.0	855
YP_001654428_1	Q04640	21.327	211	153	6	115	322	93	293	1.83e-06	45.1
YP_001654428_1	Q9HU94	39.130	46	22	3	79	122	545	586	0.91	27.3
YP_001654428_1	Q5ZYS7	25.517	145	96	3	18	152	2	144	1.0	26.9
YP_001654428_1	Q5ZYJ6	30.159	63	36	1	229	291	740	794	2.0	26.2
YP_001874613_1	ZP_06208163_1	99.394	165	1	0	1	165	1	165	5.01e-120	331
YP_001874613_1	Q5ZZC1	25.688	109	66	3	67	160	746	854	0.28	26.9
YP_001874613_1	Q939S9	28.571	56	38	1	27	80	268	323	0.80	25.4
YP_001874613_1	A0KHZ7	36.842	38	19	1	6	38	4100	4137	6.3	22.7
YP_001874613_1	A0A656JXQ0	33.333	27	18	0	79	105	53	79	8.6	22.3
YP_002040654_1	ZP_03075317_1	99.275	138	1	0	1	138	1	138	2.04e-100	280
YP_002040654_1	ZP_02468792_1	22.314	121	94	0	5	125	9	129	5.18e-10	50.1
YP_002040654_1	Q5ZRK2	25.714	70	37	2	8	64	480	547	0.066	28.1
YP_002040654_1	NP_820621_1	26.923	130	77	6	21	136	144	269	0.090	27.7
YP_002040654_1	Q07833	33.333	21	14	0	8	28	1406	1426	8.3	21.9
YP_002040848_1	B5F5S8	96.519	316	11	0	1	316	1	316	0.0	636
YP_002040848_1	YP_002040480_1	26.688	311	220	4	1	304	1	310	5.24e-29	109
YP_002040848_1	Q9FD10	30.435	115	65	5	1	106	1	109	0.001	35.8
YP_002040848_1	Q326S7	26.277	137	87	5	174	299	51	184	0.004	33.5
YP_002040848_1	ZP_03368310_1	30.159	63	28	2	1	53	1	57	0.010	32.7
YP_002045225_1	YP_002040480_1	100.000	336	0	0	1	336	1	336	0.0	703
YP_002045225_1	B5F5S8	27.010	311	219	4	1	310	1	304	3.21e-29	110
YP_002045225_1	Q9FD10	30.088	113	72	3	1	109	1	110	3.52e-07	47.0
YP_002045225_1	ZP_03368310_1	29.661	118	71	4	1	113	1	111	1.55e-05	41.6
YP_002045225_1	Q8ZQ79	30.508	118	70	5	1	113	1	111	1.45e-04	38.5
YP_002045405_1	ZP_03075317_1	99.275	138	1	0	1	138	1	138	2.04e-100	280
YP_002045405_1	ZP_02468792_1	22.314	121	94	0	5	125	9	129	5.18e-10	50.1
YP_002045405_1	Q5ZRK2	25.714	70	37	2	8	64	480	547	0.066	28.1
YP_002045405_1	NP_820621_1	26.923	130	77	6	21	136	144	269	0.090	27.7
YP_002045405_1	Q07833	33.333	21	14	0	8	28	1406	1426	8.3	21.9
YP_002045642_1	B5F5S8	94.304	316	18	0	1	316	1	316	0.0	620
YP_002045642_1	YP_002040480_1	26.045	311	222	4	1	304	1	310	5.01e-28	107
YP_002045642_1	Q9FD10	29.565	115	66	5	1	106	1	109	0.004	34.3
YP_002045642_1	Q8ZQ79	25.532	94	54	2	1	84	1	88	0.007	33.1
YP_002045642_1	ZP_03368310_1	25.000	104	61	3	1	93	1	98	0.007	33.1
YP_002114231_1	YP_002040480_1	91.369	336	29	0	1	336	1	336	0.0	648
YP_002114231_1	B5F5S8	28.797	316	207	6	1	310	1	304	2.45e-30	113
YP_002114231_1	Q9FD10	30.435	115	69	5	1	109	1	110	8.33e-08	48.9
YP_002114231_1	ZP_03368310_1	29.661	118	71	4	1	113	1	111	2.07e-05	41.2
YP_002114231_1	Q8ZQ79	30.508	118	70	5	1	113	1	111	2.24e-04	38.1
YP_002114626_1	B5F5S8	90.823	316	29	0	1	316	1	316	0.0	597
YP_002114626_1	YP_002040480_1	26.367	311	221	4	1	304	1	310	5.29e-29	109
YP_002114626_1	ZP_03368310_1	26.897	145	80	5	1	135	1	129	2.32e-05	40.8
YP_002114626_1	Q9FD10	32.174	115	63	5	1	106	1	109	4.07e-05	40.4
YP_002114626_1	Q8ZQ79	26.897	145	80	5	1	135	1	129	8.02e-05	39.3
YP_002142350_1	YP_002040480_1	93.750	336	21	0	1	336	1	336	0.0	659
YP_002142350_1	B5F5S8	29.126	309	201	6	1	303	1	297	1.84e-30	113
YP_002142350_1	Q9FD10	30.435	115	69	5	1	109	1	110	7.62e-08	48.9
YP_002142350_1	ZP_03368310_1	29.661	118	71	4	1	113	1	111	1.65e-05	41.2
YP_002142350_1	Q8ZQ79	30.508	118	70	5	1	113	1	111	1.99e-04	38.1
YP_002146434_1	B5F5S8	100.000	316	0	0	1	316	1	316	0.0	658
YP_002146434_1	YP_002040480_1	27.010	311	219	4	1	304	1	310	3.02e-29	110
YP_002146434_1	ZP_03368310_1	22.134	253	167	8	1	240	1	236	4.53e-04	36.6
YP_002146434_1	Q326S7	26.812	138	87	6	173	299	50	184	0.001	34.7
YP_002146434_1	Q9FD10	30.435	115	65	5	1	106	1	109	0.003	34.7
YP_002146817_1	YP_002040480_1	91.667	336	28	0	1	336	1	336	0.0	648
YP_002146817_1	B5F5S8	29.114	316	206	6	1	310	1	304	1.87e-31	116
YP_002146817_1	Q9FD10	30.435	115	69	5	1	109	1	110	7.69e-08	48.9
YP_002146817_1	ZP_03368310_1	28.814	118	72	4	1	113	1	111	1.59e-04	38.1
YP_002146817_1	Q8ZQ79	29.661	118	71	5	1	113	1	111	0.002	35.0
YP_002215545_1	B5F5S8	96.519	316	11	0	1	316	1	316	0.0	636
YP_002215545_1	YP_002040480_1	27.331	311	218	4	1	304	1	310	1.61e-29	110
YP_002215545_1	Q326S7	26.277	137	87	5	174	299	51	184	0.003	33.9
YP_002215545_1	Q9FD10	30.435	115	65	5	1	106	1	109	0.003	34.3
YP_002215545_1	Q8ZQ79	26.596	94	53	2	1	84	1	88	0.004	33.9
YP_002215912_1	YP_002040480_1	99.702	336	1	0	1	336	1	336	0.0	701
YP_002215912_1	B5F5S8	27.010	311	219	4	1	310	1	304	3.09e-29	110
YP_002215912_1	Q9FD10	30.088	113	72	3	1	109	1	110	3.22e-07	47.0
YP_002215912_1	ZP_03368310_1	29.661	118	71	4	1	113	1	111	1.68e-05	41.2
YP_002215912_1	Q8ZQ79	30.508	118	70	5	1	113	1	111	1.37e-04	38.5
YP_002226269_1	Q7CQD4	66.387	238	80	0	1	238	1	238	2.30e-116	328
YP_002226269_1	Q7P1B7	29.474	190	126	4	48	236	56	238	6.15e-22	86.7
YP_002226269_1	A2S1Q7	42.105	76	43	1	102	176	106	181	1.65e-15	69.7
YP_002226269_1	Q5X443	24.096	166	102	5	32	177	28	189	1.1	25.8
YP_002226269_1	Q5ZRQ1	21.875	64	47	2	173	235	1056	1117	5.0	23.9
YP_002226843_1	YP_002040480_1	99.405	336	2	0	1	336	1	336	0.0	701
YP_002226843_1	B5F5S8	27.010	311	219	4	1	310	1	304	4.78e-29	109
YP_002226843_1	Q9FD10	30.088	113	72	3	1	109	1	110	3.37e-07	47.0
YP_002226843_1	ZP_03368310_1	29.661	118	71	4	1	113	1	111	1.75e-05	41.2
YP_002226843_1	Q8ZQ79	30.508	118	70	5	1	113	1	111	1.36e-04	38.5
YP_002243274_1	Q7CQD4	66.807	238	79	0	1	238	1	238	2.00e-117	331
YP_002243274_1	Q7P1B7	29.474	190	126	4	48	236	56	238	5.10e-22	87.0
YP_002243274_1	A2S1Q7	42.105	76	43	1	102	176	106	181	1.49e-15	69.7
YP_002243274_1	Q5X443	24.096	166	102	5	32	177	28	189	1.3	25.8
YP_002243274_1	Q5ZRQ1	21.739	69	51	2	173	240	1056	1122	3.7	24.3
YP_002243555_1	B5F5S8	93.354	316	21	0	1	316	1	316	0.0	613
YP_002243555_1	YP_002040480_1	26.710	307	217	4	1	300	1	306	2.49e-28	107
YP_002243555_1	Q9FD10	29.565	115	66	5	1	106	1	109	0.004	33.9
YP_002243555_1	Q8ZQ79	25.532	94	54	2	1	84	1	88	0.008	33.1
YP_002243555_1	ZP_03368310_1	25.000	104	61	3	1	93	1	98	0.008	32.7
YP_002243920_1	YP_002040480_1	99.405	336	2	0	1	336	1	336	0.0	701
YP_002243920_1	B5F5S8	27.010	311	219	4	1	310	1	304	4.78e-29	109
YP_002243920_1	Q9FD10	30.088	113	72	3	1	109	1	110	3.37e-07	47.0
YP_002243920_1	ZP_03368310_1	29.661	118	71	4	1	113	1	111	1.75e-05	41.2
YP_002243920_1	Q8ZQ79	30.508	118	70	5	1	113	1	111	1.36e-04	38.5
YP_002244314_1	D0ZVG2	60.315	761	215	9	29	788	26	700	0.0	818
YP_002244314_1	ZP_03368310_1	98.976	293	3	0	1	293	1	293	0.0	612
YP_002244314_1	ZP_03368310_1	51.579	95	45	1	340	433	199	293	9.65e-18	80.1
YP_002244314_1	ZP_03368310_1	55.556	81	35	1	294	373	213	293	4.00e-17	78.6
YP_002244314_1	ZP_03368310_1	59.091	66	26	1	374	438	213	278	7.23e-16	74.7
YP_002244314_1	ZP_03368310_1	50.000	88	43	1	307	393	206	293	9.36e-16	74.3
YP_002244314_1	Q6XVT8	43.648	488	265	4	294	778	83	563	1.50e-118	365
YP_002244314_1	Q6XVT8	35.294	51	31	1	389	439	60	108	1.4	27.7
YP_002244314_1	Q8ZQ79	90.845	142	13	0	1	142	1	142	1.33e-90	283
YP_002244314_1	P55456	41.043	441	241	10	336	765	98	530	7.34e-82	268
YP_002244314_1	P55456	52.041	98	44	3	244	338	105	202	1.44e-15	75.9
YP_002244314_1	P55456	47.009	117	58	4	265	378	87	202	2.84e-15	74.7
YP_002244314_1	P55456	38.235	136	81	3	166	298	67	202	3.47e-11	62.0
YP_002328981_1	A1KWQ2	88.662	441	49	1	1	440	1	441	0.0	754
YP_002328981_1	A1KWP5	91.304	345	30	0	96	440	1	345	0.0	592
YP_002328981_1	NP_820552_1	22.222	63	37	3	356	406	71	133	1.4	26.6
YP_002328981_1	I3QKE3	31.373	51	29	1	251	295	371	421	2.4	25.8
YP_002328981_1	Q60236	56.250	16	7	0	32	47	141	156	4.7	24.6
YP_002328982_1	A9ZNG6	82.838	303	42	1	1	303	1	293	0.0	525
YP_002328982_1	Q99PZ6	26.974	152	96	5	131	269	9	158	2.16e-10	54.7
YP_002328982_1	Q99PZ6	25.862	58	30	3	246	300	41	88	6.2	23.5
YP_002328982_1	Q5ZTM4	28.025	157	85	6	146	276	77	231	0.071	30.0
YP_002328982_1	D8P729	31.111	45	30	1	9	52	443	487	0.62	27.3
YP_002328982_1	B7UI21	26.316	57	36	1	99	149	21	77	1.3	25.8
YP_002887715_1	CAP03784_1	97.625	421	10	0	1	421	1	421	0.0	828
YP_002887715_1	Q04640	21.320	197	145	4	127	322	106	293	2.58e-08	50.8
YP_002887715_1	Q9HU94	29.630	54	33	2	79	131	545	594	0.58	27.7
YP_002887715_1	O84700	24.638	138	91	4	134	262	79	212	0.75	27.3
YP_002887715_1	Q5ZYJ6	30.159	63	36	1	229	291	740	794	2.0	26.2
YP_002888592_1	CAP03784_1	97.625	421	10	0	1	421	1	421	0.0	828
YP_002888592_1	Q04640	20.812	197	146	4	127	322	106	293	4.04e-07	47.0
YP_002888592_1	Q9HU94	29.630	54	33	2	79	131	545	594	0.58	27.7
YP_002888592_1	Q5ZYJ6	27.434	113	59	4	186	291	698	794	0.77	27.7
YP_002888592_1	O84700	23.913	138	92	4	134	262	79	212	1.1	26.6
YP_003076800_1	B7UI21	61.231	325	126	0	2	326	5	329	6.84e-150	420
YP_003076800_1	Q5ZT54	36.111	36	23	0	86	121	809	844	0.24	28.5
YP_003076800_1	Q97QZ1	25.974	77	52	2	74	145	46	122	0.59	26.9
YP_003076800_1	C7BKP9_2	28.846	52	34	1	212	260	2270	2321	0.89	26.9
YP_003076800_1	WP_076706633_1	29.167	72	45	3	123	188	132	203	1.1	26.2
YP_003076801_1	B7UNX4	99.697	330	1	0	1	330	1	330	0.0	682
YP_003076801_1	Q5ZY53	32.812	64	40	1	250	310	592	655	2.1	25.8
YP_003076801_1	P09167	31.818	66	41	3	1	63	68	132	3.2	25.0
YP_003076801_1	P33546	28.000	75	43	3	253	327	66	129	3.6	24.6
YP_003076801_1	O84616	24.107	112	74	4	189	300	126	226	5.5	23.9
YP_003076802_1	A9ZNG6	92.150	293	23	0	1	293	1	293	0.0	570
YP_003076802_1	Q99PZ6	29.104	134	84	6	134	259	28	158	5.72e-09	50.8
YP_003076802_1	Q99PZ6	22.222	54	32	2	236	286	41	87	7.3	23.5
YP_003076802_1	D2TZ34	25.758	66	44	2	83	148	524	584	0.023	31.6
YP_003076802_1	D8P729	30.189	53	36	1	1	52	435	487	0.19	28.9
YP_003076802_1	Q5ZTM4	34.783	46	29	1	227	271	192	237	0.22	28.5
YP_003077614_1	A1KWQ2	87.104	442	55	2	1	441	1	441	0.0	741
YP_003077614_1	A1KWP5	87.572	346	42	1	96	441	1	345	0.0	566
YP_003077614_1	D4T570	25.714	175	71	7	276	400	55	220	0.48	28.1
YP_003077614_1	I3QKE3	32.203	59	32	2	252	302	371	429	1.8	26.2
YP_003077614_1	NP_820552_1	26.190	42	29	1	357	396	71	112	3.0	25.4
YP_003077616_1	A9ZNG6	82.838	303	42	1	1	303	1	293	0.0	525
YP_003077616_1	Q99PZ6	26.974	152	96	5	131	269	9	158	2.16e-10	54.7
YP_003077616_1	Q99PZ6	25.862	58	30	3	246	300	41	88	6.2	23.5
YP_003077616_1	Q5ZTM4	28.025	157	85	6	146	276	77	231	0.071	30.0
YP_003077616_1	D8P729	31.111	45	30	1	9	52	443	487	0.62	27.3
YP_003077616_1	B7UI21	26.316	57	36	1	99	149	21	77	1.3	25.8
ACT70725_1	B7UNX4	99.697	330	1	0	1	330	1	330	0.0	682
ACT70725_1	Q5ZY53	32.812	64	40	1	250	310	592	655	2.1	25.8
ACT70725_1	P09167	31.818	66	41	3	1	63	68	132	3.2	25.0
ACT70725_1	P33546	28.000	75	43	3	253	327	66	129	3.6	24.6
ACT70725_1	O84616	24.107	112	74	4	189	300	126	226	5.5	23.9
ACT70726_1	A9ZNG6	92.150	293	23	0	1	293	1	293	0.0	570
ACT70726_1	Q99PZ6	29.104	134	84	6	134	259	28	158	5.72e-09	50.8
ACT70726_1	Q99PZ6	22.222	54	32	2	236	286	41	87	7.3	23.5
ACT70726_1	D2TZ34	25.758	66	44	2	83	148	524	584	0.023	31.6
ACT70726_1	D8P729	30.189	53	36	1	1	52	435	487	0.19	28.9
ACT70726_1	Q5ZTM4	34.783	46	29	1	227	271	192	237	0.22	28.5
ACT71538_1	A1KWQ2	87.104	442	55	2	1	441	1	441	0.0	741
ACT71538_1	A1KWP5	87.572	346	42	1	96	441	1	345	0.0	566
ACT71538_1	D4T570	25.714	175	71	7	276	400	55	220	0.48	28.1
ACT71538_1	I3QKE3	32.203	59	32	2	252	302	371	429	1.8	26.2
ACT71538_1	NP_820552_1	26.190	42	29	1	357	396	71	112	3.0	25.4
ACT71540_1	A9ZNG6	82.838	303	42	1	1	303	1	293	0.0	525
ACT71540_1	Q99PZ6	26.974	152	96	5	131	269	9	158	2.16e-10	54.7
ACT71540_1	Q99PZ6	25.862	58	30	3	246	300	41	88	6.2	23.5
ACT71540_1	Q5ZTM4	28.025	157	85	6	146	276	77	231	0.071	30.0
ACT71540_1	D8P729	31.111	45	30	1	9	52	443	487	0.62	27.3
ACT71540_1	B7UI21	26.316	57	36	1	99	149	21	77	1.3	25.8
ACT71547_1	Q9AJW7	41.711	187	104	2	7	193	3	184	6.07e-52	161
ACT71547_1	YP_003236082_1	28.689	122	77	2	34	145	28	149	2.07e-15	67.4
ACT71547_1	YP_003367517_1	25.676	148	109	1	39	186	32	178	2.98e-15	66.6
ACT71547_1	Q326S7	32.941	85	55	2	47	129	52	136	4.95e-11	55.5
ACT71547_1	Q5ZT54	23.913	46	34	1	63	107	154	199	4.5	23.5
ACT73694_1	B7UI21	97.872	329	7	0	1	329	1	329	0.0	668
ACT73694_1	Q8VQB5	31.034	58	40	0	232	289	564	621	0.20	28.9
ACT73694_1	WP_076706633_1	41.935	31	18	0	161	191	173	203	0.24	28.5
ACT73694_1	C7BKP9_2	32.812	64	39	2	216	276	2271	2333	1.6	26.2
ACT73694_1	M9ZTT7	32.759	58	32	2	201	258	2139	2189	1.7	26.2
ACT73695_1	YP_002330704_1	99.554	224	1	0	1	224	1	224	4.47e-169	460
ACT73695_1	P0A3W8	25.000	96	60	3	20	103	269	364	0.095	28.9
ACT73695_1	Q989R4	32.000	50	33	1	47	95	580	629	0.26	27.7
ACT73695_1	NP_820840_1	33.333	36	23	1	73	108	511	545	2.3	24.6
ACT73695_1	P09167	28.767	73	42	4	47	119	13	75	2.6	24.6
ACT74386_1	YP_003080462_1	100.000	248	0	0	1	248	1	248	1.05e-172	471
ACT74386_1	A4PDU9	34.359	195	80	6	31	201	25	195	9.44e-19	77.4
ACT74386_1	A4PDU9	35.616	73	23	3	185	242	85	148	0.002	33.9
ACT74386_1	A2A0X5	33.495	206	68	9	73	242	117	289	5.89e-14	66.2
ACT74386_1	A2A0X5	32.661	248	101	8	31	242	25	242	7.58e-14	65.9
ACT74386_1	A2A0X5	35.119	168	49	8	73	216	258	389	1.08e-13	65.5
ACT74386_1	BAF45424_1	33.333	189	60	8	90	242	171	329	4.69e-13	63.2
ACT74386_1	BAF45424_1	27.937	315	121	10	1	242	1	282	2.54e-12	61.2
ACT74386_1	BAF45424_1	38.298	94	31	4	73	154	251	329	1.24e-08	50.1
ACT74386_1	Q156B7	25.410	122	84	3	27	148	87	201	0.22	28.1
ACT74398_1	YP_003236082_1	77.340	203	46	0	1	203	1	203	1.86e-117	328
ACT74398_1	Q9AJW7	31.008	129	87	2	49	177	38	164	2.62e-18	75.1
ACT74398_1	Q9AJW7	32.836	67	40	3	132	194	10	75	0.044	29.3
ACT74398_1	YP_003367517_1	24.161	149	111	2	53	201	43	189	3.82e-12	58.2
ACT74398_1	Q326S7	29.104	134	89	6	49	178	51	182	3.24e-10	53.1
ACT74398_1	Q5PEA9	23.457	81	51	2	66	144	249	320	1.4	25.0
ACT74400_1	BAI28417_1	69.643	168	50	1	2	168	4	171	8.70e-85	243
ACT74400_1	P11437	38.462	26	15	1	33	58	64	88	0.91	25.4
ACT74400_1	N1LIK5	27.273	33	24	0	69	101	130	162	1.6	24.6
ACT74400_1	Q5ZXN5	35.714	28	18	0	86	113	527	554	3.8	23.5
ACT74400_1	NP_820802_1	26.966	89	59	3	3	87	184	270	4.5	23.1
ACT74425_1	B7UH72	42.932	382	217	1	16	397	10	390	9.83e-111	326
ACT74425_1	Q326N4	21.147	279	202	9	37	304	20	291	3.46e-08	50.4
ACT74425_1	Q5ZVT6	23.585	106	73	1	271	376	34	131	0.87	26.9
ACT74425_1	ABD44194_1	24.000	75	47	1	138	212	453	517	1.6	26.6
ACT74425_1	ABD44194_1	21.739	138	103	2	80	213	423	559	7.6	24.3
ACT74425_1	ABD44194_1	27.692	65	46	1	149	213	660	723	7.9	24.3
ACT74425_1	B4XHJ7	29.268	41	29	0	27	67	407	447	1.7	26.2
ACY64328_1	NP_783660_1	62.311	528	99	6	1	430	1	526	0.0	549
ACY64328_1	D0ZVG2	36.614	254	151	7	51	298	153	402	5.34e-32	124
ACY64328_1	D0ZVG2	43.478	138	77	1	258	394	216	353	9.37e-23	96.7
ACY64328_1	D0ZVG2	44.118	136	74	2	270	403	207	342	4.17e-21	91.7
ACY64328_1	Q6XVT8	38.326	227	111	7	43	245	23	244	1.98e-27	110
ACY64328_1	Q6XVT8	42.748	131	75	0	270	400	83	213	7.92e-16	75.1
ACY64328_1	Q6XVT8	35.556	180	91	2	228	407	83	237	4.09e-14	69.7
ACY64328_1	Q6XVT8	36.842	133	64	3	186	300	83	213	7.13e-13	65.9
ACY64328_1	Q6XVT8	39.080	87	53	0	323	409	76	162	4.58e-12	63.2
ACY64328_1	Q6XVT8	41.860	86	50	0	303	388	76	161	4.82e-09	53.5
ACY64328_1	Q6XVT8	37.681	69	43	0	342	410	75	143	7.08e-07	46.6
ACY64328_1	ZP_03368310_1	40.171	117	69	1	55	170	164	280	2.43e-17	77.8
ACY64328_1	ZP_03368310_1	45.122	82	44	1	283	363	206	287	3.07e-10	56.6
ACY64328_1	ZP_03368310_1	36.905	84	52	1	323	405	206	289	1.85e-07	47.8
ACY64328_1	ZP_03368310_1	39.080	87	52	1	303	388	206	292	9.03e-07	45.8
ACY64328_1	ZP_03368310_1	38.372	86	52	1	244	329	209	293	4.94e-06	43.5
ACY64328_1	ZP_03368310_1	33.645	107	48	3	202	308	209	292	2.41e-04	38.1
ACY64328_1	ZP_03368310_1	36.585	82	49	2	157	238	206	284	6.39e-04	37.0
ACY64328_1	ZP_03368310_1	34.848	66	42	1	343	407	206	271	0.004	34.3
ACY64328_1	P55456	39.130	138	59	4	95	228	106	222	8.79e-13	65.5
ACY64328_1	P55456	37.705	122	55	3	276	395	101	203	8.28e-10	56.2
ACY64328_1	P55456	43.478	92	47	4	245	333	112	201	9.61e-10	55.8
ACY64328_1	P55456	36.290	124	54	4	174	295	103	203	1.01e-08	52.8
ACY83714_1	Q4G4D1	99.482	193	1	0	1	193	1	193	2.61e-142	390
ACY83714_1	BAE19884_1	99.206	126	1	0	68	193	1	126	5.19e-88	250
ACY83714_1	Q9R803	30.370	135	92	2	35	168	38	171	2.88e-12	58.5
ACY83714_1	Q8XC86	30.137	73	47	1	35	107	45	113	6.45e-05	38.1
ACY83714_1	P37131	31.579	114	59	6	82	186	273	376	0.014	31.2
ACY83715_1	YP_003294926_1	100.000	478	0	0	1	478	1	478	0.0	967
ACY83715_1	BAE19885_1	96.457	254	9	0	178	431	1	254	6.38e-171	477
ACY83715_1	O84947	27.187	423	269	7	66	461	57	467	1.11e-41	150
ACY83715_1	P37131	25.287	261	169	8	130	375	131	380	1.08e-05	43.1
ACY83715_1	Q8XDQ1	25.410	122	73	5	169	289	8	112	0.22	29.3
ACY87887_1	YP_002040480_1	100.000	336	0	0	1	336	1	336	0.0	703
ACY87887_1	B5F5S8	27.010	311	219	4	1	310	1	304	3.21e-29	110
ACY87887_1	Q9FD10	30.088	113	72	3	1	109	1	110	3.52e-07	47.0
ACY87887_1	ZP_03368310_1	29.661	118	71	4	1	113	1	111	1.55e-05	41.6
ACY87887_1	Q8ZQ79	30.508	118	70	5	1	113	1	111	1.45e-04	38.5
ACY88176_1	ZP_03075317_1	99.275	138	1	0	1	138	1	138	2.04e-100	280
ACY88176_1	ZP_02468792_1	22.314	121	94	0	5	125	9	129	5.18e-10	50.1
ACY88176_1	Q5ZRK2	25.714	70	37	2	8	64	480	547	0.066	28.1
ACY88176_1	NP_820621_1	26.923	130	77	6	21	136	144	269	0.090	27.7
ACY88176_1	Q07833	33.333	21	14	0	8	28	1406	1426	8.3	21.9
ACY88411_1	B5F5S8	96.203	316	12	0	1	316	1	316	0.0	634
ACY88411_1	YP_002040480_1	27.331	311	218	4	1	304	1	310	8.79e-30	111
ACY88411_1	Q9FD10	31.304	115	64	5	1	106	1	109	6.66e-04	36.6
ACY88411_1	Q326S7	26.277	137	87	5	174	299	51	184	0.003	33.9
ACY88411_1	ZP_03368310_1	31.746	63	27	2	1	53	1	57	0.005	33.5
BAF45425_1	BAF45424_1	100.000	337	0	0	1	337	1	337	0.0	650
BAF45425_1	A2A0X5	70.437	389	61	2	1	335	1	389	1.73e-171	479
BAF45425_1	A2A0X5	94.961	258	13	0	80	337	181	438	6.90e-160	450
BAF45425_1	A4PDU9	67.662	201	58	1	1	194	1	201	5.21e-86	254
BAF45425_1	A4PDU9	95.968	124	5	0	214	337	80	203	1.54e-80	240
BAF45425_1	A4PDU9	91.803	122	10	0	167	288	80	201	2.94e-75	226
BAF45425_1	YP_003080462_1	32.624	282	103	12	1	235	1	242	6.38e-25	97.1
BAF45425_1	YP_003080462_1	34.375	192	54	9	171	329	90	242	2.66e-14	67.4
BAF45425_1	O84883	20.833	48	38	0	224	271	417	464	0.99	26.6
BAF45425_1	O84883	20.833	48	38	0	177	224	417	464	1.8	25.8
BAF45426_1	BAF45424_1	100.000	337	0	0	1	337	1	337	0.0	650
BAF45426_1	A2A0X5	70.437	389	61	2	1	335	1	389	1.73e-171	479
BAF45426_1	A2A0X5	94.961	258	13	0	80	337	181	438	6.90e-160	450
BAF45426_1	A4PDU9	67.662	201	58	1	1	194	1	201	5.21e-86	254
BAF45426_1	A4PDU9	95.968	124	5	0	214	337	80	203	1.54e-80	240
BAF45426_1	A4PDU9	91.803	122	10	0	167	288	80	201	2.94e-75	226
BAF45426_1	YP_003080462_1	32.624	282	103	12	1	235	1	242	6.38e-25	97.1
BAF45426_1	YP_003080462_1	34.375	192	54	9	171	329	90	242	2.66e-14	67.4
BAF45426_1	O84883	20.833	48	38	0	224	271	417	464	0.99	26.6
BAF45426_1	O84883	20.833	48	38	0	177	224	417	464	1.8	25.8
BAF45427_1	BAF45424_1	100.000	337	0	0	1	337	1	337	0.0	650
BAF45427_1	A2A0X5	70.437	389	61	2	1	335	1	389	1.73e-171	479
BAF45427_1	A2A0X5	94.961	258	13	0	80	337	181	438	6.90e-160	450
BAF45427_1	A4PDU9	67.662	201	58	1	1	194	1	201	5.21e-86	254
BAF45427_1	A4PDU9	95.968	124	5	0	214	337	80	203	1.54e-80	240
BAF45427_1	A4PDU9	91.803	122	10	0	167	288	80	201	2.94e-75	226
BAF45427_1	YP_003080462_1	32.624	282	103	12	1	235	1	242	6.38e-25	97.1
BAF45427_1	YP_003080462_1	34.375	192	54	9	171	329	90	242	2.66e-14	67.4
BAF45427_1	O84883	20.833	48	38	0	224	271	417	464	0.99	26.6
BAF45427_1	O84883	20.833	48	38	0	177	224	417	464	1.8	25.8
BAF45428_1	BAF45424_1	100.000	337	0	0	1	337	1	337	0.0	650
BAF45428_1	A2A0X5	70.437	389	61	2	1	335	1	389	1.73e-171	479
BAF45428_1	A2A0X5	94.961	258	13	0	80	337	181	438	6.90e-160	450
BAF45428_1	A4PDU9	67.662	201	58	1	1	194	1	201	5.21e-86	254
BAF45428_1	A4PDU9	95.968	124	5	0	214	337	80	203	1.54e-80	240
BAF45428_1	A4PDU9	91.803	122	10	0	167	288	80	201	2.94e-75	226
BAF45428_1	YP_003080462_1	32.624	282	103	12	1	235	1	242	6.38e-25	97.1
BAF45428_1	YP_003080462_1	34.375	192	54	9	171	329	90	242	2.66e-14	67.4
BAF45428_1	O84883	20.833	48	38	0	224	271	417	464	0.99	26.6
BAF45428_1	O84883	20.833	48	38	0	177	224	417	464	1.8	25.8
BAF45429_1	BAF45424_1	100.000	337	0	0	1	337	1	337	0.0	650
BAF45429_1	A2A0X5	70.437	389	61	2	1	335	1	389	1.73e-171	479
BAF45429_1	A2A0X5	94.961	258	13	0	80	337	181	438	6.90e-160	450
BAF45429_1	A4PDU9	67.662	201	58	1	1	194	1	201	5.21e-86	254
BAF45429_1	A4PDU9	95.968	124	5	0	214	337	80	203	1.54e-80	240
BAF45429_1	A4PDU9	91.803	122	10	0	167	288	80	201	2.94e-75	226
BAF45429_1	YP_003080462_1	32.624	282	103	12	1	235	1	242	6.38e-25	97.1
BAF45429_1	YP_003080462_1	34.375	192	54	9	171	329	90	242	2.66e-14	67.4
BAF45429_1	O84883	20.833	48	38	0	224	271	417	464	0.99	26.6
BAF45429_1	O84883	20.833	48	38	0	177	224	417	464	1.8	25.8
BAF45430_1	BAF45424_1	100.000	337	0	0	1	337	1	337	0.0	650
BAF45430_1	A2A0X5	70.437	389	61	2	1	335	1	389	1.73e-171	479
BAF45430_1	A2A0X5	94.961	258	13	0	80	337	181	438	6.90e-160	450
BAF45430_1	A4PDU9	67.662	201	58	1	1	194	1	201	5.21e-86	254
BAF45430_1	A4PDU9	95.968	124	5	0	214	337	80	203	1.54e-80	240
BAF45430_1	A4PDU9	91.803	122	10	0	167	288	80	201	2.94e-75	226
BAF45430_1	YP_003080462_1	32.624	282	103	12	1	235	1	242	6.38e-25	97.1
BAF45430_1	YP_003080462_1	34.375	192	54	9	171	329	90	242	2.66e-14	67.4
BAF45430_1	O84883	20.833	48	38	0	224	271	417	464	0.99	26.6
BAF45430_1	O84883	20.833	48	38	0	177	224	417	464	1.8	25.8
BAF45431_1	BAF45424_1	100.000	337	0	0	1	337	1	337	0.0	650
BAF45431_1	A2A0X5	70.437	389	61	2	1	335	1	389	1.73e-171	479
BAF45431_1	A2A0X5	94.961	258	13	0	80	337	181	438	6.90e-160	450
BAF45431_1	A4PDU9	67.662	201	58	1	1	194	1	201	5.21e-86	254
BAF45431_1	A4PDU9	95.968	124	5	0	214	337	80	203	1.54e-80	240
BAF45431_1	A4PDU9	91.803	122	10	0	167	288	80	201	2.94e-75	226
BAF45431_1	YP_003080462_1	32.624	282	103	12	1	235	1	242	6.38e-25	97.1
BAF45431_1	YP_003080462_1	34.375	192	54	9	171	329	90	242	2.66e-14	67.4
BAF45431_1	O84883	20.833	48	38	0	224	271	417	464	0.99	26.6
BAF45431_1	O84883	20.833	48	38	0	177	224	417	464	1.8	25.8
BAF45432_1	BAF45424_1	98.507	335	5	0	1	335	1	335	0.0	636
BAF45432_1	A2A0X5	82.519	389	61	1	1	382	1	389	0.0	565
BAF45432_1	A4PDU9	67.662	201	58	1	1	194	1	201	2.32e-85	254
BAF45432_1	A4PDU9	95.161	124	6	0	261	384	80	203	1.42e-78	236
BAF45432_1	A4PDU9	91.803	122	10	0	214	335	80	201	1.46e-74	226
BAF45432_1	A4PDU9	90.984	122	11	0	167	288	80	201	2.40e-73	223
BAF45432_1	YP_003080462_1	32.624	282	103	12	1	235	1	242	2.64e-24	96.3
BAF45432_1	YP_003080462_1	35.484	186	60	9	218	376	90	242	5.99e-12	60.8
BAF45432_1	O84883	20.833	48	38	0	271	318	417	464	0.73	27.3
BAF45432_1	O84883	20.833	48	38	0	224	271	417	464	1.2	26.6
BAF45432_1	O84883	20.833	48	38	0	177	224	417	464	2.2	25.8
BAF45433_1	BAF45424_1	98.507	335	5	0	1	335	1	335	0.0	636
BAF45433_1	A2A0X5	82.519	389	61	1	1	382	1	389	0.0	565
BAF45433_1	A4PDU9	67.662	201	58	1	1	194	1	201	2.32e-85	254
BAF45433_1	A4PDU9	95.161	124	6	0	261	384	80	203	1.42e-78	236
BAF45433_1	A4PDU9	91.803	122	10	0	214	335	80	201	1.46e-74	226
BAF45433_1	A4PDU9	90.984	122	11	0	167	288	80	201	2.40e-73	223
BAF45433_1	YP_003080462_1	32.624	282	103	12	1	235	1	242	2.64e-24	96.3
BAF45433_1	YP_003080462_1	35.484	186	60	9	218	376	90	242	5.99e-12	60.8
BAF45433_1	O84883	20.833	48	38	0	271	318	417	464	0.73	27.3
BAF45433_1	O84883	20.833	48	38	0	224	271	417	464	1.2	26.6
BAF45433_1	O84883	20.833	48	38	0	177	224	417	464	2.2	25.8
BAF45434_1	BAF45424_1	98.507	335	5	0	1	335	1	335	0.0	636
BAF45434_1	A2A0X5	82.519	389	61	1	1	382	1	389	0.0	565
BAF45434_1	A4PDU9	67.662	201	58	1	1	194	1	201	2.32e-85	254
BAF45434_1	A4PDU9	95.161	124	6	0	261	384	80	203	1.42e-78	236
BAF45434_1	A4PDU9	91.803	122	10	0	214	335	80	201	1.46e-74	226
BAF45434_1	A4PDU9	90.984	122	11	0	167	288	80	201	2.40e-73	223
BAF45434_1	YP_003080462_1	32.624	282	103	12	1	235	1	242	2.64e-24	96.3
BAF45434_1	YP_003080462_1	35.484	186	60	9	218	376	90	242	5.99e-12	60.8
BAF45434_1	O84883	20.833	48	38	0	271	318	417	464	0.73	27.3
BAF45434_1	O84883	20.833	48	38	0	224	271	417	464	1.2	26.6
BAF45434_1	O84883	20.833	48	38	0	177	224	417	464	2.2	25.8
BAF45435_1	BAF45424_1	98.507	335	5	0	1	335	1	335	0.0	636
BAF45435_1	A2A0X5	82.519	389	61	1	1	382	1	389	0.0	565
BAF45435_1	A4PDU9	67.662	201	58	1	1	194	1	201	2.32e-85	254
BAF45435_1	A4PDU9	95.161	124	6	0	261	384	80	203	1.42e-78	236
BAF45435_1	A4PDU9	91.803	122	10	0	214	335	80	201	1.46e-74	226
BAF45435_1	A4PDU9	90.984	122	11	0	167	288	80	201	2.40e-73	223
BAF45435_1	YP_003080462_1	32.624	282	103	12	1	235	1	242	2.64e-24	96.3
BAF45435_1	YP_003080462_1	35.484	186	60	9	218	376	90	242	5.99e-12	60.8
BAF45435_1	O84883	20.833	48	38	0	271	318	417	464	0.73	27.3
BAF45435_1	O84883	20.833	48	38	0	224	271	417	464	1.2	26.6
BAF45435_1	O84883	20.833	48	38	0	177	224	417	464	2.2	25.8
BAF45436_1	BAF45424_1	98.507	335	5	0	1	335	1	335	0.0	636
BAF45436_1	A2A0X5	82.519	389	61	1	1	382	1	389	0.0	565
BAF45436_1	A4PDU9	67.662	201	58	1	1	194	1	201	2.32e-85	254
BAF45436_1	A4PDU9	95.161	124	6	0	261	384	80	203	1.42e-78	236
BAF45436_1	A4PDU9	91.803	122	10	0	214	335	80	201	1.46e-74	226
BAF45436_1	A4PDU9	90.984	122	11	0	167	288	80	201	2.40e-73	223
BAF45436_1	YP_003080462_1	32.624	282	103	12	1	235	1	242	2.64e-24	96.3
BAF45436_1	YP_003080462_1	35.484	186	60	9	218	376	90	242	5.99e-12	60.8
BAF45436_1	O84883	20.833	48	38	0	271	318	417	464	0.73	27.3
BAF45436_1	O84883	20.833	48	38	0	224	271	417	464	1.2	26.6
BAF45436_1	O84883	20.833	48	38	0	177	224	417	464	2.2	25.8
BAF45437_1	A2A0X5	97.288	295	8	0	1	295	1	295	0.0	563
BAF45437_1	A2A0X5	96.330	218	8	0	80	297	221	438	8.16e-146	413
BAF45437_1	A2A0X5	94.907	216	11	0	80	295	174	389	1.15e-142	405
BAF45437_1	BAF45424_1	72.404	337	53	2	1	297	1	337	8.97e-136	384
BAF45437_1	A4PDU9	92.040	201	16	0	1	201	1	201	9.81e-124	348
BAF45437_1	A4PDU9	95.968	124	5	0	174	297	80	203	5.95e-82	242
BAF45437_1	YP_003080462_1	33.096	281	110	11	1	242	1	242	3.52e-22	89.0
BAF45437_1	YP_003080462_1	33.854	192	55	9	131	289	90	242	5.45e-14	65.9
BAF45437_1	O84883	20.833	48	38	0	137	184	417	464	0.94	26.6
BAF45437_1	O84883	20.833	48	38	0	184	231	417	464	0.94	26.6
BAF45437_1	O84883	20.833	48	38	0	231	278	417	464	0.94	26.6
BAF45437_1	O84883	21.429	70	46	1	77	137	395	464	1.3	26.2
BAF45438_1	A2A0X5	97.984	248	5	0	1	248	1	248	3.38e-173	480
BAF45438_1	A2A0X5	97.076	171	5	0	80	250	268	438	4.21e-114	330
BAF45438_1	A2A0X5	95.266	169	8	0	80	248	174	342	5.36e-111	322
BAF45438_1	A2A0X5	95.266	169	8	0	80	248	221	389	5.36e-111	322
BAF45438_1	A4PDU9	92.537	201	15	0	1	201	1	201	3.32e-126	352
BAF45438_1	BAF45424_1	58.457	337	53	4	1	250	1	337	1.19e-105	305
BAF45438_1	YP_003080462_1	32.740	281	111	11	1	242	1	242	4.39e-22	87.4
BAF45438_1	O84883	21.429	70	46	1	77	137	395	464	0.61	26.9
BAF45438_1	O84883	20.833	48	38	0	137	184	417	464	0.78	26.6
BAF45438_1	O84883	20.833	48	38	0	184	231	417	464	0.78	26.6
BAF45439_1	A2A0X5	97.984	248	5	0	1	248	1	248	3.38e-173	480
BAF45439_1	A2A0X5	97.076	171	5	0	80	250	268	438	4.21e-114	330
BAF45439_1	A2A0X5	95.266	169	8	0	80	248	174	342	5.36e-111	322
BAF45439_1	A2A0X5	95.266	169	8	0	80	248	221	389	5.36e-111	322
BAF45439_1	A4PDU9	92.537	201	15	0	1	201	1	201	3.32e-126	352
BAF45439_1	BAF45424_1	58.457	337	53	4	1	250	1	337	1.19e-105	305
BAF45439_1	YP_003080462_1	32.740	281	111	11	1	242	1	242	4.39e-22	87.4
BAF45439_1	O84883	21.429	70	46	1	77	137	395	464	0.61	26.9
BAF45439_1	O84883	20.833	48	38	0	137	184	417	464	0.78	26.6
BAF45439_1	O84883	20.833	48	38	0	184	231	417	464	0.78	26.6
BAF45440_1	A2A0X5	100.000	438	0	0	1	438	1	438	0.0	849
BAF45440_1	BAF45424_1	80.409	342	60	1	1	342	1	335	4.69e-156	441
BAF45440_1	BAF45424_1	94.961	258	13	0	181	438	80	337	3.35e-143	408
BAF45440_1	A4PDU9	92.040	201	16	0	1	201	1	201	2.94e-121	347
BAF45440_1	A4PDU9	95.161	124	6	0	315	438	80	203	3.57e-78	237
BAF45440_1	A4PDU9	92.623	122	9	0	174	295	80	201	4.15e-75	229
BAF45440_1	A4PDU9	92.623	122	9	0	221	342	80	201	4.15e-75	229
BAF45440_1	A4PDU9	92.623	122	9	0	268	389	80	201	4.15e-75	229
BAF45440_1	YP_003080462_1	33.813	278	112	11	1	242	1	242	2.07e-21	88.6
BAF45440_1	YP_003080462_1	35.450	189	56	9	131	289	90	242	3.89e-14	67.8
BAF45440_1	YP_003080462_1	36.559	186	58	9	272	430	90	242	3.14e-13	65.1
BAF45440_1	O84883	20.833	48	38	0	184	231	417	464	1.6	26.6
BAF45440_1	O84883	20.833	48	38	0	231	278	417	464	1.6	26.6
BAF45440_1	O84883	20.833	48	38	0	278	325	417	464	1.6	26.6
BAF45440_1	O84883	20.833	48	38	0	137	184	417	464	2.3	26.2
BAF45441_1	A2A0X5	97.984	248	5	0	1	248	1	248	3.38e-173	480
BAF45441_1	A2A0X5	97.076	171	5	0	80	250	268	438	4.21e-114	330
BAF45441_1	A2A0X5	95.266	169	8	0	80	248	174	342	5.36e-111	322
BAF45441_1	A2A0X5	95.266	169	8	0	80	248	221	389	5.36e-111	322
BAF45441_1	A4PDU9	92.537	201	15	0	1	201	1	201	3.32e-126	352
BAF45441_1	BAF45424_1	58.457	337	53	4	1	250	1	337	1.19e-105	305
BAF45441_1	YP_003080462_1	32.740	281	111	11	1	242	1	242	4.39e-22	87.4
BAF45441_1	O84883	21.429	70	46	1	77	137	395	464	0.61	26.9
BAF45441_1	O84883	20.833	48	38	0	137	184	417	464	0.78	26.6
BAF45441_1	O84883	20.833	48	38	0	184	231	417	464	0.78	26.6
BAF45442_1	A2A0X5	97.984	248	5	0	1	248	1	248	3.38e-173	480
BAF45442_1	A2A0X5	97.076	171	5	0	80	250	268	438	4.21e-114	330
BAF45442_1	A2A0X5	95.266	169	8	0	80	248	174	342	5.36e-111	322
BAF45442_1	A2A0X5	95.266	169	8	0	80	248	221	389	5.36e-111	322
BAF45442_1	A4PDU9	92.537	201	15	0	1	201	1	201	3.32e-126	352
BAF45442_1	BAF45424_1	58.457	337	53	4	1	250	1	337	1.19e-105	305
BAF45442_1	YP_003080462_1	32.740	281	111	11	1	242	1	242	4.39e-22	87.4
BAF45442_1	O84883	21.429	70	46	1	77	137	395	464	0.61	26.9
BAF45442_1	O84883	20.833	48	38	0	137	184	417	464	0.78	26.6
BAF45442_1	O84883	20.833	48	38	0	184	231	417	464	0.78	26.6
BAF45443_1	A2A0X5	96.774	248	8	0	1	248	1	248	2.59e-170	473
BAF45443_1	A2A0X5	94.737	171	9	0	80	250	268	438	3.52e-110	320
BAF45443_1	A2A0X5	92.899	169	12	0	80	248	174	342	4.41e-107	312
BAF45443_1	A2A0X5	92.899	169	12	0	80	248	221	389	4.41e-107	312
BAF45443_1	A4PDU9	92.537	201	15	0	1	201	1	201	2.66e-125	350
BAF45443_1	BAF45424_1	95.906	171	7	0	80	250	167	337	7.21e-104	300
BAF45443_1	BAF45424_1	63.230	291	53	2	1	244	1	284	1.95e-90	266
BAF45443_1	YP_003080462_1	33.452	281	109	11	1	242	1	242	1.53e-24	94.0
BAF45443_1	O84883	21.429	70	46	1	77	137	395	464	0.62	26.9
BAF45443_1	O84883	20.833	48	38	0	137	184	417	464	1.1	25.8
BAF45444_1	A2A0X5	96.774	248	8	0	1	248	1	248	2.59e-170	473
BAF45444_1	A2A0X5	94.737	171	9	0	80	250	268	438	3.52e-110	320
BAF45444_1	A2A0X5	92.899	169	12	0	80	248	174	342	4.41e-107	312
BAF45444_1	A2A0X5	92.899	169	12	0	80	248	221	389	4.41e-107	312
BAF45444_1	A4PDU9	92.537	201	15	0	1	201	1	201	2.66e-125	350
BAF45444_1	BAF45424_1	95.906	171	7	0	80	250	167	337	7.21e-104	300
BAF45444_1	BAF45424_1	63.230	291	53	2	1	244	1	284	1.95e-90	266
BAF45444_1	YP_003080462_1	33.452	281	109	11	1	242	1	242	1.53e-24	94.0
BAF45444_1	O84883	21.429	70	46	1	77	137	395	464	0.62	26.9
BAF45444_1	O84883	20.833	48	38	0	137	184	417	464	1.1	25.8
BAF45445_1	A2A0X5	96.774	248	8	0	1	248	1	248	2.59e-170	473
BAF45445_1	A2A0X5	94.737	171	9	0	80	250	268	438	3.52e-110	320
BAF45445_1	A2A0X5	92.899	169	12	0	80	248	174	342	4.41e-107	312
BAF45445_1	A2A0X5	92.899	169	12	0	80	248	221	389	4.41e-107	312
BAF45445_1	A4PDU9	92.537	201	15	0	1	201	1	201	2.66e-125	350
BAF45445_1	BAF45424_1	95.906	171	7	0	80	250	167	337	7.21e-104	300
BAF45445_1	BAF45424_1	63.230	291	53	2	1	244	1	284	1.95e-90	266
BAF45445_1	YP_003080462_1	33.452	281	109	11	1	242	1	242	1.53e-24	94.0
BAF45445_1	O84883	21.429	70	46	1	77	137	395	464	0.62	26.9
BAF45445_1	O84883	20.833	48	38	0	137	184	417	464	1.1	25.8
BAF45446_1	A2A0X5	96.774	248	8	0	1	248	1	248	2.59e-170	473
BAF45446_1	A2A0X5	94.737	171	9	0	80	250	268	438	3.52e-110	320
BAF45446_1	A2A0X5	92.899	169	12	0	80	248	174	342	4.41e-107	312
BAF45446_1	A2A0X5	92.899	169	12	0	80	248	221	389	4.41e-107	312
BAF45446_1	A4PDU9	92.537	201	15	0	1	201	1	201	2.66e-125	350
BAF45446_1	BAF45424_1	95.906	171	7	0	80	250	167	337	7.21e-104	300
BAF45446_1	BAF45424_1	63.230	291	53	2	1	244	1	284	1.95e-90	266
BAF45446_1	YP_003080462_1	33.452	281	109	11	1	242	1	242	1.53e-24	94.0
BAF45446_1	O84883	21.429	70	46	1	77	137	395	464	0.62	26.9
BAF45446_1	O84883	20.833	48	38	0	137	184	417	464	1.1	25.8
BAF45447_1	A2A0X5	80.702	342	19	1	1	295	1	342	1.57e-176	491
BAF45447_1	A2A0X5	93.981	216	13	0	80	295	174	389	3.52e-143	406
BAF45447_1	A2A0X5	95.413	218	10	0	80	297	221	438	5.30e-135	385
BAF45447_1	BAF45424_1	71.810	337	55	2	1	297	1	337	8.55e-137	386
BAF45447_1	A4PDU9	87.065	201	26	0	1	201	1	201	8.19e-120	338
BAF45447_1	A4PDU9	96.774	124	4	0	174	297	80	203	9.23e-83	244
BAF45447_1	YP_003080462_1	30.605	281	117	11	1	242	1	242	1.89e-19	81.3
BAF45447_1	YP_003080462_1	33.854	192	55	9	131	289	90	242	3.60e-14	66.6
BAF45447_1	O84883	20.833	48	38	0	137	184	417	464	0.61	26.9
BAF45447_1	O84883	20.833	48	38	0	184	231	417	464	0.67	26.9
BAF45447_1	O84883	21.429	70	46	1	77	137	395	464	0.69	26.9
BAF45447_1	O84883	20.833	48	38	0	231	278	417	464	0.94	26.6
BAF45448_1	A2A0X5	96.774	248	8	0	1	248	1	248	2.59e-170	473
BAF45448_1	A2A0X5	94.737	171	9	0	80	250	268	438	3.52e-110	320
BAF45448_1	A2A0X5	92.899	169	12	0	80	248	174	342	4.41e-107	312
BAF45448_1	A2A0X5	92.899	169	12	0	80	248	221	389	4.41e-107	312
BAF45448_1	A4PDU9	92.537	201	15	0	1	201	1	201	2.66e-125	350
BAF45448_1	BAF45424_1	95.906	171	7	0	80	250	167	337	7.21e-104	300
BAF45448_1	BAF45424_1	63.230	291	53	2	1	244	1	284	1.95e-90	266
BAF45448_1	YP_003080462_1	33.452	281	109	11	1	242	1	242	1.53e-24	94.0
BAF45448_1	O84883	21.429	70	46	1	77	137	395	464	0.62	26.9
BAF45448_1	O84883	20.833	48	38	0	137	184	417	464	1.1	25.8
BAF45449_1	A2A0X5	96.774	248	8	0	1	248	1	248	2.59e-170	473
BAF45449_1	A2A0X5	94.737	171	9	0	80	250	268	438	3.52e-110	320
BAF45449_1	A2A0X5	92.899	169	12	0	80	248	174	342	4.41e-107	312
BAF45449_1	A2A0X5	92.899	169	12	0	80	248	221	389	4.41e-107	312
BAF45449_1	A4PDU9	92.537	201	15	0	1	201	1	201	2.66e-125	350
BAF45449_1	BAF45424_1	95.906	171	7	0	80	250	167	337	7.21e-104	300
BAF45449_1	BAF45424_1	63.230	291	53	2	1	244	1	284	1.95e-90	266
BAF45449_1	YP_003080462_1	33.452	281	109	11	1	242	1	242	1.53e-24	94.0
BAF45449_1	O84883	21.429	70	46	1	77	137	395	464	0.62	26.9
BAF45449_1	O84883	20.833	48	38	0	137	184	417	464	1.1	25.8
BAF45450_1	A2A0X5	96.774	248	8	0	1	248	1	248	2.59e-170	473
BAF45450_1	A2A0X5	94.737	171	9	0	80	250	268	438	3.52e-110	320
BAF45450_1	A2A0X5	92.899	169	12	0	80	248	174	342	4.41e-107	312
BAF45450_1	A2A0X5	92.899	169	12	0	80	248	221	389	4.41e-107	312
BAF45450_1	A4PDU9	92.537	201	15	0	1	201	1	201	2.66e-125	350
BAF45450_1	BAF45424_1	95.906	171	7	0	80	250	167	337	7.21e-104	300
BAF45450_1	BAF45424_1	63.230	291	53	2	1	244	1	284	1.95e-90	266
BAF45450_1	YP_003080462_1	33.452	281	109	11	1	242	1	242	1.53e-24	94.0
BAF45450_1	O84883	21.429	70	46	1	77	137	395	464	0.62	26.9
BAF45450_1	O84883	20.833	48	38	0	137	184	417	464	1.1	25.8
BAF45451_1	A2A0X5	80.117	342	21	1	1	295	1	342	1.82e-175	488
BAF45451_1	A2A0X5	92.593	216	16	0	80	295	174	389	5.76e-142	403
BAF45451_1	A2A0X5	94.037	218	13	0	80	297	221	438	8.10e-134	382
BAF45451_1	BAF45424_1	71.217	337	57	2	1	297	1	337	5.31e-136	384
BAF45451_1	A4PDU9	87.562	201	25	0	1	201	1	201	2.09e-120	339
BAF45451_1	A4PDU9	94.355	124	7	0	174	297	80	203	3.88e-81	240
BAF45451_1	YP_003080462_1	30.961	281	116	11	1	242	1	242	4.20e-20	83.2
BAF45451_1	YP_003080462_1	33.854	192	55	9	131	289	90	242	9.54e-14	65.5
BAF45451_1	O84883	22.857	70	45	1	77	137	395	464	0.41	27.7
BAF45451_1	O84883	22.917	48	37	0	184	231	417	464	0.42	27.7
BAF45451_1	O84883	20.833	48	38	0	137	184	417	464	0.73	26.9
BAF45451_1	O84883	20.833	48	38	0	231	278	417	464	0.73	26.9
BAF45452_1	A2A0X5	80.117	342	21	1	1	295	1	342	1.82e-175	488
BAF45452_1	A2A0X5	92.593	216	16	0	80	295	174	389	5.76e-142	403
BAF45452_1	A2A0X5	94.037	218	13	0	80	297	221	438	8.10e-134	382
BAF45452_1	BAF45424_1	71.217	337	57	2	1	297	1	337	5.31e-136	384
BAF45452_1	A4PDU9	87.562	201	25	0	1	201	1	201	2.09e-120	339
BAF45452_1	A4PDU9	94.355	124	7	0	174	297	80	203	3.88e-81	240
BAF45452_1	YP_003080462_1	30.961	281	116	11	1	242	1	242	4.20e-20	83.2
BAF45452_1	YP_003080462_1	33.854	192	55	9	131	289	90	242	9.54e-14	65.5
BAF45452_1	O84883	22.857	70	45	1	77	137	395	464	0.41	27.7
BAF45452_1	O84883	22.917	48	37	0	184	231	417	464	0.42	27.7
BAF45452_1	O84883	20.833	48	38	0	137	184	417	464	0.73	26.9
BAF45452_1	O84883	20.833	48	38	0	231	278	417	464	0.73	26.9
BAF45453_1	A2A0X5	80.117	342	21	1	1	295	1	342	1.82e-175	488
BAF45453_1	A2A0X5	92.593	216	16	0	80	295	174	389	5.76e-142	403
BAF45453_1	A2A0X5	94.037	218	13	0	80	297	221	438	8.10e-134	382
BAF45453_1	BAF45424_1	71.217	337	57	2	1	297	1	337	5.31e-136	384
BAF45453_1	A4PDU9	87.562	201	25	0	1	201	1	201	2.09e-120	339
BAF45453_1	A4PDU9	94.355	124	7	0	174	297	80	203	3.88e-81	240
BAF45453_1	YP_003080462_1	30.961	281	116	11	1	242	1	242	4.20e-20	83.2
BAF45453_1	YP_003080462_1	33.854	192	55	9	131	289	90	242	9.54e-14	65.5
BAF45453_1	O84883	22.857	70	45	1	77	137	395	464	0.41	27.7
BAF45453_1	O84883	22.917	48	37	0	184	231	417	464	0.42	27.7
BAF45453_1	O84883	20.833	48	38	0	137	184	417	464	0.73	26.9
BAF45453_1	O84883	20.833	48	38	0	231	278	417	464	0.73	26.9
BAF45454_1	A2A0X5	80.117	342	21	1	1	295	1	342	1.82e-175	488
BAF45454_1	A2A0X5	92.593	216	16	0	80	295	174	389	5.76e-142	403
BAF45454_1	A2A0X5	94.037	218	13	0	80	297	221	438	8.10e-134	382
BAF45454_1	BAF45424_1	71.217	337	57	2	1	297	1	337	5.31e-136	384
BAF45454_1	A4PDU9	87.562	201	25	0	1	201	1	201	2.09e-120	339
BAF45454_1	A4PDU9	94.355	124	7	0	174	297	80	203	3.88e-81	240
BAF45454_1	YP_003080462_1	30.961	281	116	11	1	242	1	242	4.20e-20	83.2
BAF45454_1	YP_003080462_1	33.854	192	55	9	131	289	90	242	9.54e-14	65.5
BAF45454_1	O84883	22.857	70	45	1	77	137	395	464	0.41	27.7
BAF45454_1	O84883	22.917	48	37	0	184	231	417	464	0.42	27.7
BAF45454_1	O84883	20.833	48	38	0	137	184	417	464	0.73	26.9
BAF45454_1	O84883	20.833	48	38	0	231	278	417	464	0.73	26.9
BAF45455_1	A2A0X5	80.117	342	21	1	1	295	1	342	1.82e-175	488
BAF45455_1	A2A0X5	92.593	216	16	0	80	295	174	389	5.76e-142	403
BAF45455_1	A2A0X5	94.037	218	13	0	80	297	221	438	8.10e-134	382
BAF45455_1	BAF45424_1	71.217	337	57	2	1	297	1	337	5.31e-136	384
BAF45455_1	A4PDU9	87.562	201	25	0	1	201	1	201	2.09e-120	339
BAF45455_1	A4PDU9	94.355	124	7	0	174	297	80	203	3.88e-81	240
BAF45455_1	YP_003080462_1	30.961	281	116	11	1	242	1	242	4.20e-20	83.2
BAF45455_1	YP_003080462_1	33.854	192	55	9	131	289	90	242	9.54e-14	65.5
BAF45455_1	O84883	22.857	70	45	1	77	137	395	464	0.41	27.7
BAF45455_1	O84883	22.917	48	37	0	184	231	417	464	0.42	27.7
BAF45455_1	O84883	20.833	48	38	0	137	184	417	464	0.73	26.9
BAF45455_1	O84883	20.833	48	38	0	231	278	417	464	0.73	26.9
BAF45456_1	A2A0X5	80.117	342	21	1	1	295	1	342	1.82e-175	488
BAF45456_1	A2A0X5	92.593	216	16	0	80	295	174	389	5.76e-142	403
BAF45456_1	A2A0X5	94.037	218	13	0	80	297	221	438	8.10e-134	382
BAF45456_1	BAF45424_1	71.217	337	57	2	1	297	1	337	5.31e-136	384
BAF45456_1	A4PDU9	87.562	201	25	0	1	201	1	201	2.09e-120	339
BAF45456_1	A4PDU9	94.355	124	7	0	174	297	80	203	3.88e-81	240
BAF45456_1	YP_003080462_1	30.961	281	116	11	1	242	1	242	4.20e-20	83.2
BAF45456_1	YP_003080462_1	33.854	192	55	9	131	289	90	242	9.54e-14	65.5
BAF45456_1	O84883	22.857	70	45	1	77	137	395	464	0.41	27.7
BAF45456_1	O84883	22.917	48	37	0	184	231	417	464	0.42	27.7
BAF45456_1	O84883	20.833	48	38	0	137	184	417	464	0.73	26.9
BAF45456_1	O84883	20.833	48	38	0	231	278	417	464	0.73	26.9
BAF45457_1	A2A0X5	96.774	248	8	0	1	248	1	248	2.59e-170	473
BAF45457_1	A2A0X5	94.737	171	9	0	80	250	268	438	3.52e-110	320
BAF45457_1	A2A0X5	92.899	169	12	0	80	248	174	342	4.41e-107	312
BAF45457_1	A2A0X5	92.899	169	12	0	80	248	221	389	4.41e-107	312
BAF45457_1	A4PDU9	92.537	201	15	0	1	201	1	201	2.66e-125	350
BAF45457_1	BAF45424_1	95.906	171	7	0	80	250	167	337	7.21e-104	300
BAF45457_1	BAF45424_1	63.230	291	53	2	1	244	1	284	1.95e-90	266
BAF45457_1	YP_003080462_1	33.452	281	109	11	1	242	1	242	1.53e-24	94.0
BAF45457_1	O84883	21.429	70	46	1	77	137	395	464	0.62	26.9
BAF45457_1	O84883	20.833	48	38	0	137	184	417	464	1.1	25.8
BAF45458_1	A2A0X5	96.774	248	8	0	1	248	1	248	2.59e-170	473
BAF45458_1	A2A0X5	94.737	171	9	0	80	250	268	438	3.52e-110	320
BAF45458_1	A2A0X5	92.899	169	12	0	80	248	174	342	4.41e-107	312
BAF45458_1	A2A0X5	92.899	169	12	0	80	248	221	389	4.41e-107	312
BAF45458_1	A4PDU9	92.537	201	15	0	1	201	1	201	2.66e-125	350
BAF45458_1	BAF45424_1	95.906	171	7	0	80	250	167	337	7.21e-104	300
BAF45458_1	BAF45424_1	63.230	291	53	2	1	244	1	284	1.95e-90	266
BAF45458_1	YP_003080462_1	33.452	281	109	11	1	242	1	242	1.53e-24	94.0
BAF45458_1	O84883	21.429	70	46	1	77	137	395	464	0.62	26.9
BAF45458_1	O84883	20.833	48	38	0	137	184	417	464	1.1	25.8
BAF45459_1	A2A0X5	81.287	342	17	1	1	295	1	342	3.35e-177	492
BAF45459_1	A2A0X5	94.444	216	12	0	80	295	174	389	1.20e-143	407
BAF45459_1	A2A0X5	95.872	218	9	0	80	297	221	438	1.71e-135	387
BAF45459_1	BAF45424_1	72.404	337	53	2	1	297	1	337	5.94e-138	389
BAF45459_1	A4PDU9	88.060	201	24	0	1	201	1	201	1.39e-120	340
BAF45459_1	A4PDU9	96.774	124	4	0	174	297	80	203	9.75e-83	244
BAF45459_1	YP_003080462_1	30.961	281	116	11	1	242	1	242	3.40e-20	83.6
BAF45459_1	YP_003080462_1	33.854	192	55	9	131	289	90	242	4.32e-14	66.2
BAF45459_1	O84883	21.429	70	46	1	77	137	395	464	0.63	26.9
BAF45459_1	O84883	20.833	48	38	0	137	184	417	464	0.65	26.9
BAF45459_1	O84883	20.833	48	38	0	184	231	417	464	0.65	26.9
BAF45459_1	O84883	20.833	48	38	0	231	278	417	464	0.91	26.6
BAF45460_1	A2A0X5	96.774	248	8	0	1	248	1	248	2.59e-170	473
BAF45460_1	A2A0X5	94.737	171	9	0	80	250	268	438	3.52e-110	320
BAF45460_1	A2A0X5	92.899	169	12	0	80	248	174	342	4.41e-107	312
BAF45460_1	A2A0X5	92.899	169	12	0	80	248	221	389	4.41e-107	312
BAF45460_1	A4PDU9	92.537	201	15	0	1	201	1	201	2.66e-125	350
BAF45460_1	BAF45424_1	95.906	171	7	0	80	250	167	337	7.21e-104	300
BAF45460_1	BAF45424_1	63.230	291	53	2	1	244	1	284	1.95e-90	266
BAF45460_1	YP_003080462_1	33.452	281	109	11	1	242	1	242	1.53e-24	94.0
BAF45460_1	O84883	21.429	70	46	1	77	137	395	464	0.62	26.9
BAF45460_1	O84883	20.833	48	38	0	137	184	417	464	1.1	25.8
BAF45461_1	A2A0X5	78.644	295	16	1	1	248	1	295	2.44e-143	404
BAF45461_1	A2A0X5	93.491	169	11	0	80	248	174	342	5.62e-110	320
BAF45461_1	A2A0X5	93.491	169	11	0	80	248	221	389	5.62e-110	320
BAF45461_1	A2A0X5	95.322	171	8	0	80	250	268	438	1.92e-101	298
BAF45461_1	A4PDU9	88.557	201	23	0	1	201	1	201	1.40e-122	343
BAF45461_1	BAF45424_1	58.457	337	53	4	1	250	1	337	4.63e-107	308
BAF45461_1	YP_003080462_1	30.961	281	116	11	1	242	1	242	5.71e-21	84.3
BAF45461_1	O84883	20.833	48	38	0	137	184	417	464	0.51	26.9
BAF45461_1	O84883	21.429	70	46	1	77	137	395	464	0.53	26.9
BAF45461_1	O84883	20.833	48	38	0	184	231	417	464	0.71	26.6
BAF45462_1	A2A0X5	96.774	248	8	0	1	248	1	248	2.59e-170	473
BAF45462_1	A2A0X5	94.737	171	9	0	80	250	268	438	3.52e-110	320
BAF45462_1	A2A0X5	92.899	169	12	0	80	248	174	342	4.41e-107	312
BAF45462_1	A2A0X5	92.899	169	12	0	80	248	221	389	4.41e-107	312
BAF45462_1	A4PDU9	92.537	201	15	0	1	201	1	201	2.66e-125	350
BAF45462_1	BAF45424_1	95.906	171	7	0	80	250	167	337	7.21e-104	300
BAF45462_1	BAF45424_1	63.230	291	53	2	1	244	1	284	1.95e-90	266
BAF45462_1	YP_003080462_1	33.452	281	109	11	1	242	1	242	1.53e-24	94.0
BAF45462_1	O84883	21.429	70	46	1	77	137	395	464	0.62	26.9
BAF45462_1	O84883	20.833	48	38	0	137	184	417	464	1.1	25.8
BAF52034_1	A2A0X5	81.287	342	17	1	1	295	1	342	3.35e-177	492
BAF52034_1	A2A0X5	94.444	216	12	0	80	295	174	389	1.20e-143	407
BAF52034_1	A2A0X5	95.872	218	9	0	80	297	221	438	1.71e-135	387
BAF52034_1	BAF45424_1	71.810	337	55	2	1	297	1	337	1.05e-136	386
BAF52034_1	A4PDU9	88.557	201	23	0	1	201	1	201	2.66e-121	342
BAF52034_1	A4PDU9	95.968	124	5	0	174	297	80	203	5.05e-82	242
BAF52034_1	YP_003080462_1	30.961	281	116	11	1	242	1	242	3.40e-20	83.6
BAF52034_1	YP_003080462_1	33.854	192	55	9	131	289	90	242	4.32e-14	66.2
BAF52034_1	O84883	21.429	70	46	1	77	137	395	464	0.63	26.9
BAF52034_1	O84883	20.833	48	38	0	184	231	417	464	0.65	26.9
BAF52034_1	O84883	20.833	48	38	0	231	278	417	464	0.65	26.9
BAF52034_1	O84883	20.833	48	38	0	137	184	417	464	0.91	26.6
BAF52035_1	A2A0X5	83.033	389	19	1	1	342	1	389	0.0	579
BAF52035_1	A2A0X5	95.849	265	11	0	80	344	174	438	5.35e-169	474
BAF52035_1	BAF45424_1	81.395	344	57	1	1	344	1	337	5.05e-163	454
BAF52035_1	A4PDU9	88.060	201	24	0	1	201	1	201	2.04e-119	339
BAF52035_1	A4PDU9	95.968	124	5	0	221	344	80	203	7.54e-81	241
BAF52035_1	A4PDU9	91.803	122	10	0	174	295	80	201	4.58e-76	229
BAF52035_1	YP_003080462_1	30.961	281	116	11	1	242	1	242	1.63e-19	82.4
BAF52035_1	YP_003080462_1	33.854	192	55	9	178	336	90	242	1.76e-13	65.1
BAF52035_1	YP_003080462_1	33.854	192	55	9	131	289	90	242	2.43e-13	64.7
BAF52035_1	O84883	21.429	70	46	1	77	137	395	464	0.78	26.9
BAF52035_1	O84883	20.833	48	38	0	137	184	417	464	0.83	26.9
BAF52035_1	O84883	20.833	48	38	0	184	231	417	464	0.83	26.9
BAF52035_1	O84883	20.833	48	38	0	231	278	417	464	0.83	26.9
BAF52035_1	O84883	20.833	48	38	0	278	325	417	464	0.83	26.9
BAF52358_1	A2A0X5	98.394	436	7	0	1	436	1	436	0.0	829
BAF52358_1	BAF45424_1	80.409	342	60	1	1	342	1	335	1.92e-155	441
BAF52358_1	BAF45424_1	94.961	258	13	0	228	485	80	337	1.66e-142	408
BAF52358_1	BAF45424_1	94.141	256	15	0	181	436	80	335	4.23e-139	399
BAF52358_1	A4PDU9	92.537	201	15	0	1	201	1	201	1.55e-121	350
BAF52358_1	A4PDU9	95.161	124	6	0	362	485	80	203	1.51e-77	237
BAF52358_1	A4PDU9	92.623	122	9	0	221	342	80	201	1.75e-74	229
BAF52358_1	A4PDU9	92.623	122	9	0	268	389	80	201	1.75e-74	229
BAF52358_1	A4PDU9	92.623	122	9	0	315	436	80	201	1.75e-74	229
BAF52358_1	A4PDU9	91.803	122	10	0	174	295	80	201	1.50e-73	227
BAF52358_1	YP_003080462_1	34.545	275	114	11	1	242	1	242	2.59e-20	85.9
BAF52358_1	YP_003080462_1	35.450	189	56	9	131	289	90	242	5.47e-14	67.4
BAF52358_1	YP_003080462_1	36.022	186	59	9	272	430	90	242	6.44e-13	64.3
BAF52358_1	YP_003080462_1	36.022	186	59	9	319	477	90	242	1.15e-12	63.5
BAF52358_1	O84883	21.429	70	46	1	77	137	395	464	1.1	27.3
BAF52358_1	O84883	20.833	48	38	0	231	278	417	464	1.7	26.6
BAF52358_1	O84883	20.833	48	38	0	278	325	417	464	1.7	26.6
BAF52358_1	O84883	20.833	48	38	0	325	372	417	464	1.7	26.6
BAF52358_1	O84883	20.833	48	38	0	184	231	417	464	2.4	26.2
BAF52359_1	A2A0X5	96.020	201	8	0	1	201	1	201	8.10e-137	386
BAF52359_1	A2A0X5	94.355	124	7	0	80	203	315	438	4.88e-79	238
BAF52359_1	A2A0X5	90.164	122	12	0	80	201	174	295	9.22e-74	225
BAF52359_1	A2A0X5	90.164	122	12	0	80	201	221	342	9.22e-74	225
BAF52359_1	A2A0X5	90.164	122	12	0	80	201	268	389	9.22e-74	225
BAF52359_1	A4PDU9	93.596	203	13	0	1	203	1	203	3.11e-130	360
BAF52359_1	BAF45424_1	93.548	124	8	0	80	203	214	337	1.21e-80	239
BAF52359_1	BAF45424_1	67.662	201	58	1	1	201	1	194	3.51e-62	192
BAF52359_1	YP_003080462_1	34.222	225	94	8	1	195	1	201	8.82e-21	82.8
BAF52359_1	O84883	21.429	70	46	1	77	137	395	464	0.58	26.6
BAF52360_1	A2A0X5	81.579	342	16	1	1	295	1	342	1.38e-177	493
BAF52360_1	A2A0X5	94.907	216	11	0	80	295	174	389	5.22e-144	408
BAF52360_1	A2A0X5	96.330	218	8	0	80	297	221	438	7.21e-136	387
BAF52360_1	BAF45424_1	72.700	337	52	2	1	297	1	337	2.59e-138	390
BAF52360_1	A4PDU9	88.557	201	23	0	1	201	1	201	4.22e-121	341
BAF52360_1	A4PDU9	96.774	124	4	0	174	297	80	203	1.09e-82	244
BAF52360_1	YP_003080462_1	31.317	281	115	11	1	242	1	242	8.04e-21	85.1
BAF52360_1	YP_003080462_1	33.854	192	55	9	131	289	90	242	4.16e-14	66.2
BAF52360_1	O84883	21.429	70	46	1	77	137	395	464	0.48	27.3
BAF52360_1	O84883	20.833	48	38	0	137	184	417	464	0.65	26.9
BAF52360_1	O84883	20.833	48	38	0	184	231	417	464	0.65	26.9
BAF52360_1	O84883	20.833	48	38	0	231	278	417	464	0.91	26.6
BAF52361_1	A2A0X5	98.201	389	7	0	1	389	1	389	0.0	745
BAF52361_1	BAF45424_1	79.825	342	62	1	1	342	1	335	9.52e-157	441
BAF52361_1	A4PDU9	93.035	201	14	0	1	201	1	201	1.84e-123	351
BAF52361_1	A4PDU9	95.968	124	5	0	268	391	80	203	6.59e-80	240
BAF52361_1	A4PDU9	93.443	122	8	0	221	342	80	201	2.27e-76	231
BAF52361_1	A4PDU9	91.803	122	10	0	174	295	80	201	3.71e-75	228
BAF52361_1	YP_003080462_1	32.740	281	111	11	1	242	1	242	2.43e-20	85.1
BAF52361_1	YP_003080462_1	33.854	192	55	9	131	289	90	242	2.87e-13	64.7
BAF52361_1	YP_003080462_1	33.854	192	55	9	178	336	90	242	2.87e-13	64.7
BAF52361_1	YP_003080462_1	33.854	192	55	9	225	383	90	242	2.87e-13	64.7
BAF52361_1	O84883	21.429	70	46	1	77	137	395	464	0.66	27.3
BAF52361_1	O84883	20.833	48	38	0	231	278	417	464	0.99	26.9
BAF52361_1	O84883	20.833	48	38	0	137	184	417	464	1.4	26.6
BAF52361_1	O84883	20.833	48	38	0	184	231	417	464	1.4	26.6
BAF52361_1	O84883	20.833	48	38	0	278	325	417	464	1.4	26.6
BAF52363_1	A2A0X5	98.305	295	5	0	1	295	1	295	0.0	570
BAF52363_1	A2A0X5	97.706	218	5	0	80	297	221	438	2.06e-148	419
BAF52363_1	A2A0X5	96.296	216	8	0	80	295	174	389	2.86e-145	411
BAF52363_1	BAF45424_1	72.107	337	54	2	1	297	1	337	3.47e-136	384
BAF52363_1	A4PDU9	92.537	201	15	0	1	201	1	201	5.22e-125	351
BAF52363_1	A4PDU9	95.968	124	5	0	174	297	80	203	5.39e-82	242
BAF52363_1	YP_003080462_1	32.740	281	111	11	1	242	1	242	1.93e-21	87.0
BAF52363_1	YP_003080462_1	33.854	192	55	9	131	289	90	242	4.20e-14	66.2
BAF52363_1	O84883	21.429	70	46	1	77	137	395	464	0.67	26.9
BAF52363_1	O84883	20.833	48	38	0	137	184	417	464	0.92	26.6
BAF52363_1	O84883	20.833	48	38	0	184	231	417	464	0.92	26.6
BAF52363_1	O84883	20.833	48	38	0	231	278	417	464	0.92	26.6
BAF52364_1	A2A0X5	95.413	436	20	0	1	436	1	436	0.0	720
BAF52364_1	BAF45424_1	80.117	342	61	1	1	342	1	335	3.17e-156	443
BAF52364_1	BAF45424_1	95.349	258	12	0	228	485	80	337	1.14e-143	411
BAF52364_1	BAF45424_1	93.359	256	17	0	181	436	80	335	1.11e-138	398
BAF52364_1	A4PDU9	89.055	201	22	0	1	201	1	201	2.95e-118	341
BAF52364_1	A4PDU9	96.774	124	4	0	362	485	80	203	3.69e-79	241
BAF52364_1	A4PDU9	92.623	122	9	0	174	295	80	201	1.91e-74	229
BAF52364_1	A4PDU9	92.623	122	9	0	221	342	80	201	1.91e-74	229
BAF52364_1	A4PDU9	92.623	122	9	0	315	436	80	201	1.91e-74	229
BAF52364_1	A4PDU9	90.984	122	11	0	268	389	80	201	3.08e-73	226
BAF52364_1	YP_003080462_1	32.727	275	119	11	1	242	1	242	1.83e-19	83.6
BAF52364_1	YP_003080462_1	36.022	186	59	9	131	289	90	242	7.91e-13	63.9
BAF52364_1	YP_003080462_1	36.022	186	59	9	272	430	90	242	7.91e-13	63.9
BAF52364_1	YP_003080462_1	36.022	186	59	9	319	477	90	242	7.91e-13	63.9
BAF52364_1	O84883	21.429	70	46	1	77	137	395	464	0.78	27.7
BAF52364_1	O84883	20.833	48	38	0	184	231	417	464	1.2	26.9
BAF52364_1	O84883	20.833	48	38	0	231	278	417	464	1.2	26.9
BAF52364_1	O84883	20.833	48	38	0	325	372	417	464	1.2	26.9
BAF52364_1	O84883	20.833	48	38	0	372	419	417	464	1.2	26.9
BAF52364_1	O84883	20.833	48	38	0	137	184	417	464	1.7	26.6
BAF52364_1	O84883	20.833	48	38	0	278	325	417	464	1.7	26.6
BAF52365_1	A2A0X5	97.953	342	7	0	1	342	1	342	0.0	656
BAF52365_1	A2A0X5	97.358	265	7	0	80	344	174	438	0.0	505
BAF52365_1	BAF45424_1	81.105	344	58	1	1	344	1	337	4.31e-162	452
BAF52365_1	A4PDU9	93.035	201	14	0	1	201	1	201	1.93e-124	352
BAF52365_1	A4PDU9	95.161	124	6	0	221	344	80	203	3.53e-80	239
BAF52365_1	A4PDU9	91.803	122	10	0	174	295	80	201	4.11e-76	229
BAF52365_1	YP_003080462_1	33.096	281	110	11	1	242	1	242	1.55e-21	87.8
BAF52365_1	YP_003080462_1	34.375	192	54	9	178	336	90	242	2.39e-14	67.4
BAF52365_1	O84883	21.429	70	46	1	77	137	395	464	0.57	27.3
BAF52365_1	O84883	20.833	48	38	0	137	184	417	464	1.2	26.6
BAF52365_1	O84883	20.833	48	38	0	184	231	417	464	1.2	26.6
BAF52365_1	O84883	20.833	48	38	0	231	278	417	464	1.4	26.2
BAF52366_1	A2A0X5	94.444	342	19	0	1	342	1	342	0.0	566
BAF52366_1	A2A0X5	95.472	265	12	0	80	344	174	438	1.36e-166	468
BAF52366_1	BAF45424_1	82.267	344	54	1	1	344	1	337	7.90e-163	454
BAF52366_1	A4PDU9	87.562	201	25	0	1	201	1	201	4.85e-118	335
BAF52366_1	A4PDU9	95.161	124	6	0	221	344	80	203	3.77e-80	239
BAF52366_1	A4PDU9	90.984	122	11	0	174	295	80	201	4.11e-75	226
BAF52366_1	YP_003080462_1	32.028	281	113	11	1	242	1	242	6.35e-22	89.0
BAF52366_1	YP_003080462_1	34.896	192	53	9	131	289	90	242	1.51e-15	70.9
BAF52366_1	YP_003080462_1	34.375	192	54	9	178	336	90	242	1.38e-14	68.2
BAF52366_1	O84883	20.833	48	38	0	278	325	417	464	0.78	26.9
BAF52366_1	O84883	20.833	48	38	0	231	278	417	464	1.1	26.6
BAF52366_1	O84883	20.833	48	38	0	184	231	417	464	1.5	26.2
BAF52367_1	A2A0X5	95.116	389	19	0	1	389	1	389	0.0	655
BAF52367_1	A2A0X5	93.916	263	16	0	80	342	174	436	2.60e-160	454
BAF52367_1	BAF45424_1	80.409	342	60	1	1	342	1	335	2.33e-156	439
BAF52367_1	A4PDU9	88.060	201	24	0	1	201	1	201	7.65e-118	337
BAF52367_1	A4PDU9	95.968	124	5	0	268	391	80	203	6.38e-80	240
BAF52367_1	A4PDU9	92.623	122	9	0	221	342	80	201	1.92e-75	229
BAF52367_1	A4PDU9	90.164	122	12	0	174	295	80	201	2.87e-73	223
BAF52367_1	YP_003080462_1	32.028	281	113	11	1	242	1	242	2.27e-21	88.2
BAF52367_1	YP_003080462_1	34.896	192	53	9	178	336	90	242	3.07e-15	70.5
BAF52367_1	YP_003080462_1	34.375	192	54	9	225	383	90	242	3.91e-14	67.4
BAF52367_1	O84883	20.833	48	38	0	278	325	417	464	1.3	26.6
BAF52367_1	O84883	20.833	48	38	0	231	278	417	464	1.3	26.6
BAF52368_1	A2A0X5	94.444	342	19	0	1	342	1	342	0.0	566
BAF52368_1	A2A0X5	95.472	265	12	0	80	344	174	438	1.36e-166	468
BAF52368_1	BAF45424_1	82.267	344	54	1	1	344	1	337	7.90e-163	454
BAF52368_1	A4PDU9	87.562	201	25	0	1	201	1	201	4.85e-118	335
BAF52368_1	A4PDU9	95.161	124	6	0	221	344	80	203	3.77e-80	239
BAF52368_1	A4PDU9	90.984	122	11	0	174	295	80	201	4.11e-75	226
BAF52368_1	YP_003080462_1	32.028	281	113	11	1	242	1	242	6.35e-22	89.0
BAF52368_1	YP_003080462_1	34.896	192	53	9	131	289	90	242	1.51e-15	70.9
BAF52368_1	YP_003080462_1	34.375	192	54	9	178	336	90	242	1.38e-14	68.2
BAF52368_1	O84883	20.833	48	38	0	278	325	417	464	0.78	26.9
BAF52368_1	O84883	20.833	48	38	0	231	278	417	464	1.1	26.6
BAF52368_1	O84883	20.833	48	38	0	184	231	417	464	1.5	26.2
BAF52369_1	A2A0X5	81.579	342	16	1	1	295	1	342	1.76e-177	493
BAF52369_1	A2A0X5	94.907	216	11	0	80	295	174	389	5.70e-144	408
BAF52369_1	A2A0X5	96.330	218	8	0	80	297	221	438	7.95e-136	387
BAF52369_1	BAF45424_1	72.404	337	53	2	1	297	1	337	4.42e-138	389
BAF52369_1	A4PDU9	88.557	201	23	0	1	201	1	201	4.81e-121	341
BAF52369_1	A4PDU9	96.774	124	4	0	174	297	80	203	1.06e-82	244
BAF52369_1	YP_003080462_1	31.673	281	114	11	1	242	1	242	4.26e-21	85.9
BAF52369_1	YP_003080462_1	33.854	192	55	9	131	289	90	242	4.04e-14	66.2
BAF52369_1	O84883	21.429	70	46	1	77	137	395	464	0.48	27.3
BAF52369_1	O84883	20.833	48	38	0	137	184	417	464	0.66	26.9
BAF52369_1	O84883	20.833	48	38	0	184	231	417	464	0.66	26.9
BAF52369_1	O84883	20.833	48	38	0	231	278	417	464	0.92	26.6
BAF52370_1	A2A0X5	83.548	389	17	1	1	342	1	389	0.0	582
BAF52370_1	A2A0X5	96.604	265	9	0	80	344	174	438	2.71e-170	477
BAF52370_1	BAF45424_1	81.977	344	55	1	1	344	1	337	1.85e-164	458
BAF52370_1	A4PDU9	88.060	201	24	0	1	201	1	201	2.51e-119	338
BAF52370_1	A4PDU9	95.968	124	5	0	221	344	80	203	5.32e-81	241
BAF52370_1	A4PDU9	93.443	122	8	0	174	295	80	201	1.95e-77	232
BAF52370_1	YP_003080462_1	30.961	281	116	11	1	242	1	242	1.07e-19	82.8
BAF52370_1	YP_003080462_1	33.854	192	55	9	178	336	90	242	9.49e-14	65.9
BAF52370_1	O84883	21.429	70	46	1	77	137	395	464	0.75	26.9
BAF52370_1	O84883	20.833	48	38	0	137	184	417	464	0.81	26.9
BAF52370_1	O84883	20.833	48	38	0	184	231	417	464	0.81	26.9
BAF52370_1	O84883	20.833	48	38	0	231	278	417	464	1.1	26.6
BAF52371_1	A4PDU9	100.000	203	0	0	1	203	1	203	2.79e-148	406
BAF52371_1	A2A0X5	75.000	248	15	1	1	201	1	248	2.06e-106	308
BAF52371_1	A2A0X5	92.623	122	9	0	80	201	174	295	5.21e-76	231
BAF52371_1	A2A0X5	92.623	122	9	0	80	201	221	342	5.21e-76	231
BAF52371_1	A2A0X5	92.623	122	9	0	80	201	268	389	5.21e-76	231
BAF52371_1	A2A0X5	95.161	124	6	0	80	203	315	438	3.54e-67	208
BAF52371_1	BAF45424_1	95.968	124	5	0	80	203	214	337	1.21e-82	244
BAF52371_1	BAF45424_1	50.694	288	55	5	1	201	1	288	1.78e-67	206
BAF52371_1	YP_003080462_1	33.778	225	95	8	1	195	1	201	2.12e-20	81.6
BAF52371_1	YP_003080462_1	35.616	73	23	3	85	148	185	242	0.001	34.3
BAF52371_1	O84883	20.833	48	38	0	90	137	417	464	0.47	26.6
BAF52371_1	O84883	20.833	48	38	0	137	184	417	464	0.65	26.2
BAF52372_1	A2A0X5	78.305	295	17	1	1	248	1	295	1.02e-141	400
BAF52372_1	A2A0X5	92.899	169	12	0	80	248	174	342	1.80e-108	316
BAF52372_1	A2A0X5	92.899	169	12	0	80	248	221	389	1.80e-108	316
BAF52372_1	A2A0X5	94.737	171	9	0	80	250	268	438	5.15e-100	294
BAF52372_1	A4PDU9	88.060	201	24	0	1	201	1	201	2.37e-121	340
BAF52372_1	BAF45424_1	58.160	337	54	4	1	250	1	337	3.06e-107	309
BAF52372_1	YP_003080462_1	31.317	281	115	11	1	242	1	242	9.40e-22	86.7
BAF52372_1	O84883	20.833	48	38	0	184	231	417	464	0.52	26.9
BAF52372_1	O84883	20.833	48	38	0	137	184	417	464	0.72	26.6
BAF52372_1	O84883	21.429	70	46	1	77	137	395	464	0.77	26.6
BAF52373_1	A2A0X5	78.305	295	17	1	1	248	1	295	1.02e-141	400
BAF52373_1	A2A0X5	92.899	169	12	0	80	248	174	342	1.80e-108	316
BAF52373_1	A2A0X5	92.899	169	12	0	80	248	221	389	1.80e-108	316
BAF52373_1	A2A0X5	94.737	171	9	0	80	250	268	438	5.15e-100	294
BAF52373_1	A4PDU9	88.060	201	24	0	1	201	1	201	2.37e-121	340
BAF52373_1	BAF45424_1	58.160	337	54	4	1	250	1	337	3.06e-107	309
BAF52373_1	YP_003080462_1	31.317	281	115	11	1	242	1	242	9.40e-22	86.7
BAF52373_1	O84883	20.833	48	38	0	184	231	417	464	0.52	26.9
BAF52373_1	O84883	20.833	48	38	0	137	184	417	464	0.72	26.6
BAF52373_1	O84883	21.429	70	46	1	77	137	395	464	0.77	26.6
BAF52374_1	A2A0X5	78.644	295	16	1	1	248	1	295	2.12e-142	402
BAF52374_1	A2A0X5	93.491	169	11	0	80	248	174	342	3.89e-109	317
BAF52374_1	A2A0X5	93.491	169	11	0	80	248	221	389	3.89e-109	317
BAF52374_1	A2A0X5	95.322	171	8	0	80	250	268	438	1.11e-100	296
BAF52374_1	A4PDU9	88.557	201	23	0	1	201	1	201	3.72e-122	342
BAF52374_1	BAF45424_1	58.457	337	53	4	1	250	1	337	5.45e-108	311
BAF52374_1	YP_003080462_1	31.317	281	115	11	1	242	1	242	5.13e-22	87.4
BAF52374_1	O84883	20.833	48	38	0	137	184	417	464	0.69	26.6
BAF52374_1	O84883	20.833	48	38	0	184	231	417	464	0.69	26.6
BAF52374_1	O84883	21.429	70	46	1	77	137	395	464	0.74	26.6
BAF52375_1	A2A0X5	94.444	342	19	0	1	342	1	342	0.0	566
BAF52375_1	A2A0X5	95.472	265	12	0	80	344	174	438	1.36e-166	468
BAF52375_1	BAF45424_1	82.267	344	54	1	1	344	1	337	7.90e-163	454
BAF52375_1	A4PDU9	87.562	201	25	0	1	201	1	201	4.85e-118	335
BAF52375_1	A4PDU9	95.161	124	6	0	221	344	80	203	3.77e-80	239
BAF52375_1	A4PDU9	90.984	122	11	0	174	295	80	201	4.11e-75	226
BAF52375_1	YP_003080462_1	32.028	281	113	11	1	242	1	242	6.35e-22	89.0
BAF52375_1	YP_003080462_1	34.896	192	53	9	131	289	90	242	1.51e-15	70.9
BAF52375_1	YP_003080462_1	34.375	192	54	9	178	336	90	242	1.38e-14	68.2
BAF52375_1	O84883	20.833	48	38	0	278	325	417	464	0.78	26.9
BAF52375_1	O84883	20.833	48	38	0	231	278	417	464	1.1	26.6
BAF52375_1	O84883	20.833	48	38	0	184	231	417	464	1.5	26.2
BAF52376_1	A2A0X5	94.444	342	19	0	1	342	1	342	0.0	566
BAF52376_1	A2A0X5	95.472	265	12	0	80	344	174	438	1.36e-166	468
BAF52376_1	BAF45424_1	82.267	344	54	1	1	344	1	337	7.90e-163	454
BAF52376_1	A4PDU9	87.562	201	25	0	1	201	1	201	4.85e-118	335
BAF52376_1	A4PDU9	95.161	124	6	0	221	344	80	203	3.77e-80	239
BAF52376_1	A4PDU9	90.984	122	11	0	174	295	80	201	4.11e-75	226
BAF52376_1	YP_003080462_1	32.028	281	113	11	1	242	1	242	6.35e-22	89.0
BAF52376_1	YP_003080462_1	34.896	192	53	9	131	289	90	242	1.51e-15	70.9
BAF52376_1	YP_003080462_1	34.375	192	54	9	178	336	90	242	1.38e-14	68.2
BAF52376_1	O84883	20.833	48	38	0	278	325	417	464	0.78	26.9
BAF52376_1	O84883	20.833	48	38	0	231	278	417	464	1.1	26.6
BAF52376_1	O84883	20.833	48	38	0	184	231	417	464	1.5	26.2
BAF52377_1	A2A0X5	81.579	342	16	1	1	295	1	342	1.76e-177	493
BAF52377_1	A2A0X5	94.907	216	11	0	80	295	174	389	5.70e-144	408
BAF52377_1	A2A0X5	96.330	218	8	0	80	297	221	438	7.95e-136	387
BAF52377_1	BAF45424_1	72.404	337	53	2	1	297	1	337	4.42e-138	389
BAF52377_1	A4PDU9	88.557	201	23	0	1	201	1	201	4.81e-121	341
BAF52377_1	A4PDU9	96.774	124	4	0	174	297	80	203	1.06e-82	244
BAF52377_1	YP_003080462_1	31.673	281	114	11	1	242	1	242	4.26e-21	85.9
BAF52377_1	YP_003080462_1	33.854	192	55	9	131	289	90	242	4.04e-14	66.2
BAF52377_1	O84883	21.429	70	46	1	77	137	395	464	0.48	27.3
BAF52377_1	O84883	20.833	48	38	0	137	184	417	464	0.66	26.9
BAF52377_1	O84883	20.833	48	38	0	184	231	417	464	0.66	26.9
BAF52377_1	O84883	20.833	48	38	0	231	278	417	464	0.92	26.6
BAF52548_1	Q58I88	64.837	583	163	9	1	550	1	574	0.0	633
BAF52548_1	Q5QA89	31.646	79	48	2	142	214	280	358	0.48	28.5
BAF52548_1	Q5ZSI8	30.233	43	27	1	295	337	531	570	0.69	28.1
BAF52548_1	YP_003294926_1	25.000	112	64	4	8	116	50	144	3.8	25.8
BAF52548_1	YP_096336_1	26.230	61	42	2	294	354	82	139	4.9	25.0
BAF52549_1	Q58I88	67.446	599	143	12	1	572	1	574	0.0	666
BAF52549_1	Q5ZV00	27.059	170	87	9	255	407	78	227	0.64	28.1
BAF52549_1	Q9JP32	22.535	71	41	2	120	178	117	185	7.0	24.6
BAF52549_1	O87652	35.135	37	24	0	27	63	431	467	7.3	24.6
BAF92845_1	Q58I88	98.955	574	0	1	1	568	1	574	0.0	1136
BAF92845_1	Q7DB81	27.381	84	54	1	344	427	143	219	1.3	26.9
BAF92845_1	Q63K50	33.333	30	20	0	11	40	225	254	1.8	26.6
BAF92845_1	P0A310	31.250	48	33	0	220	267	10	57	3.4	23.5
BAF96518_1	A9ZNG6	98.635	293	4	0	1	293	1	293	0.0	599
BAF96518_1	Q99PZ6	29.630	135	84	6	133	259	27	158	8.62e-10	53.1
BAF96518_1	Q99PZ6	22.222	54	32	2	236	286	41	87	5.9	23.5
BAF96518_1	Q5ZTM4	29.787	47	32	1	227	272	192	238	0.60	26.9
BAF96518_1	I1WVY3	27.711	83	50	3	42	120	71	147	1.7	25.8
BAF96518_1	Q5ZUV5	27.586	87	57	3	200	285	27	108	1.8	25.4
BAF96522_1	Q8X4X1	78.307	189	41	0	1	189	1	189	9.02e-95	270
BAF96522_1	Q87W65	34.375	32	21	0	35	66	49	80	1.7	24.6
BAF96522_1	Q5ZVJ1	30.645	62	34	2	80	140	780	833	2.0	24.6
BAF96522_1	A0KHZ7	31.667	60	39	1	35	92	2609	2668	2.8	24.3
BAF96522_1	NP_819024_1	37.500	32	18	1	92	121	206	237	7.0	22.7
BAF96525_1	YP_002328290_1	100.000	217	0	0	1	217	1	217	3.14e-163	445
BAF96525_1	ACT72390_1	82.456	171	30	0	47	217	2	172	7.57e-106	298
BAF96525_1	S6TW99	41.667	48	25	1	170	214	157	204	1.22e-04	37.4
BAF96525_1	S6U3U1	42.857	42	21	1	174	212	25	66	6.00e-04	33.1
BAF96525_1	F3IDL2	34.000	50	30	1	164	210	92	141	0.011	30.8
BAF96530_1	A9ZNG6	98.635	293	4	0	1	293	1	293	0.0	599
BAF96530_1	Q99PZ6	29.630	135	84	6	133	259	27	158	8.62e-10	53.1
BAF96530_1	Q99PZ6	22.222	54	32	2	236	286	41	87	5.9	23.5
BAF96530_1	Q5ZTM4	29.787	47	32	1	227	272	192	238	0.60	26.9
BAF96530_1	I1WVY3	27.711	83	50	3	42	120	71	147	1.7	25.8
BAF96530_1	Q5ZUV5	27.586	87	57	3	200	285	27	108	1.8	25.4
BAF96533_1	YP_002328290_1	100.000	217	0	0	1	217	1	217	3.14e-163	445
BAF96533_1	ACT72390_1	82.456	171	30	0	47	217	2	172	7.57e-106	298
BAF96533_1	S6TW99	41.667	48	25	1	170	214	157	204	1.22e-04	37.4
BAF96533_1	S6U3U1	42.857	42	21	1	174	212	25	66	6.00e-04	33.1
BAF96533_1	F3IDL2	34.000	50	30	1	164	210	92	141	0.011	30.8
BAF96538_1	B7UI21	61.231	325	126	0	2	326	5	329	7.15e-150	420
BAF96538_1	Q5ZT54	36.111	36	23	0	86	121	809	844	0.27	28.5
BAF96538_1	Q97QZ1	25.974	77	52	2	74	145	46	122	0.60	26.9
BAF96538_1	WP_076706633_1	29.167	72	45	3	123	188	132	203	0.79	26.9
BAF96538_1	C7BKP9_2	28.846	52	34	1	212	260	2270	2321	0.85	26.9
BAF96539_1	A9ZNG6	100.000	293	0	0	1	293	1	293	0.0	606
BAF96539_1	Q99PZ6	29.630	135	84	6	133	259	27	158	5.10e-10	53.5
BAF96539_1	Q99PZ6	22.222	54	32	2	236	286	41	87	5.6	23.5
BAF96539_1	Q5ZTM4	29.787	47	32	1	227	272	192	238	0.62	26.9
BAF96539_1	I1WVY3	27.711	83	50	3	42	120	71	147	1.5	25.8
BAF96539_1	YP_414449_1	32.558	43	29	0	2	44	1116	1158	1.8	25.8
BAF96540_1	Q8X4X1	77.778	189	42	0	1	189	1	189	2.48e-95	271
BAF96540_1	E7PLP1	33.333	72	43	3	17	83	68	139	0.12	28.5
BAF96540_1	F3IHD9	29.032	31	22	0	141	171	406	436	1.1	25.4
BAF96540_1	Q2QCI9	31.034	29	20	0	143	171	542	570	1.8	24.6
BAF96540_1	M3B575	30.189	53	37	0	48	100	329	381	5.4	23.1
BAF96541_1	A1KWQ2	75.792	442	76	4	1	412	1	441	0.0	649
BAF96541_1	A1KWP5	76.812	345	53	1	95	412	1	345	0.0	527
BAF96541_1	Q45716	28.814	59	40	1	189	247	683	739	0.070	30.8
BAF96541_1	G9L9K6	40.909	22	13	0	23	44	576	597	0.99	26.9
BAF96541_1	Q9Z8G9	23.636	110	54	3	330	409	79	188	5.8	24.3
BAG66368_1	B7UI21	60.923	325	127	0	2	326	5	329	1.76e-148	417
BAG66368_1	Q5ZT54	36.111	36	23	0	86	121	809	844	0.26	28.5
BAG66368_1	Q97QZ1	25.974	77	52	2	74	145	46	122	0.60	26.9
BAG66368_1	C7BKP9_2	28.846	52	34	1	212	260	2270	2321	0.89	26.9
BAG66368_1	Q5ZU30	29.091	55	38	1	208	261	124	178	2.0	25.8
BAG66369_1	A9ZNG6	99.659	293	1	0	1	293	1	293	0.0	605
BAG66369_1	Q99PZ6	29.630	135	84	6	133	259	27	158	4.90e-10	53.9
BAG66369_1	Q99PZ6	22.222	54	32	2	236	286	41	87	5.8	23.5
BAG66369_1	Q5ZTM4	29.787	47	32	1	227	272	192	238	0.64	26.9
BAG66369_1	I1WVY3	27.711	83	50	3	42	120	71	147	1.6	25.8
BAG66369_1	Q5ZUV5	27.586	87	57	3	200	285	27	108	1.9	25.4
BAG66372_1	A1KWQ2	75.792	442	76	4	1	412	1	441	0.0	649
BAG66372_1	A1KWP5	76.812	345	53	1	95	412	1	345	0.0	527
BAG66372_1	Q45716	28.814	59	40	1	189	247	683	739	0.070	30.8
BAG66372_1	G9L9K6	40.909	22	13	0	23	44	576	597	0.99	26.9
BAG66372_1	Q9Z8G9	23.636	110	54	3	330	409	79	188	5.8	24.3
BAG66379_1	A2A0X5	80.994	342	18	1	1	295	1	342	1.60e-176	491
BAG66379_1	A2A0X5	93.981	216	13	0	80	295	174	389	5.51e-143	405
BAG66379_1	A2A0X5	95.413	218	10	0	80	297	221	438	7.77e-135	385
BAG66379_1	BAF45424_1	71.513	337	56	2	1	297	1	337	6.61e-136	384
BAG66379_1	A4PDU9	88.557	201	23	0	1	201	1	201	2.72e-121	342
BAG66379_1	A4PDU9	95.161	124	6	0	174	297	80	203	2.59e-81	240
BAG66379_1	YP_003080462_1	30.961	281	116	11	1	242	1	242	3.20e-20	83.6
BAG66379_1	YP_003080462_1	33.854	192	55	9	131	289	90	242	5.24e-14	66.2
BAG66379_1	O84883	21.429	70	46	1	77	137	395	464	0.65	26.9
BAG66379_1	O84883	20.833	48	38	0	184	231	417	464	0.67	26.9
BAG66379_1	O84883	20.833	48	38	0	231	278	417	464	0.67	26.9
BAG66379_1	O84883	20.833	48	38	0	137	184	417	464	0.93	26.6
BAG66565_1	Q8XAL7	92.593	189	14	0	1	189	1	189	1.89e-133	367
BAG66565_1	Q5ZZF1	25.410	122	71	7	52	168	132	238	0.87	25.8
BAG66565_1	Q89BB8	24.359	78	53	1	64	135	180	257	1.3	25.4
BAG66565_1	Q5ZSM7	23.656	93	66	2	54	141	868	960	1.5	25.0
BAG66565_1	O84626	24.590	61	44	1	30	88	679	739	1.9	24.6
BAG66724_1	Q9AJW7	48.889	180	91	1	7	186	3	181	5.91e-61	184
BAG66724_1	YP_003367517_1	26.923	182	129	2	1	182	1	178	9.32e-20	78.6
BAG66724_1	YP_003236082_1	32.759	116	76	2	31	144	38	153	2.77e-17	72.4
BAG66724_1	Q326S7	37.705	61	37	1	66	125	76	136	6.52e-07	43.5
BAG66724_1	YP_002040480_1	30.952	42	28	1	63	103	194	235	1.3	25.0
BAG66853_1	YP_002330704_1	100.000	224	0	0	1	224	1	224	9.41e-170	462
BAG66853_1	P0A3W8	25.000	100	55	4	20	103	269	364	0.23	27.7
BAG66853_1	Q989R4	32.000	50	33	1	47	95	580	629	0.25	27.7
BAG66853_1	Q5ZV03	27.778	54	38	1	29	81	32	85	1.4	25.4
BAG66853_1	NP_820840_1	33.333	36	23	1	73	108	511	545	2.3	24.6
BAI24478_1	A2A0X5	96.774	248	8	0	1	248	1	248	2.59e-170	473
BAI24478_1	A2A0X5	94.737	171	9	0	80	250	268	438	3.52e-110	320
BAI24478_1	A2A0X5	92.899	169	12	0	80	248	174	342	4.41e-107	312
BAI24478_1	A2A0X5	92.899	169	12	0	80	248	221	389	4.41e-107	312
BAI24478_1	A4PDU9	92.537	201	15	0	1	201	1	201	2.66e-125	350
BAI24478_1	BAF45424_1	95.906	171	7	0	80	250	167	337	7.21e-104	300
BAI24478_1	BAF45424_1	63.230	291	53	2	1	244	1	284	1.95e-90	266
BAI24478_1	YP_003080462_1	33.452	281	109	11	1	242	1	242	1.53e-24	94.0
BAI24478_1	O84883	21.429	70	46	1	77	137	395	464	0.62	26.9
BAI24478_1	O84883	20.833	48	38	0	137	184	417	464	1.1	25.8
BAI28392_1	B7UH72	42.932	382	217	1	16	397	10	390	7.35e-114	334
BAI28392_1	Q326N4	23.448	290	197	9	45	320	28	306	5.89e-12	62.0
BAI28392_1	F0V195	32.812	64	40	2	307	370	49	109	0.077	30.4
BAI28392_1	ACJ19818_1	25.714	70	50	2	186	255	7	74	0.37	28.1
BAI28392_1	D4HZV6	37.209	43	21	1	159	195	381	423	0.88	27.3
BAI28410_1	BAI32344_1	71.000	100	27	1	1	100	1	98	5.24e-26	89.0
BAI28410_1	Q5EN61	40.000	30	18	0	35	64	442	471	1.6	23.5
BAI28410_1	Q8VPK4	33.333	33	22	0	23	55	465	497	2.4	22.7
BAI28410_1	Q87GF9	36.842	57	32	3	3	55	1456	1512	3.2	22.3
BAI28410_1	AAR21118_1	30.612	49	29	1	56	99	1225	1273	4.1	22.3
BAI28419_1	YP_003236082_1	82.759	203	35	0	1	203	1	203	1.34e-128	356
BAI28419_1	Q9AJW7	32.624	141	90	3	49	189	38	173	2.00e-20	80.5
BAI28419_1	Q9AJW7	35.185	54	28	3	129	175	4	57	1.1	25.0
BAI28419_1	YP_003367517_1	24.832	149	110	2	53	201	43	189	3.07e-13	61.2
BAI28419_1	Q326S7	34.483	87	54	3	49	133	51	136	2.74e-10	53.5
BAI28419_1	Q87W65	24.615	65	47	2	120	184	450	512	0.19	28.1
BAI28431_1	YP_003080462_1	77.561	205	46	0	1	205	1	205	1.47e-96	277
BAI28431_1	A4PDU9	34.483	174	114	0	31	204	25	198	6.41e-20	79.7
BAI28431_1	A2A0X5	37.984	129	77	1	73	201	211	336	7.33e-15	67.8
BAI28431_1	A2A0X5	37.984	129	77	1	73	201	258	383	7.33e-15	67.8
BAI28431_1	A2A0X5	38.393	112	69	0	90	201	178	289	4.69e-13	62.8
BAI28431_1	A2A0X5	36.364	132	81	1	73	204	305	433	1.05e-11	58.9
BAI28431_1	A2A0X5	37.209	129	78	1	73	201	117	242	1.20e-11	58.5
BAI28431_1	A2A0X5	34.028	144	95	0	58	201	52	195	1.06e-10	55.8
BAI28431_1	BAF45424_1	37.391	115	72	0	90	204	218	332	4.34e-13	62.4
BAI28431_1	BAF45424_1	33.663	202	119	3	1	201	1	188	2.23e-10	54.7
BAI28431_1	BAF45424_1	37.500	112	70	0	90	201	171	282	1.25e-09	52.4
BAI28431_1	Q156B7	30.380	79	51	2	37	112	92	169	0.048	29.6
BAI28431_1	Q156B7	32.609	46	30	1	161	206	125	169	1.3	25.4
BAI32323_1	YP_003080462_1	76.984	252	52	1	1	252	1	246	1.07e-117	334
BAI32323_1	A2A0X5	34.978	223	97	6	90	288	178	376	1.02e-20	87.0
BAI32323_1	A2A0X5	34.583	240	106	7	73	288	211	423	1.24e-19	84.0
BAI32323_1	A2A0X5	34.599	237	110	6	73	288	117	329	1.44e-19	84.0
BAI32323_1	A2A0X5	32.937	252	127	5	58	288	52	282	9.05e-19	81.6
BAI32323_1	A2A0X5	34.500	200	80	7	73	248	258	430	2.28e-15	71.6
BAI32323_1	A4PDU9	33.846	195	81	6	31	201	25	195	5.88e-18	76.3
BAI32323_1	A4PDU9	36.538	104	66	0	185	288	85	188	9.01e-09	50.1
BAI32323_1	BAF45424_1	29.888	358	145	10	1	288	1	322	4.26e-17	75.9
BAI32323_1	BAF45424_1	34.444	180	76	5	90	248	171	329	5.67e-14	67.0
BAI32323_1	Q156B7	30.380	79	51	2	37	112	92	169	0.11	29.6
BAI32323_1	Q156B7	35.000	40	25	1	255	294	125	163	4.7	24.3
BAI32335_1	YP_003236082_1	82.266	203	36	0	1	203	1	203	1.88e-127	353
BAI32335_1	Q9AJW7	32.624	141	90	3	49	189	38	173	5.47e-20	79.3
BAI32335_1	Q9AJW7	35.185	54	28	3	129	175	4	57	8.1	22.3
BAI32335_1	YP_003367517_1	24.832	149	110	2	53	201	43	189	2.59e-13	61.6
BAI32335_1	Q326S7	34.483	87	54	3	49	133	51	136	2.71e-10	53.5
BAI32335_1	Q87W65	26.154	65	46	1	120	184	450	512	0.10	28.9
BAI32337_1	BAI28417_1	99.415	171	1	0	1	171	1	171	4.03e-127	350
BAI32337_1	A8YQR4	42.857	35	18	1	121	153	64	98	0.67	25.4
BAI32337_1	G9L9K6	27.119	59	41	2	36	94	62	118	1.5	25.0
BAI32337_1	Q9Z8G9	31.579	57	26	3	99	145	38	91	1.5	24.6
BAI32337_1	Q5ZR83	27.907	43	31	0	78	120	108	150	8.4	22.3
BAI32362_1	B7UH72	42.455	391	222	2	9	397	1	390	1.95e-113	333
BAI32362_1	Q326N4	23.793	290	196	9	45	320	28	306	9.62e-13	64.7
BAI32362_1	F0V195	32.812	64	40	2	307	370	49	109	0.075	30.8
BAI32362_1	ACJ19818_1	24.286	70	51	2	186	255	7	74	1.1	26.6
BAI32362_1	NP_820659_1	24.419	86	54	4	179	262	38	114	2.1	25.0
BAI37516_1	B7UH72	44.241	382	212	1	16	397	10	390	2.59e-113	332
BAI37516_1	Q326N4	22.615	283	193	9	37	304	20	291	2.95e-08	50.8
BAI37516_1	Q5ZVT6	23.276	116	76	2	271	386	34	136	0.51	27.7
BAI37516_1	B4XHJ7	29.268	41	29	0	27	67	407	447	2.5	25.8
BAI37516_1	ABD44194_1	22.464	138	102	2	80	213	423	559	3.1	25.4
BAI37516_1	ABD44194_1	27.692	65	46	1	149	213	660	723	9.7	23.9
BAI37519_1	YP_003080462_1	71.970	264	54	6	1	261	1	247	2.04e-107	307
BAI37519_1	A2A0X5	37.017	181	97	7	85	256	211	383	5.46e-15	69.7
BAI37519_1	A2A0X5	36.095	169	93	6	97	256	174	336	2.14e-13	65.1
BAI37519_1	A2A0X5	36.313	179	101	6	85	256	117	289	6.31e-12	60.5
BAI37519_1	A2A0X5	36.313	179	101	6	85	256	258	430	6.31e-12	60.5
BAI37519_1	A2A0X5	35.625	160	92	5	104	256	87	242	5.91e-10	54.7
BAI37519_1	A2A0X5	36.090	133	77	4	85	213	305	433	3.85e-07	46.2
BAI37519_1	A4PDU9	32.812	192	103	7	28	213	27	198	1.07e-11	58.2
BAI37519_1	A4PDU9	37.168	113	61	4	150	256	87	195	1.44e-08	49.3
BAI37519_1	BAF45424_1	35.928	167	96	5	97	256	167	329	3.32e-10	55.1
BAI37519_1	BAF45424_1	32.069	290	155	8	1	256	1	282	4.50e-08	48.5
BAI37519_1	BAF45424_1	39.759	83	43	3	85	164	251	329	1.13e-05	41.2
BAI37519_1	Q5ZSM7	25.974	77	49	2	109	185	501	569	1.4	25.8
BAI37531_1	YP_003236082_1	100.000	203	0	0	1	203	1	203	4.19e-154	421
BAI37531_1	Q9AJW7	33.333	129	84	2	49	177	38	164	2.92e-20	80.1
BAI37531_1	Q9AJW7	31.343	67	41	3	132	194	10	75	2.9	23.9
BAI37531_1	YP_003367517_1	27.333	150	105	3	53	201	43	189	1.65e-12	59.3
BAI37531_1	Q326S7	24.324	148	104	4	39	181	41	185	1.66e-08	48.5
BAI37531_1	Q5ZVL4	27.941	68	43	2	53	114	565	632	0.17	28.1
BAI37533_1	BAI28417_1	71.856	167	45	1	1	165	1	167	4.26e-86	246
BAI37533_1	NP_820552_1	44.737	38	21	0	129	166	423	460	0.079	28.5
BAI37533_1	CAH11504_1	33.333	33	22	0	73	105	296	328	1.5	24.6
BAI37533_1	WP_123778901_1	25.000	76	55	1	5	78	397	472	2.2	24.3
BAI37533_1	CAJ11627_1	47.619	21	11	0	114	134	87	107	5.5	22.7
BAI37540_1	BAI32344_1	82.653	98	17	0	1	98	1	98	2.98e-36	114
BAI37540_1	Q87GF9	47.059	34	17	1	3	35	1456	1489	0.29	25.4
BAI37540_1	AAR21118_1	41.667	24	14	0	74	97	1250	1273	1.2	23.9
BAI37540_1	G9L9K6	64.286	14	5	0	24	37	351	364	1.6	23.5
BAI37540_1	ABY91230_2	41.667	24	14	0	74	97	1858	1881	1.8	23.1
CAA12185_1	Q7BVH7	100.000	196	0	0	1	196	1	196	1.60e-145	398
CAA12185_1	Q4G4C8	34.756	164	95	4	39	192	34	195	1.54e-24	91.3
CAA12185_1	Q47184	33.333	114	65	4	60	170	63	168	1.08e-09	51.2
CAA12185_1	A0KHZ7	25.843	89	49	2	119	193	3135	3220	0.15	28.5
CAA12185_1	Q57KZ6	35.714	28	18	0	73	100	93	120	1.3	25.0
CAA12187_1	O84947	99.793	484	1	0	1	484	1	484	0.0	991
CAA12187_1	YP_003294926_1	28.502	414	275	6	57	467	66	461	1.21e-44	159
CAA12187_1	BAE19885_1	26.378	254	175	3	185	437	12	254	4.01e-22	91.3
CAA12187_1	P37131	31.034	87	50	2	129	211	138	218	7.40e-06	43.5
CAA12187_1	Q7DB81	32.323	99	61	4	78	172	93	189	7.58e-06	43.5
CAA12188_1	Q9R803	100.000	195	0	0	1	195	1	195	1.88e-141	388
CAA12188_1	Q4G4D1	30.370	135	92	2	38	171	35	168	6.85e-11	54.7
CAA12188_1	BAE19884_1	28.431	102	71	2	71	171	1	101	0.001	33.5
CAA12188_1	BAE19884_1	27.778	36	26	0	32	67	85	120	9.3	21.9
CAA12188_1	Q5ZWD7	37.500	56	26	3	85	135	369	420	0.40	26.9
CAA12188_1	NP_819115_1	37.931	29	18	0	27	55	267	295	1.2	25.4
CAA12189_1	ZP_03075317_1	99.275	138	1	0	1	138	1	138	2.04e-100	280
CAA12189_1	ZP_02468792_1	22.314	121	94	0	5	125	9	129	5.18e-10	50.1
CAA12189_1	Q5ZRK2	25.714	70	37	2	8	64	480	547	0.066	28.1
CAA12189_1	NP_820621_1	26.923	130	77	6	21	136	144	269	0.090	27.7
CAA12189_1	Q07833	33.333	21	14	0	8	28	1406	1426	8.3	21.9
CAA12191_1	O84951	99.237	262	0	1	1	262	1	260	0.0	512
CAA12191_1	AAX49626_1	100.000	48	0	0	1	48	1	48	8.14e-28	97.4
CAA12191_1	CAA12192_1	29.114	158	88	7	13	158	10	155	3.66e-05	39.3
CAA12191_1	O84290	28.788	66	33	3	82	136	56	118	0.64	26.9
CAA12191_1	Q48DU8	50.000	26	12	1	25	49	278	303	1.3	25.8
CAA73507_1	Q7DB81	99.733	374	1	0	1	374	1	374	0.0	742
CAA73507_1	P37131	26.794	209	115	9	116	299	99	294	5.65e-07	46.6
CAA73507_1	O84947	32.323	99	61	4	93	189	78	172	5.32e-06	43.5
CAA73507_1	Q9REZ5	29.282	181	110	6	78	241	37	216	2.69e-04	38.1
CAA73507_1	D2TZ34	36.842	95	50	3	127	218	305	392	0.017	32.7
CAL10029_1	O68703	92.547	322	24	0	1	322	1	322	0.0	619
CAL10029_1	Q84H14	53.401	294	127	2	27	320	26	309	4.10e-114	328
CAL10029_1	A0KHZ7	37.288	59	29	3	257	307	2960	3018	8.02e-04	36.6
CAL10029_1	BAH47297_1	24.096	166	90	7	137	282	121	270	0.001	35.8
CAL10029_1	NP_642922_1	33.663	101	47	5	98	185	178	271	0.024	31.6
CAL10034_1	NP_783660_1	67.209	369	99	2	1	349	22	388	1.71e-152	436
CAL10034_1	NP_783660_1	64.336	286	98	2	82	367	245	526	5.26e-102	307
CAL10034_1	NP_783660_1	42.353	85	49	0	75	159	438	522	3.71e-11	59.7
CAL10034_1	D0ZVG2	37.778	270	142	9	30	294	153	401	3.45e-35	132
CAL10034_1	D0ZVG2	42.754	138	78	1	195	331	216	353	2.42e-22	94.4
CAL10034_1	D0ZVG2	36.264	91	56	2	260	348	200	290	3.35e-08	50.8
CAL10034_1	Q6XVT8	34.457	267	145	7	23	269	24	280	3.73e-29	114
CAL10034_1	Q6XVT8	41.985	131	76	0	207	337	83	213	4.45e-16	75.1
CAL10034_1	Q6XVT8	39.355	155	92	1	165	319	83	235	2.27e-14	69.7
CAL10034_1	Q6XVT8	38.750	80	49	0	267	346	83	162	4.22e-12	62.8
CAL10034_1	Q6XVT8	41.860	86	50	0	240	325	76	161	1.83e-09	54.7
CAL10034_1	Q6XVT8	33.333	72	48	0	278	349	74	145	1.23e-05	42.4
CAL10034_1	ZP_03368310_1	39.316	117	70	1	34	149	164	280	8.89e-18	78.6
CAL10034_1	ZP_03368310_1	47.561	82	42	1	220	300	206	287	1.54e-11	60.1
CAL10034_1	ZP_03368310_1	40.909	88	51	1	200	286	206	293	9.31e-09	51.6
CAL10034_1	ZP_03368310_1	36.905	84	52	1	260	342	206	289	1.00e-07	48.5
CAL10034_1	ZP_03368310_1	36.264	91	55	2	156	245	204	292	1.70e-06	44.7
CAL10034_1	ZP_03368310_1	34.286	70	45	1	280	348	206	275	4.47e-04	37.0
CAL10034_1	P55456	39.855	138	58	4	74	207	106	222	3.05e-13	66.2
CAL10034_1	P55456	36.719	128	55	4	153	278	103	206	2.39e-11	60.5
CAL10034_1	P55456	41.837	98	54	3	197	291	105	202	2.73e-11	60.1
CAL10034_1	P55456	39.623	106	59	4	129	232	101	203	1.76e-08	51.6
CAL10034_1	P55456	40.777	103	58	3	213	312	101	203	1.84e-08	51.2
CAL10034_1	P55456	37.349	83	50	2	253	333	101	183	9.47e-06	42.7
CAL10034_1	P55456	33.333	54	35	1	297	349	105	158	0.051	30.8
CAM11313_1	A1KWQ2	78.733	442	64	3	1	413	1	441	0.0	686
CAM11313_1	A1KWP5	76.522	345	54	1	96	413	1	345	0.0	528
CAM11313_1	Q45716	29.825	57	38	1	192	248	685	739	0.083	30.8
CAM11313_1	Q9Z8G9	23.636	110	54	3	331	410	79	188	5.6	24.3
CAM11313_1	AAR21118_1	39.583	48	21	3	71	118	1205	1244	7.1	24.3
CAM11314_1	A1KWQ2	78.507	442	65	3	1	413	1	441	0.0	687
CAM11314_1	A1KWP5	75.652	345	57	1	96	413	1	345	0.0	520
CAM11314_1	Q45716	27.119	59	41	1	190	248	683	739	0.13	30.0
CAM11314_1	NP_820063_1	25.000	76	46	3	182	254	146	213	1.2	26.6
CAM11314_1	NP_820552_1	35.000	20	13	0	329	348	71	90	5.0	24.6
CAM11315_1	A1KWQ2	92.063	441	33	1	1	439	1	441	0.0	777
CAM11315_1	A1KWP5	95.665	346	12	2	96	439	1	345	0.0	667
CAM11315_1	Q45716	23.529	119	73	5	218	330	683	789	0.073	30.8
CAM11315_1	I3QKE3	30.303	66	39	2	251	310	370	434	0.63	27.7
CAM11315_1	ACJ20041_1	44.444	27	15	0	48	74	180	206	2.9	25.8
CAM11316_1	A1KWP5	100.000	345	0	0	1	345	1	345	0.0	705
CAM11316_1	A1KWQ2	90.751	346	31	1	1	345	96	441	0.0	592
CAM11316_1	Q45716	23.529	119	73	5	122	234	683	789	0.038	31.2
CAM11316_1	Q9Z8G9	23.030	165	95	4	200	342	34	188	0.81	26.6
CAM11316_1	I3QKE3	30.303	66	39	2	155	214	370	434	0.83	26.9
CAM11317_1	A1KWQ2	88.209	441	50	1	1	439	1	441	0.0	746
CAM11317_1	A1KWP5	95.665	346	12	2	96	439	1	345	0.0	668
CAM11317_1	Q45716	23.529	119	73	5	218	330	683	789	0.076	30.8
CAM11317_1	I3QKE3	30.303	66	39	2	251	310	370	434	0.61	27.7
CAM11317_1	Q44445	25.758	66	42	1	208	266	52	117	9.7	23.9
CAM11318_1	A1KWQ2	85.033	461	46	4	1	458	1	441	0.0	749
CAM11318_1	A1KWP5	86.301	365	28	3	96	458	1	345	0.0	590
CAM11318_1	I3QKE3	30.769	65	38	2	271	329	371	434	0.25	29.3
CAM11318_1	Q45716	23.529	119	73	5	237	349	683	789	0.27	29.3
CAM11318_1	NP_820359_1	27.027	111	75	4	102	210	59	165	2.1	26.2
CAM11319_1	A1KWQ2	83.871	465	48	4	1	462	1	441	0.0	744
CAM11319_1	A1KWP5	84.824	369	30	3	96	462	1	345	0.0	586
CAM11319_1	Q45716	23.529	119	73	5	241	353	683	789	0.25	29.3
CAM11319_1	I3QKE3	29.231	65	39	2	275	333	371	434	0.89	27.3
CAM11319_1	ACJ20041_1	44.444	27	15	0	48	74	180	206	3.4	25.4
CAM11320_1	A1KWQ2	83.447	441	46	1	1	414	1	441	0.0	723
CAM11320_1	A1KWP5	79.710	345	42	2	97	414	2	345	0.0	535
CAM11320_1	NP_820063_1	31.373	51	34	1	183	233	146	195	2.6	25.8
CAM11320_1	Q44445	27.273	66	41	1	181	239	52	117	3.7	25.4
CAM11320_1	P26831	28.689	122	65	5	233	348	278	383	3.9	25.4
CAM11321_1	A1KWQ2	88.209	441	51	1	1	440	1	441	0.0	748
CAM11321_1	A1KWP5	91.594	345	29	0	96	440	1	345	0.0	596
CAM11321_1	I3QKE3	31.373	51	29	1	251	295	371	421	2.2	26.2
CAM11321_1	NP_819427_1	46.154	26	11	1	227	252	127	149	4.8	25.0
CAM11321_1	NP_820063_1	24.658	73	50	2	209	281	146	213	4.8	25.0
CAM11321_1	NP_820063_1	39.130	23	14	0	38	60	438	460	6.4	24.6
CAM11322_1	A1KWQ2	88.662	441	49	1	1	440	1	441	0.0	754
CAM11322_1	A1KWP5	91.304	345	30	0	96	440	1	345	0.0	592
CAM11322_1	NP_820552_1	22.222	63	37	3	356	406	71	133	1.4	26.6
CAM11322_1	I3QKE3	31.373	51	29	1	251	295	371	421	2.4	25.8
CAM11322_1	Q60236	56.250	16	7	0	32	47	141	156	4.7	24.6
CAM11323_1	A1KWQ2	100.000	441	0	0	1	441	1	441	0.0	907
CAM11323_1	A1KWP5	90.751	346	31	1	96	441	1	345	0.0	594
CAM11323_1	NP_820063_1	26.316	76	45	3	210	282	146	213	1.5	26.6
CAM11323_1	NP_820552_1	29.545	44	29	1	357	398	71	114	1.7	26.6
CAM11323_1	Q5ZWW5	42.857	21	12	0	348	368	134	154	2.9	25.4
CAM11324_1	A1KWQ2	81.859	441	52	2	1	413	1	441	0.0	705
CAM11324_1	A1KWP5	79.130	345	45	1	96	413	1	345	0.0	536
CAM11324_1	Q93KQ5	30.851	94	38	5	27	97	146	235	0.52	27.7
CAM11324_1	NP_820063_1	26.027	73	49	2	182	254	146	213	1.5	26.6
CAM11324_1	NP_820063_1	36.111	36	14	1	34	60	425	460	8.1	24.3
CAM11324_1	Q44445	27.273	66	41	1	180	238	52	117	3.8	25.0
CAM11325_1	A1KWQ2	86.199	442	60	1	1	442	1	441	0.0	737
CAM11325_1	A1KWP5	90.202	347	32	2	96	442	1	345	0.0	590
CAM11325_1	I3QKE3	31.746	63	36	2	253	309	371	432	0.39	28.5
CAM11325_1	M9ZTT7	53.333	15	7	0	420	434	1571	1585	6.4	24.6
CAM11325_1	Q44445	25.758	66	42	1	209	267	52	117	9.9	23.9
CAP06738_1	CAP03784_1	99.762	421	1	0	1	421	1	421	0.0	853
CAP06738_1	Q04640	21.327	211	153	6	115	322	93	293	1.95e-06	45.1
CAP06738_1	Q9HU94	39.130	46	22	3	79	122	545	586	0.90	27.3
CAP06738_1	Q5ZYS7	25.517	145	96	3	18	152	2	144	0.97	26.9
CAP06738_1	Q5ZYJ6	30.159	63	36	1	229	291	740	794	1.9	26.2
CAR32737_1	Q7CQD4	66.807	238	79	0	1	238	1	238	2.00e-117	331
CAR32737_1	Q7P1B7	29.474	190	126	4	48	236	56	238	5.10e-22	87.0
CAR32737_1	A2S1Q7	42.105	76	43	1	102	176	106	181	1.49e-15	69.7
CAR32737_1	Q5X443	24.096	166	102	5	32	177	28	189	1.3	25.8
CAR32737_1	Q5ZRQ1	21.739	69	51	2	173	240	1056	1122	3.7	24.3
CAR33808_1	D0ZVG2	60.315	761	215	9	29	788	26	700	0.0	818
CAR33808_1	ZP_03368310_1	98.976	293	3	0	1	293	1	293	0.0	612
CAR33808_1	ZP_03368310_1	51.579	95	45	1	340	433	199	293	9.65e-18	80.1
CAR33808_1	ZP_03368310_1	55.556	81	35	1	294	373	213	293	4.00e-17	78.6
CAR33808_1	ZP_03368310_1	59.091	66	26	1	374	438	213	278	7.23e-16	74.7
CAR33808_1	ZP_03368310_1	50.000	88	43	1	307	393	206	293	9.36e-16	74.3
CAR33808_1	Q6XVT8	43.648	488	265	4	294	778	83	563	1.50e-118	365
CAR33808_1	Q6XVT8	35.294	51	31	1	389	439	60	108	1.4	27.7
CAR33808_1	Q8ZQ79	90.845	142	13	0	1	142	1	142	1.33e-90	283
CAR33808_1	P55456	41.043	441	241	10	336	765	98	530	7.34e-82	268
CAR33808_1	P55456	52.041	98	44	3	244	338	105	202	1.44e-15	75.9
CAR33808_1	P55456	47.009	117	58	4	265	378	87	202	2.84e-15	74.7
CAR33808_1	P55456	38.235	136	81	3	166	298	67	202	3.47e-11	62.0
CAR37113_1	Q7CQD4	66.387	238	80	0	1	238	1	238	2.30e-116	328
CAR37113_1	Q7P1B7	29.474	190	126	4	48	236	56	238	6.15e-22	86.7
CAR37113_1	A2S1Q7	42.105	76	43	1	102	176	106	181	1.65e-15	69.7
CAR37113_1	Q5X443	24.096	166	102	5	32	177	28	189	1.1	25.8
CAR37113_1	Q5ZRQ1	21.875	64	47	2	173	235	1056	1117	5.0	23.9
CAX09642_1	CAP03784_1	97.625	421	10	0	1	421	1	421	0.0	828
CAX09642_1	Q04640	20.812	197	146	4	127	322	106	293	4.04e-07	47.0
CAX09642_1	Q9HU94	29.630	54	33	2	79	131	545	594	0.58	27.7
CAX09642_1	Q5ZYJ6	27.434	113	59	4	186	291	698	794	0.77	27.7
CAX09642_1	O84700	23.913	138	92	4	134	262	79	212	1.1	26.6
CAX10239_1	CAX11132_1	100.000	490	0	0	1	490	1	490	0.0	1016
CAX10239_1	Q5ZZ03	28.966	145	89	5	82	212	193	337	1.08e-09	56.2
CAX10239_1	NP_819221_1	29.839	124	54	5	89	201	102	203	1.89e-05	41.6
CAX10239_1	YP_127810_1	23.729	177	114	8	132	301	182	344	8.58e-04	37.0
CAX10239_1	Q5ZVF7	32.000	100	56	7	108	196	193	291	0.002	36.2
CAX10536_1	CAP03784_1	97.625	421	10	0	1	421	1	421	0.0	828
CAX10536_1	Q04640	21.320	197	145	4	127	322	106	293	2.58e-08	50.8
CAX10536_1	Q9HU94	29.630	54	33	2	79	131	545	594	0.58	27.7
CAX10536_1	O84700	24.638	138	91	4	134	262	79	212	0.75	27.3
CAX10536_1	Q5ZYJ6	30.159	63	36	1	229	291	740	794	2.0	26.2
CAX18572_1	YP_003236082_1	100.000	203	0	0	1	203	1	203	4.19e-154	421
CAX18572_1	Q9AJW7	33.333	129	84	2	49	177	38	164	2.92e-20	80.1
CAX18572_1	Q9AJW7	31.343	67	41	3	132	194	10	75	2.9	23.9
CAX18572_1	YP_003367517_1	27.333	150	105	3	53	201	43	189	1.65e-12	59.3
CAX18572_1	Q326S7	24.324	148	104	4	39	181	41	185	1.66e-08	48.5
CAX18572_1	Q5ZVL4	27.941	68	43	2	53	114	565	632	0.17	28.1
CAX18574_1	BAI28417_1	71.856	167	45	1	9	173	1	167	7.19e-86	246
CAX18574_1	NP_820552_1	44.737	38	21	0	137	174	423	460	0.082	28.9
CAX18574_1	CAH11504_1	36.667	30	19	0	81	110	296	325	1.8	24.6
CAX18574_1	WP_123778901_1	25.000	76	55	1	13	86	397	472	2.3	24.3
CAX18574_1	CAJ11627_1	47.619	21	11	0	122	142	87	107	6.1	22.7
CAX18581_1	BAI32344_1	82.653	98	17	0	1	98	1	98	2.98e-36	114
CAX18581_1	Q87GF9	47.059	34	17	1	3	35	1456	1489	0.29	25.4
CAX18581_1	AAR21118_1	41.667	24	14	0	74	97	1250	1273	1.2	23.9
CAX18581_1	G9L9K6	64.286	14	5	0	24	37	351	364	1.6	23.5
CAX18581_1	ABY91230_2	41.667	24	14	0	74	97	1858	1881	1.8	23.1
CAX18647_1	YP_003236082_1	90.148	203	20	0	1	203	1	203	3.88e-139	383
CAX18647_1	Q9AJW7	32.237	152	98	3	38	189	27	173	4.44e-21	82.4
CAX18647_1	Q9AJW7	33.333	45	26	2	135	175	13	57	9.7	22.3
CAX18647_1	YP_003367517_1	27.333	150	105	3	53	201	43	189	2.89e-13	61.2
CAX18647_1	Q326S7	24.419	86	64	1	49	133	51	136	3.07e-06	42.0
CAX18647_1	Q87W65	26.154	65	46	1	120	184	450	512	0.054	29.6
CAX18649_1	BAI28417_1	69.591	171	50	1	9	177	1	171	7.10e-85	243
CAX18649_1	Q5ZWE8	38.961	77	33	7	59	127	168	238	0.042	29.3
CAX18649_1	NP_820552_1	44.737	38	21	0	137	174	423	460	0.052	29.3
CAX18649_1	CAH11504_1	40.000	30	18	0	81	110	296	325	0.44	26.6
CAX18649_1	A9ZNG6	23.301	103	61	3	27	126	11	98	0.44	26.2
CAX18727_1	YP_003236082_1	90.148	203	20	0	1	203	1	203	3.88e-139	383
CAX18727_1	Q9AJW7	32.237	152	98	3	38	189	27	173	4.44e-21	82.4
CAX18727_1	Q9AJW7	33.333	45	26	2	135	175	13	57	9.7	22.3
CAX18727_1	YP_003367517_1	27.333	150	105	3	53	201	43	189	2.89e-13	61.2
CAX18727_1	Q326S7	24.419	86	64	1	49	133	51	136	3.07e-06	42.0
CAX18727_1	Q87W65	26.154	65	46	1	120	184	450	512	0.054	29.6
CAX18729_1	BAI28417_1	69.591	171	50	1	9	177	1	171	7.10e-85	243
CAX18729_1	Q5ZWE8	38.961	77	33	7	59	127	168	238	0.042	29.3
CAX18729_1	NP_820552_1	44.737	38	21	0	137	174	423	460	0.052	29.3
CAX18729_1	CAH11504_1	40.000	30	18	0	81	110	296	325	0.44	26.6
CAX18729_1	A9ZNG6	23.301	103	61	3	27	126	11	98	0.44	26.2
CAX18736_1	BAI32344_1	81.633	98	18	0	1	98	1	98	3.18e-36	114
CAX18736_1	Q44061	38.636	44	23	1	49	92	30	69	1.1	23.5
CAX18736_1	ABY91230_2	25.000	96	53	1	2	97	1805	1881	1.2	23.9
CAX18736_1	AAR21118_1	22.917	96	55	1	2	97	1197	1273	1.8	23.1
CAX18736_1	D2KC49	36.585	41	23	1	61	98	12	52	3.5	21.2
CBA72793_1	D2TZ31	100.000	373	0	0	1	373	1	373	0.0	764
CBA72793_1	Q5ZVN2	25.373	67	46	2	166	232	311	373	3.7	25.0
CBA72793_1	Q07833	39.583	48	22	1	145	192	1056	1096	4.1	25.0
CBA72793_1	ABS76964_2	39.130	46	24	2	95	139	162	204	4.4	25.0
CBA72793_1	Q79UN8	26.154	65	37	2	24	77	8	72	5.0	24.3
CBA72798_1	D2TZ34	100.000	666	0	0	1	666	1	666	0.0	1339
CBA72798_1	P18011	27.907	387	221	10	280	660	240	574	7.57e-22	95.5
CBA72798_1	Q7DB81	33.036	112	65	3	288	392	110	218	1.39e-06	46.2
CBA72798_1	O84947	34.821	112	59	4	284	385	88	195	4.89e-04	38.5
CBA72798_1	P0DJI4	29.825	57	32	1	336	384	27	83	0.060	30.4
CBG25278_1	D0ZVG2	60.184	761	216	9	29	788	26	700	0.0	813
CBG25278_1	ZP_03368310_1	99.317	293	2	0	1	293	1	293	0.0	611
CBG25278_1	ZP_03368310_1	51.579	95	45	1	340	433	199	293	9.74e-18	80.1
CBG25278_1	ZP_03368310_1	55.556	81	35	1	294	373	213	293	2.49e-17	79.0
CBG25278_1	ZP_03368310_1	59.091	66	26	1	374	438	213	278	6.84e-16	74.7
CBG25278_1	ZP_03368310_1	50.000	88	43	1	307	393	206	293	1.01e-15	74.3
CBG25278_1	Q6XVT8	43.648	488	265	4	294	778	83	563	1.45e-118	365
CBG25278_1	Q6XVT8	35.294	51	31	1	389	439	60	108	1.4	27.7
CBG25278_1	Q8ZQ79	88.732	142	16	0	1	142	1	142	2.40e-88	278
CBG25278_1	P55456	41.002	439	240	10	336	763	98	528	5.38e-82	268
CBG25278_1	P55456	52.041	98	44	3	244	338	105	202	1.58e-15	75.9
CBG25278_1	P55456	47.009	117	58	4	265	378	87	202	4.34e-15	74.3
CBG25278_1	P55456	38.235	136	81	3	166	298	67	202	3.78e-11	61.6
CBG87121_1	D2AJ46	34.426	244	144	7	40	276	41	275	2.21e-32	117
CBG87121_1	Q327J1	33.632	223	134	6	59	276	1	214	9.62e-29	105
CBG87121_1	YP_002306162_1	40.000	20	12	0	225	244	256	275	3.6	24.6
CBG87121_1	YP_153927_1	61.111	18	6	1	253	269	1022	1039	3.9	24.6
CBG87121_1	Q5ZU22	30.612	49	28	2	100	143	861	908	4.2	24.6
CBG87122_1	A1KWQ2	80.361	443	72	4	1	430	1	441	0.0	694
CBG87122_1	A1KWP5	80.233	344	56	1	99	430	2	345	0.0	550
CBG87122_1	I3QKE3	34.921	63	34	2	241	297	371	432	0.15	29.6
CBG87122_1	Q45716	24.370	119	72	5	207	319	683	789	0.44	28.5
CBG87122_1	NP_820063_1	24.658	73	50	2	199	271	146	213	4.6	25.0
CBG87356_1	YP_003364209_1	100.000	235	0	0	1	235	1	235	2.15e-178	484
CBG87356_1	E7PP21	35.443	79	45	3	137	211	141	217	0.003	33.5
CBG87356_1	C1CWG1	26.452	155	98	6	65	219	261	399	0.003	33.9
CBG87356_1	Q7DB81	42.857	28	12	1	184	211	76	99	5.7	23.5
CBG87356_1	NP_819077_1	37.037	27	17	0	185	211	300	326	6.8	23.5
CBG87859_1	B7UI21	88.754	329	37	0	1	329	1	329	0.0	615
CBG87859_1	M9ZTT7	32.759	58	32	2	201	258	2139	2189	0.41	28.1
CBG87859_1	ABS77055_1	52.174	23	8	1	234	253	90	112	1.5	25.8
CBG87859_1	Q5ZXT6	25.000	60	33	1	194	253	104	151	1.7	25.8
CBG87859_1	C7BKP9_2	32.812	64	39	2	216	276	2271	2333	2.1	25.8
CBG87860_1	YP_002330704_1	85.714	224	32	0	1	224	1	224	1.87e-147	406
CBG87860_1	NP_820840_1	35.417	48	28	2	62	108	500	545	0.76	26.2
CBG87860_1	ABS77747_2	45.000	40	19	2	100	136	87	126	2.3	24.6
CBG87860_1	Q5ZSZ4	41.463	41	23	1	174	214	71	110	2.5	24.6
CBG87860_1	Q989R4	30.000	40	28	0	56	95	590	629	3.9	24.3
CBG88408_1	B7UNX4	90.606	330	31	0	1	330	1	330	0.0	627
CBG88408_1	Q8ZMY7	24.096	166	101	7	68	227	78	224	0.39	27.7
CBG88408_1	Q8ZQA1	30.556	72	36	3	168	227	97	166	0.62	26.6
CBG88408_1	YP_418361_1	28.947	38	27	0	32	69	28	65	4.1	24.3
CBG88408_1	Q5ZVX6	64.286	14	5	0	11	24	726	739	6.2	24.3
CBG89704_1	B7UH72	43.603	383	215	1	15	397	9	390	2.00e-112	330
CBG89704_1	Q326N4	21.898	274	192	11	45	305	28	292	5.99e-08	49.7
CBG89704_1	Q45755	34.328	67	31	4	210	275	510	564	0.79	27.3
CBG89704_1	NP_819950_2	32.394	71	32	3	209	275	407	465	2.7	25.4
CBG89704_1	D4HZV6	44.000	25	14	0	172	196	400	424	2.9	25.4
CBG89706_1	YP_003080462_1	65.079	252	82	1	1	252	1	246	1.68e-94	276
CBG89706_1	A2A0X5	33.184	223	117	16	89	295	177	383	1.40e-13	66.2
CBG89706_1	A2A0X5	32.340	235	132	13	73	295	117	336	1.42e-13	66.2
CBG89706_1	A2A0X5	31.915	235	133	13	73	295	211	430	1.81e-12	62.8
CBG89706_1	A2A0X5	30.935	278	168	12	30	295	24	289	3.06e-10	56.2
CBG89706_1	A4PDU9	30.435	207	122	9	1	199	1	193	7.31e-10	53.5
CBG89706_1	A4PDU9	31.757	148	83	9	107	246	56	193	7.65e-07	44.7
CBG89706_1	A4PDU9	35.043	117	60	8	187	295	87	195	1.03e-06	44.3
CBG89706_1	BAF45424_1	32.258	217	127	11	89	295	123	329	1.86e-07	47.4
CBG89706_1	BAF45424_1	30.351	313	169	12	1	295	1	282	1.72e-06	44.3
CBG89706_1	Q156B7	29.231	130	81	4	46	175	104	222	0.047	30.8
CBG89706_1	Q156B7	34.043	47	30	1	255	301	125	170	1.3	26.2
CBG89710_1	Q8XC86	61.994	321	113	3	1	321	1	312	1.67e-119	342
CBG89710_1	D8P480	30.667	75	48	2	130	200	607	681	0.70	27.3
CBG89710_1	Q9R803	25.000	116	78	4	4	115	1	111	0.80	26.6
CBG89710_1	Q881L7	30.120	83	53	3	166	247	3	81	2.2	25.4
CBG89710_1	O84856	32.203	59	37	1	33	88	15	73	3.4	24.3
CBG89711_1	Q7DB81	70.000	380	108	1	1	380	1	374	0.0	529
CBG89711_1	O84947	34.043	94	59	3	104	195	80	172	4.98e-07	47.0
CBG89711_1	P37131	26.380	163	96	6	154	302	139	291	0.003	35.0
CBG89711_1	D2TZ34	35.616	73	39	3	117	185	289	357	0.009	33.5
CBG89711_1	YP_003294926_1	22.901	131	83	3	56	185	59	172	0.072	30.4
CBG89719_1	YP_003236082_1	81.773	203	37	0	1	203	1	203	1.96e-125	348
CBG89719_1	Q9AJW7	32.624	141	87	3	37	177	32	164	9.64e-20	78.6
CBG89719_1	YP_003367517_1	27.407	135	96	2	53	187	43	175	1.93e-13	62.0
CBG89719_1	Q326S7	30.769	117	78	3	74	187	76	192	1.72e-09	51.2
CBG89719_1	AAW70649_1	25.472	106	62	5	111	200	1	105	0.52	25.4
CBG89721_1	BAI28417_1	67.251	171	56	0	9	179	1	171	4.25e-85	244
CBG89721_1	A9ZNG6	25.000	100	55	5	28	124	12	94	0.18	27.3
CBG89721_1	Q89BB8	55.000	20	9	0	154	173	685	704	0.51	26.6
CBG89721_1	Q5ZRQ1	30.612	49	33	1	127	175	1197	1244	1.1	25.4
CBG89721_1	YP_415003_1	33.333	18	12	0	87	104	42	59	6.5	21.9
CBG89728_1	BAI32344_1	65.000	100	33	1	1	100	1	98	4.75e-26	89.0
CBG89728_1	YP_127577_1	39.286	28	17	0	5	32	542	569	0.18	26.2
CBG89728_1	A0KHZ7	50.000	22	11	0	7	28	2607	2628	2.8	22.7
CBG89728_1	D4T570	36.842	38	24	0	47	84	198	235	8.1	21.2
CBG89902_1	Q9AJW7	49.444	180	90	1	7	186	3	181	2.82e-60	182
CBG89902_1	YP_003367517_1	29.651	172	120	1	8	179	5	175	7.64e-22	84.0
CBG89902_1	YP_003236082_1	29.365	126	87	2	46	169	53	178	1.22e-15	67.8
CBG89902_1	Q326S7	25.385	130	89	4	44	167	53	180	3.63e-08	47.4
CBG89902_1	Q5ZV03	24.242	66	46	1	32	93	42	107	1.1	25.4
CBG90573_1	YP_003364209_1	100.000	235	0	0	1	235	1	235	2.15e-178	484
CBG90573_1	E7PP21	35.443	79	45	3	137	211	141	217	0.003	33.5
CBG90573_1	C1CWG1	26.452	155	98	6	65	219	261	399	0.003	33.9
CBG90573_1	Q7DB81	42.857	28	12	1	184	211	76	99	5.7	23.5
CBG90573_1	NP_819077_1	37.037	27	17	0	185	211	300	326	6.8	23.5
CBG90792_1	YP_003367517_1	100.000	189	0	0	1	189	1	189	1.85e-144	395
CBG90792_1	Q9AJW7	29.670	182	127	1	1	182	1	181	2.13e-24	90.5
CBG90792_1	YP_003236082_1	27.333	150	105	3	43	189	53	201	1.54e-12	59.3
CBG90792_1	Q326S7	30.435	69	43	2	63	128	76	142	4.59e-04	35.0
CBG90792_1	Q9KNE5	31.915	47	23	1	44	90	669	706	0.56	26.6
CBG91572_1	A9ZNG6	83.276	293	49	0	1	293	1	293	0.0	514
CBG91572_1	Q99PZ6	27.612	134	88	4	133	259	27	158	4.77e-10	53.9
CBG91572_1	Q99PZ6	20.370	54	33	2	236	286	41	87	1.4	25.4
CBG91572_1	O84871	23.485	132	95	3	149	274	259	390	1.7	25.8
CBG91572_1	Q9Z8P7	31.429	35	23	1	166	200	7	40	2.3	24.6
CBG91572_1	D8P480	26.923	52	29	2	240	288	232	277	2.8	25.0
CBG91573_1	Q8XAL7	85.185	189	28	0	4	192	1	189	1.44e-121	337
CBG91573_1	Q5ZVT5	30.952	84	46	4	23	102	868	943	0.98	25.8
CBG91573_1	CAH11504_1	24.719	89	62	2	30	116	484	569	1.2	25.4
CBG91573_1	Q5ZZF1	24.427	131	73	7	49	171	126	238	1.7	24.6
CBG91573_1	Q5ZSR5	39.535	43	23	2	10	49	878	920	4.6	23.5
CBG91576_1	YP_002328290_1	83.410	217	36	0	1	217	1	217	1.37e-136	377
CBG91576_1	ACT72390_1	78.947	171	36	0	47	217	2	172	6.11e-102	288
CBG91576_1	S6TW99	43.182	44	22	1	174	214	161	204	6.16e-06	41.2
CBG91576_1	S6U3U1	40.476	42	22	1	174	212	25	66	7.38e-04	32.7
CBG91576_1	F3IDL2	22.059	136	99	3	79	211	11	142	0.002	33.5
CBJ14605_1	CAP03784_1	97.862	421	9	0	1	421	1	421	0.0	832
CBJ14605_1	Q04640	20.812	197	146	4	127	322	106	293	5.65e-07	46.6
CBJ14605_1	Q9HU94	29.630	54	33	2	79	131	545	594	0.43	28.1
CBJ14605_1	O84700	24.638	138	91	4	134	262	79	212	0.55	27.7
CBJ14605_1	Q5ZYJ6	30.159	63	36	1	229	291	740	794	2.0	26.2
EFA45613_1	ZP_06208163_1	100.000	165	0	0	1	165	1	165	7.75e-121	333
EFA45613_1	Q5ZZC1	27.523	109	64	3	67	160	746	854	0.16	27.7
EFA45613_1	Q939S9	28.571	56	38	1	27	80	268	323	2.9	23.9
EFA45613_1	Q5ZSU4	22.472	89	56	2	17	105	476	551	6.5	22.7
EFA45613_1	A0KHZ7	36.842	38	19	1	6	38	4100	4137	6.5	22.7
AAC28881_1	O84947	100.000	484	0	0	1	484	1	484	0.0	992
AAC28881_1	YP_003294926_1	28.502	414	275	6	57	467	66	461	7.83e-45	159
AAC28881_1	BAE19885_1	26.378	254	175	3	185	437	12	254	4.13e-22	91.3
AAC28881_1	Q7DB81	32.323	99	61	4	78	172	93	189	7.58e-06	43.5
AAC28881_1	P37131	31.034	87	50	2	129	211	138	218	7.73e-06	43.5
AAC69806_1	NP_783660_1	61.538	507	95	6	1	409	22	526	0.0	511
AAC69806_1	D0ZVG2	36.614	254	151	7	30	277	153	402	1.09e-31	122
AAC69806_1	D0ZVG2	43.478	138	77	1	237	373	216	353	1.75e-22	95.5
AAC69806_1	D0ZVG2	44.118	136	74	2	249	382	207	342	8.13e-21	90.1
AAC69806_1	Q6XVT8	38.326	227	111	7	22	224	23	244	2.44e-27	109
AAC69806_1	Q6XVT8	42.748	131	75	0	249	379	83	213	1.17e-15	74.3
AAC69806_1	Q6XVT8	35.556	180	91	2	207	386	83	237	6.03e-14	68.9
AAC69806_1	Q6XVT8	36.842	133	64	3	165	279	83	213	9.78e-13	65.1
AAC69806_1	Q6XVT8	39.080	87	53	0	302	388	76	162	6.44e-12	62.4
AAC69806_1	Q6XVT8	41.860	86	50	0	282	367	76	161	7.21e-09	53.1
AAC69806_1	Q6XVT8	37.681	69	43	0	321	389	75	143	1.02e-06	46.2
AAC69806_1	ZP_03368310_1	40.171	117	69	1	34	149	164	280	3.07e-17	77.4
AAC69806_1	ZP_03368310_1	45.122	82	44	1	262	342	206	287	4.10e-10	55.8
AAC69806_1	ZP_03368310_1	36.905	84	52	1	302	384	206	289	2.44e-07	47.4
AAC69806_1	ZP_03368310_1	38.372	86	52	1	223	308	209	293	6.26e-06	43.1
AAC69806_1	ZP_03368310_1	33.645	107	48	3	181	287	209	292	2.64e-04	38.1
AAC69806_1	ZP_03368310_1	36.585	82	49	2	136	217	206	284	8.73e-04	36.6
AAC69806_1	ZP_03368310_1	34.848	66	42	1	322	386	206	271	0.005	33.9
AAC69806_1	P55456	39.130	138	59	4	74	207	106	222	1.03e-12	65.1
AAC69806_1	P55456	37.705	122	55	3	255	374	101	203	9.40e-10	55.8
AAC69806_1	P55456	43.478	92	47	4	224	312	112	201	1.21e-09	55.5
AAC69806_1	P55456	36.290	124	54	4	153	274	103	203	1.26e-08	52.0
AAD16811_1	NP_783660_1	68.564	369	94	2	1	349	22	388	1.21e-155	444
AAD16811_1	NP_783660_1	63.986	286	99	2	82	367	245	526	2.00e-99	300
AAD16811_1	D0ZVG2	42.601	223	114	8	30	247	153	366	5.23e-37	137
AAD16811_1	D0ZVG2	33.971	209	113	3	158	365	200	384	9.45e-23	95.5
AAD16811_1	D0ZVG2	41.000	100	56	2	75	171	281	380	1.66e-11	61.2
AAD16811_1	Q6XVT8	41.277	235	120	7	23	249	24	248	7.27e-29	113
AAD16811_1	Q6XVT8	42.748	131	75	0	207	337	83	213	1.28e-16	76.6
AAD16811_1	Q6XVT8	37.333	150	72	1	165	314	83	210	1.79e-13	67.0
AAD16811_1	Q6XVT8	40.230	87	52	0	260	346	76	162	7.45e-13	65.1
AAD16811_1	Q6XVT8	41.860	86	50	0	240	325	76	161	8.97e-09	52.4
AAD16811_1	ZP_03368310_1	41.026	117	68	1	34	149	164	280	2.46e-18	80.1
AAD16811_1	ZP_03368310_1	47.561	82	42	1	220	300	206	287	4.44e-12	61.6
AAD16811_1	ZP_03368310_1	43.373	83	46	1	205	286	211	293	2.97e-09	53.1
AAD16811_1	ZP_03368310_1	32.110	109	53	1	158	266	206	293	4.52e-07	46.2
AAD16811_1	ZP_03368310_1	36.905	84	52	1	260	342	206	289	1.09e-06	45.1
AAD16811_1	ZP_03368310_1	33.333	66	43	1	280	344	206	271	0.009	33.1
AAD16811_1	P55456	39.855	138	58	4	74	207	106	222	8.47e-13	64.7
AAD16811_1	P55456	43.478	92	49	3	203	291	111	202	1.73e-10	57.8
AAD16811_1	P55456	35.833	120	54	3	153	270	103	201	1.51e-09	54.7
AAD16811_1	P55456	41.748	103	57	3	213	312	101	203	2.11e-09	54.3
AAD16811_1	P55456	39.806	103	55	4	133	232	105	203	1.16e-07	48.9
AAD16811_1	P55456	39.759	83	48	2	253	333	101	183	1.25e-07	48.9
AAK69208_1	NP_783660_1	67.209	369	99	2	1	349	22	388	1.71e-152	436
AAK69208_1	NP_783660_1	64.336	286	98	2	82	367	245	526	5.26e-102	307
AAK69208_1	NP_783660_1	42.353	85	49	0	75	159	438	522	3.71e-11	59.7
AAK69208_1	D0ZVG2	37.778	270	142	9	30	294	153	401	3.45e-35	132
AAK69208_1	D0ZVG2	42.754	138	78	1	195	331	216	353	2.42e-22	94.4
AAK69208_1	D0ZVG2	36.264	91	56	2	260	348	200	290	3.35e-08	50.8
AAK69208_1	Q6XVT8	34.457	267	145	7	23	269	24	280	3.73e-29	114
AAK69208_1	Q6XVT8	41.985	131	76	0	207	337	83	213	4.45e-16	75.1
AAK69208_1	Q6XVT8	39.355	155	92	1	165	319	83	235	2.27e-14	69.7
AAK69208_1	Q6XVT8	38.750	80	49	0	267	346	83	162	4.22e-12	62.8
AAK69208_1	Q6XVT8	41.860	86	50	0	240	325	76	161	1.83e-09	54.7
AAK69208_1	Q6XVT8	33.333	72	48	0	278	349	74	145	1.23e-05	42.4
AAK69208_1	ZP_03368310_1	39.316	117	70	1	34	149	164	280	8.89e-18	78.6
AAK69208_1	ZP_03368310_1	47.561	82	42	1	220	300	206	287	1.54e-11	60.1
AAK69208_1	ZP_03368310_1	40.909	88	51	1	200	286	206	293	9.31e-09	51.6
AAK69208_1	ZP_03368310_1	36.905	84	52	1	260	342	206	289	1.00e-07	48.5
AAK69208_1	ZP_03368310_1	36.264	91	55	2	156	245	204	292	1.70e-06	44.7
AAK69208_1	ZP_03368310_1	34.286	70	45	1	280	348	206	275	4.47e-04	37.0
AAK69208_1	P55456	39.855	138	58	4	74	207	106	222	3.05e-13	66.2
AAK69208_1	P55456	36.719	128	55	4	153	278	103	206	2.39e-11	60.5
AAK69208_1	P55456	41.837	98	54	3	197	291	105	202	2.73e-11	60.1
AAK69208_1	P55456	39.623	106	59	4	129	232	101	203	1.76e-08	51.6
AAK69208_1	P55456	40.777	103	58	3	213	312	101	203	1.84e-08	51.2
AAK69208_1	P55456	37.349	83	50	2	253	333	101	183	9.47e-06	42.7
AAK69208_1	P55456	33.333	54	35	1	297	349	105	158	0.051	30.8
AAL20326_1	ZP_03075317_1	99.275	138	1	0	1	138	1	138	2.04e-100	280
AAL20326_1	ZP_02468792_1	22.314	121	94	0	5	125	9	129	5.18e-10	50.1
AAL20326_1	Q5ZRK2	25.714	70	37	2	8	64	480	547	0.066	28.1
AAL20326_1	NP_820621_1	26.923	130	77	6	21	136	144	269	0.090	27.7
AAL20326_1	Q07833	33.333	21	14	0	8	28	1406	1426	8.3	21.9
AAN37523_1	NP_783660_1	100.000	526	0	0	1	526	1	526	0.0	1014
AAN37523_1	D0ZVG2	41.485	229	109	4	51	276	153	359	8.13e-36	137
AAN37523_1	D0ZVG2	45.283	159	79	3	227	380	205	360	6.31e-26	107
AAN37523_1	D0ZVG2	44.937	158	82	3	284	439	205	359	2.92e-25	105
AAN37523_1	D0ZVG2	39.779	181	104	3	344	522	205	382	3.76e-25	105
AAN37523_1	D0ZVG2	36.634	202	121	3	259	453	200	401	5.74e-20	89.0
AAN37523_1	D0ZVG2	48.485	33	17	0	104	136	329	361	0.24	29.6
AAN37523_1	Q6XVT8	38.542	192	97	4	44	216	24	213	2.19e-24	102
AAN37523_1	Q6XVT8	40.964	166	89	3	334	496	54	213	3.91e-16	76.6
AAN37523_1	Q6XVT8	40.397	151	87	1	346	496	83	230	5.96e-16	76.3
AAN37523_1	Q6XVT8	41.447	152	89	0	299	450	76	227	1.05e-15	75.5
AAN37523_1	Q6XVT8	40.260	154	89	1	286	439	83	233	1.71e-15	74.7
AAN37523_1	Q6XVT8	39.073	151	92	0	219	369	76	226	1.64e-14	71.6
AAN37523_1	Q6XVT8	41.379	145	85	0	186	330	83	227	2.50e-14	70.9
AAN37523_1	Q6XVT8	41.026	156	87	1	235	390	77	227	3.64e-14	70.5
AAN37523_1	Q6XVT8	38.261	115	62	3	394	505	54	162	1.07e-11	62.8
AAN37523_1	ZP_03368310_1	42.735	117	66	1	55	170	164	280	1.20e-20	88.2
AAN37523_1	ZP_03368310_1	50.000	82	40	1	199	279	206	287	2.32e-11	60.5
AAN37523_1	ZP_03368310_1	45.122	82	44	1	379	459	206	287	9.42e-11	58.5
AAN37523_1	ZP_03368310_1	43.902	82	45	1	319	399	206	287	1.33e-10	58.2
AAN37523_1	ZP_03368310_1	42.683	82	46	1	259	339	206	287	4.83e-10	56.2
AAN37523_1	ZP_03368310_1	37.778	90	55	1	357	445	204	293	1.12e-07	48.9
AAN37523_1	ZP_03368310_1	38.636	88	53	1	299	385	206	293	1.67e-07	48.5
AAN37523_1	ZP_03368310_1	39.773	88	52	1	239	325	206	293	2.04e-07	48.1
AAN37523_1	ZP_03368310_1	41.250	80	46	1	406	484	213	292	1.01e-06	46.2
AAN37523_1	ZP_03368310_1	34.884	86	55	1	417	501	204	289	2.21e-06	45.1
AAN37523_1	ZP_03368310_1	41.975	81	46	1	346	425	213	293	3.25e-06	44.3
AAN37523_1	ZP_03368310_1	41.975	81	46	1	286	365	213	293	6.98e-06	43.5
AAN37523_1	ZP_03368310_1	34.848	66	42	1	439	503	206	271	0.002	35.4
AAN37523_1	P55456	43.885	139	64	8	82	211	70	203	8.31e-12	62.8
AAN37523_1	P55456	39.216	102	59	3	352	450	101	202	5.05e-11	60.5
AAN37523_1	P55456	36.364	121	56	3	272	390	101	202	6.34e-11	60.1
AAN37523_1	P55456	40.196	102	58	3	232	330	101	202	1.25e-10	59.3
AAN37523_1	P55456	37.190	121	53	4	192	309	101	201	5.79e-09	53.9
AAN37523_1	P55456	43.689	103	55	3	372	471	101	203	7.85e-09	53.5
AAN37523_1	P55456	41.748	103	57	3	252	351	101	203	1.87e-08	52.4
AAN37523_1	P55456	37.349	83	50	2	412	492	101	183	3.89e-06	44.7
AAO68326_1	D0ZVG2	60.053	761	217	9	29	788	26	700	0.0	814
AAO68326_1	ZP_03368310_1	100.000	293	0	0	1	293	1	293	0.0	616
AAO68326_1	ZP_03368310_1	51.579	95	45	1	340	433	199	293	9.74e-18	80.1
AAO68326_1	ZP_03368310_1	55.556	81	35	1	294	373	213	293	4.00e-17	78.6
AAO68326_1	ZP_03368310_1	59.091	66	26	1	374	438	213	278	7.09e-16	74.7
AAO68326_1	ZP_03368310_1	50.000	88	43	1	307	393	206	293	9.11e-16	74.3
AAO68326_1	Q6XVT8	43.648	488	265	4	294	778	83	563	1.67e-118	365
AAO68326_1	Q6XVT8	35.294	51	31	1	389	439	60	108	1.4	27.7
AAO68326_1	Q8ZQ79	89.437	142	15	0	1	142	1	142	7.13e-90	281
AAO68326_1	P55456	41.230	439	239	10	336	763	98	528	5.66e-82	268
AAO68326_1	P55456	52.041	98	44	3	244	338	105	202	1.57e-15	75.9
AAO68326_1	P55456	38.235	136	81	3	166	298	67	202	3.65e-11	61.6
AAQ75736_1	A1KWQ2	80.135	443	73	4	1	430	1	441	0.0	691
AAQ75736_1	A1KWP5	79.942	344	57	1	99	430	2	345	0.0	547
AAQ75736_1	I3QKE3	34.921	63	34	2	241	297	371	432	0.16	29.6
AAQ75736_1	Q45716	24.370	119	72	5	207	319	683	789	0.41	28.5
AAQ75736_1	Q7WRZ5	27.273	55	39	1	103	157	79	132	2.7	25.4
AAR26341_1	P37131	40.000	400	181	4	4	347	5	401	1.12e-91	275
AAR26341_1	O84947	31.933	119	71	4	136	252	129	239	6.73e-08	49.3
AAR26341_1	YP_003294926_1	32.857	140	82	6	132	262	134	270	9.46e-06	42.7
AAR26341_1	Q7DB81	29.286	140	80	5	136	266	147	276	1.95e-05	41.6
AAR26341_1	Q9REZ5	29.126	103	41	5	124	197	78	177	0.021	32.0
AAR84051_1	A1KWQ2	80.361	443	72	4	1	430	1	441	0.0	694
AAR84051_1	A1KWP5	80.233	344	56	1	99	430	2	345	0.0	550
AAR84051_1	I3QKE3	34.921	63	34	2	241	297	371	432	0.15	29.6
AAR84051_1	Q45716	24.370	119	72	5	207	319	683	789	0.44	28.5
AAR84051_1	NP_820063_1	24.658	73	50	2	199	271	146	213	4.6	25.0
AAS47019_1	B7UNX4	90.606	330	31	0	1	330	1	330	0.0	627
AAS47019_1	Q8ZMY7	24.096	166	101	7	68	227	78	224	0.39	27.7
AAS47019_1	Q8ZQA1	30.556	72	36	3	168	227	97	166	0.62	26.6
AAS47019_1	YP_418361_1	28.947	38	27	0	32	69	28	65	4.1	24.3
AAS47019_1	Q5ZVX6	64.286	14	5	0	11	24	726	739	6.2	24.3
AAS47020_1	YP_003364209_1	99.574	235	1	0	1	235	1	235	3.56e-177	481
AAS47020_1	E7PP21	35.443	79	45	3	137	211	141	217	0.002	33.5
AAS47020_1	C1CWG1	25.806	155	99	6	65	219	261	399	0.003	33.5
AAS47020_1	Q7DB81	42.857	28	12	1	184	211	76	99	5.7	23.5
AAS47020_1	P0DPI1	31.818	66	38	2	140	198	218	283	6.8	23.5
AAS48168_1	Q8XAL7	85.185	189	28	0	4	192	1	189	1.44e-121	337
AAS48168_1	Q5ZVT5	30.952	84	46	4	23	102	868	943	0.98	25.8
AAS48168_1	CAH11504_1	24.719	89	62	2	30	116	484	569	1.2	25.4
AAS48168_1	Q5ZZF1	24.427	131	73	7	49	171	126	238	1.7	24.6
AAS48168_1	Q5ZSR5	39.535	43	23	2	10	49	878	920	4.6	23.5
AAS48169_1	A9ZNG6	83.276	293	49	0	1	293	1	293	0.0	514
AAS48169_1	Q99PZ6	27.612	134	88	4	133	259	27	158	4.77e-10	53.9
AAS48169_1	Q99PZ6	20.370	54	33	2	236	286	41	87	1.4	25.4
AAS48169_1	O84871	23.485	132	95	3	149	274	259	390	1.7	25.8
AAS48169_1	Q9Z8P7	31.429	35	23	1	166	200	7	40	2.3	24.6
AAS48169_1	D8P480	26.923	52	29	2	240	288	232	277	2.8	25.0
AAS58577_1	NP_783660_1	68.392	367	98	2	1	349	22	388	3.16e-153	438
AAS58577_1	NP_783660_1	61.538	286	106	2	82	367	245	526	1.94e-95	290
AAS58577_1	NP_783660_1	41.176	85	50	0	75	159	438	522	4.23e-10	56.6
AAS58577_1	D0ZVG2	40.724	221	121	6	30	247	153	366	8.00e-35	130
AAS58577_1	D0ZVG2	43.478	138	77	1	195	331	216	353	8.46e-23	95.5
AAS58577_1	Q6XVT8	33.955	268	147	7	22	269	23	280	2.72e-28	111
AAS58577_1	Q6XVT8	42.748	131	75	0	207	337	83	213	5.94e-16	74.7
AAS58577_1	Q6XVT8	35.556	180	91	2	165	344	83	237	1.23e-14	70.5
AAS58577_1	Q6XVT8	39.080	87	53	0	260	346	76	162	3.69e-12	62.8
AAS58577_1	Q6XVT8	41.860	86	50	0	240	325	76	161	4.51e-09	53.1
AAS58577_1	Q6XVT8	37.681	69	43	0	279	347	75	143	6.27e-07	46.6
AAS58577_1	ZP_03368310_1	40.171	117	69	1	34	149	164	280	1.93e-17	77.4
AAS58577_1	ZP_03368310_1	45.122	82	44	1	220	300	206	287	2.75e-10	56.2
AAS58577_1	ZP_03368310_1	36.905	84	52	1	260	342	206	289	1.49e-07	47.8
AAS58577_1	ZP_03368310_1	38.372	86	52	1	181	266	209	293	2.54e-06	43.9
AAS58577_1	ZP_03368310_1	31.818	110	52	2	136	245	206	292	3.28e-05	40.4
AAS58577_1	ZP_03368310_1	34.848	66	42	1	280	344	206	271	0.003	34.3
AAS58577_1	P55456	38.971	136	58	4	74	205	106	220	7.96e-13	65.1
AAS58577_1	P55456	44.565	92	46	4	182	270	112	201	9.23e-11	58.5
AAS58577_1	P55456	37.705	122	55	3	213	332	101	203	6.38e-10	55.8
AAS58577_1	P55456	41.176	102	55	4	133	232	105	203	3.37e-09	53.5
AAS58577_1	P55456	42.105	95	51	3	75	165	128	222	3.09e-08	50.8
AAS91821_1	P37131	43.970	398	211	5	4	390	5	401	5.96e-102	303
AAS91821_1	O84947	32.000	125	75	2	98	212	88	212	5.39e-11	59.3
AAS91821_1	YP_003294926_1	27.331	311	148	14	136	376	138	440	4.62e-08	50.1
AAS91821_1	Q7DB81	28.846	156	91	5	116	267	131	270	3.14e-07	47.4
AAS91821_1	Q9REZ5	23.776	143	93	4	86	212	54	196	0.023	32.0
AAU95471_1	YP_002330704_1	85.714	224	32	0	1	224	1	224	1.87e-147	406
AAU95471_1	NP_820840_1	35.417	48	28	2	62	108	500	545	0.76	26.2
AAU95471_1	ABS77747_2	45.000	40	19	2	100	136	87	126	2.3	24.6
AAU95471_1	Q5ZSZ4	41.463	41	23	1	174	214	71	110	2.5	24.6
AAU95471_1	Q989R4	30.000	40	28	0	56	95	590	629	3.9	24.3
AAV30235_1	P37131	44.862	399	211	5	4	395	5	401	2.56e-108	320
AAV30235_1	O84947	30.588	170	89	8	126	269	116	282	9.10e-09	52.4
AAV30235_1	YP_003294926_1	29.304	273	146	12	114	373	116	354	8.83e-08	49.3
AAV30235_1	Q7DB81	27.966	118	68	4	134	243	146	254	2.72e-05	41.2
AAV30235_1	Q9REZ5	22.826	184	98	6	36	196	15	177	0.033	31.6
AAV69404_1	YP_003294926_1	99.791	478	1	0	29	506	1	478	0.0	964
AAV69404_1	BAE19885_1	96.063	254	10	0	206	459	1	254	1.74e-169	474
AAV69404_1	O84947	27.187	423	269	7	94	489	57	467	6.49e-42	152
AAV69404_1	P37131	25.287	261	169	9	158	403	131	380	1.15e-05	43.1
AAV69404_1	Q8XDQ1	25.410	122	73	5	197	317	8	112	0.27	28.9
AAV69405_1	Q4G4D1	100.000	193	0	0	1	193	1	193	3.21e-143	392
AAV69405_1	BAE19884_1	98.413	126	2	0	68	193	1	126	2.84e-87	248
AAV69405_1	Q9R803	30.370	135	92	2	35	168	38	171	2.15e-12	58.9
AAV69405_1	Q8XC86	30.137	73	47	1	35	107	45	113	9.86e-05	37.7
AAV69405_1	P37131	30.702	114	60	6	82	186	273	376	0.031	30.0
AAX65329_1	ZP_03075317_1	99.275	138	1	0	1	138	1	138	2.04e-100	280
AAX65329_1	ZP_02468792_1	22.314	121	94	0	5	125	9	129	5.18e-10	50.1
AAX65329_1	Q5ZRK2	25.714	70	37	2	8	64	480	547	0.066	28.1
AAX65329_1	NP_820621_1	26.923	130	77	6	21	136	144	269	0.090	27.7
AAX65329_1	Q07833	33.333	21	14	0	8	28	1406	1426	8.3	21.9
AAX76903_1	Q4G4C8	100.000	198	0	0	1	198	1	198	1.40e-147	404
AAX76903_1	Q7BVH7	34.756	164	95	4	34	195	39	192	1.56e-24	91.3
AAX76903_1	Q47184	27.857	140	82	3	49	185	57	180	5.07e-10	52.4
AAX76903_1	Q5ZZ76	21.739	92	68	2	9	97	443	533	4.9	23.5
AAX76903_1	ABV76526_1	31.250	64	24	3	85	148	483	526	5.0	23.5
ABB16332_1	Q58I88	57.659	581	207	10	1	549	1	574	0.0	526
ABB16332_1	ABS78353_1	28.155	103	63	3	383	480	19	115	0.35	28.9
ABB16332_1	Q5ZVZ8	33.333	30	20	0	366	395	375	404	1.3	26.9
ABB16332_1	Q5ZT14	31.034	29	20	0	375	403	218	246	2.2	26.2
ABB16332_1	CAJ10235_1	31.373	51	29	1	311	355	45	95	4.3	25.0
ABB16333_1	BAF45424_1	82.493	337	12	1	1	290	1	337	3.25e-159	442
ABB16333_1	A2A0X5	65.497	342	64	2	1	288	1	342	1.87e-136	389
ABB16333_1	A2A0X5	90.909	209	19	0	80	288	181	389	8.95e-133	379
ABB16333_1	A2A0X5	92.417	211	16	0	80	290	228	438	6.79e-125	359
ABB16333_1	A4PDU9	68.159	201	57	1	1	194	1	201	7.94e-89	259
ABB16333_1	A4PDU9	91.935	124	10	0	167	290	80	203	7.85e-78	231
ABB16333_1	YP_003080462_1	31.915	282	105	12	1	235	1	242	6.88e-25	95.9
ABB16333_1	YP_003080462_1	33.854	192	55	9	124	282	90	242	4.30e-13	63.2
ABB16333_1	O84883	20.833	48	38	0	224	271	417	464	1.1	26.2
ABB16333_1	O84883	20.833	48	38	0	130	177	417	464	1.6	25.8
ABD48949_1	A0FKE4	72.537	477	105	2	1	475	1	453	0.0	661
ABD48949_1	A6YCJ6	71.368	234	65	1	1	232	1	234	5.36e-107	320
ABD48949_1	Q87GI9	45.455	176	91	3	280	452	63	236	5.45e-39	137
ABD48949_1	Q7BRY7	29.944	177	107	7	28	194	25	194	1.52e-11	59.7
ABD48949_1	Q5PEA9	30.172	116	80	1	103	217	168	283	2.16e-09	55.1
ABD48950_1	Q27RI1	100.000	463	0	0	1	463	1	463	0.0	947
ABD48950_1	Q5PEA9	31.373	204	122	7	245	446	340	527	4.64e-22	94.4
ABD48950_1	P69978	46.667	75	35	1	52	126	43	112	5.42e-13	61.2
ABD48950_1	YP_096814_1	47.222	36	14	3	396	429	229	261	0.065	30.8
ABD48950_1	Q9Z8G9	26.087	115	77	4	27	137	121	231	0.084	30.4
ABD48951_1	Q27RI0	100.000	728	0	0	1	728	1	728	0.0	1484
ABD48951_1	Q5ZVF7	35.385	65	38	2	263	323	219	283	2.62e-05	42.7
ABD48951_1	YP_127810_1	33.735	83	51	3	244	323	164	245	0.001	37.0
ABD48951_1	Q5ZZ03	27.184	103	61	6	235	329	222	318	0.003	36.2
ABD48951_1	Q87P32	40.351	57	30	3	29	82	25	80	0.003	35.8
ABD94685_1	C8BNX0	47.145	613	316	5	70	682	16	620	5.62e-166	486
ABD94685_1	Q5ZRP9	27.778	324	172	12	96	387	27	320	3.80e-15	74.3
ABD94685_1	Q5ZW60	26.332	319	154	11	106	359	26	328	1.12e-11	63.2
ABD94685_1	YP_096418_1	22.564	390	236	15	57	425	11	355	1.32e-10	59.7
ABD94685_1	Q5ZVL4	26.119	268	131	9	94	358	295	498	2.39e-10	59.3
ABD94731_1	C8BNX0	47.145	613	316	5	70	682	16	620	2.67e-166	487
ABD94731_1	Q5ZRP9	27.778	324	172	12	96	387	27	320	3.87e-15	74.3
ABD94731_1	Q5ZW60	26.332	319	154	11	106	359	26	328	9.70e-12	63.5
ABD94731_1	YP_096418_1	22.564	390	236	15	57	425	11	355	1.28e-10	60.1
ABD94731_1	Q5ZVL4	26.119	268	131	9	94	358	295	498	2.52e-10	59.3
ABJ98887_1	A0FKE4	100.000	453	0	0	1	453	1	453	0.0	912
ABJ98887_1	A6YCJ6	71.552	232	66	0	1	232	1	232	1.86e-106	318
ABJ98887_1	Q87GI9	45.087	173	90	3	261	430	66	236	4.20e-39	137
ABJ98887_1	Q7BRY7	29.814	161	97	5	43	196	43	194	3.12e-12	61.6
ABJ98887_1	Q5PEA9	25.217	115	85	1	106	219	169	283	2.25e-08	51.6
ABJ98888_1	A6YCJ6	77.677	439	85	3	1	437	1	428	0.0	648
ABJ98888_1	A0FKE4	62.500	232	85	1	1	230	1	232	1.50e-80	254
ABJ98888_1	Q7BRY7	32.738	168	101	6	33	194	33	194	5.33e-13	63.9
ABJ98888_1	Q5PEA9	33.333	90	60	0	128	217	194	283	3.25e-09	54.7
ABJ98888_1	P15917	23.457	81	61	1	126	206	53	132	4.0	25.4
ABO92190_1	A0FKE4	72.537	477	105	2	1	475	1	453	0.0	661
ABO92190_1	A6YCJ6	71.368	234	65	1	1	232	1	234	5.36e-107	320
ABO92190_1	Q87GI9	45.455	176	91	3	280	452	63	236	5.45e-39	137
ABO92190_1	Q7BRY7	29.944	177	107	7	28	194	25	194	1.52e-11	59.7
ABO92190_1	Q5PEA9	30.172	116	80	1	103	217	168	283	2.16e-09	55.1
ABR13262_1	A6YCJ6	100.000	428	0	0	1	428	1	428	0.0	849
ABR13262_1	A0FKE4	71.552	232	66	0	1	232	1	232	1.76e-106	318
ABR13262_1	Q7BRY7	30.814	172	107	4	30	196	30	194	5.50e-13	63.5
ABR13262_1	Q5PEA9	27.451	153	105	3	98	248	165	313	6.34e-08	50.1
ABR13262_1	Q5ZUP2	30.769	65	35	2	11	73	60	116	0.93	26.9
ABR14860_1	NP_783660_1	61.538	507	95	6	1	409	22	526	0.0	511
ABR14860_1	D0ZVG2	36.614	254	151	7	30	277	153	402	1.09e-31	122
ABR14860_1	D0ZVG2	43.478	138	77	1	237	373	216	353	1.75e-22	95.5
ABR14860_1	D0ZVG2	44.118	136	74	2	249	382	207	342	8.13e-21	90.1
ABR14860_1	Q6XVT8	38.326	227	111	7	22	224	23	244	2.44e-27	109
ABR14860_1	Q6XVT8	42.748	131	75	0	249	379	83	213	1.17e-15	74.3
ABR14860_1	Q6XVT8	35.556	180	91	2	207	386	83	237	6.03e-14	68.9
ABR14860_1	Q6XVT8	36.842	133	64	3	165	279	83	213	9.78e-13	65.1
ABR14860_1	Q6XVT8	39.080	87	53	0	302	388	76	162	6.44e-12	62.4
ABR14860_1	Q6XVT8	41.860	86	50	0	282	367	76	161	7.21e-09	53.1
ABR14860_1	Q6XVT8	37.681	69	43	0	321	389	75	143	1.02e-06	46.2
ABR14860_1	ZP_03368310_1	40.171	117	69	1	34	149	164	280	3.07e-17	77.4
ABR14860_1	ZP_03368310_1	45.122	82	44	1	262	342	206	287	4.10e-10	55.8
ABR14860_1	ZP_03368310_1	36.905	84	52	1	302	384	206	289	2.44e-07	47.4
ABR14860_1	ZP_03368310_1	38.372	86	52	1	223	308	209	293	6.26e-06	43.1
ABR14860_1	ZP_03368310_1	33.645	107	48	3	181	287	209	292	2.64e-04	38.1
ABR14860_1	ZP_03368310_1	36.585	82	49	2	136	217	206	284	8.73e-04	36.6
ABR14860_1	ZP_03368310_1	34.848	66	42	1	322	386	206	271	0.005	33.9
ABR14860_1	P55456	39.130	138	59	4	74	207	106	222	1.03e-12	65.1
ABR14860_1	P55456	37.705	122	55	3	255	374	101	203	9.40e-10	55.8
ABR14860_1	P55456	43.478	92	47	4	224	312	112	201	1.21e-09	55.5
ABR14860_1	P55456	36.290	124	54	4	153	274	103	203	1.26e-08	52.0
ABX88786_1	NP_783660_1	68.814	388	103	2	1	370	1	388	1.10e-166	473
ABX88786_1	NP_783660_1	61.189	286	107	2	103	388	245	526	4.01e-94	287
ABX88786_1	NP_783660_1	41.176	85	50	0	96	180	438	522	4.48e-10	56.6
ABX88786_1	D0ZVG2	41.441	222	118	8	51	268	153	366	1.03e-33	128
ABX88786_1	D0ZVG2	43.478	138	77	1	216	352	216	353	3.61e-23	97.1
ABX88786_1	D0ZVG2	38.931	131	78	2	241	369	200	330	6.40e-15	72.0
ABX88786_1	D0ZVG2	39.286	112	59	2	96	206	281	384	1.07e-12	65.1
ABX88786_1	Q6XVT8	33.582	268	148	7	43	290	23	280	2.14e-28	112
ABX88786_1	Q6XVT8	42.748	131	75	0	228	358	83	213	4.19e-16	75.5
ABX88786_1	Q6XVT8	35.556	180	91	2	186	365	83	237	2.31e-14	70.1
ABX88786_1	Q6XVT8	39.080	87	53	0	281	367	76	162	2.95e-12	63.5
ABX88786_1	Q6XVT8	41.860	86	50	0	261	346	76	161	3.16e-09	53.9
ABX88786_1	Q6XVT8	37.681	69	43	0	300	368	75	143	4.89e-07	47.0
ABX88786_1	ZP_03368310_1	40.171	117	69	1	55	170	164	280	1.30e-17	78.2
ABX88786_1	ZP_03368310_1	45.122	82	44	1	241	321	206	287	1.88e-10	57.0
ABX88786_1	ZP_03368310_1	36.905	84	52	1	281	363	206	289	1.11e-07	48.5
ABX88786_1	ZP_03368310_1	39.080	87	52	1	261	346	206	292	5.33e-07	46.2
ABX88786_1	ZP_03368310_1	38.372	86	52	1	202	287	209	293	3.09e-06	43.9
ABX88786_1	ZP_03368310_1	34.848	66	42	1	301	365	206	271	0.003	34.7
ABX88786_1	P55456	42.424	99	54	3	95	191	106	203	2.12e-10	57.8
ABX88786_1	P55456	38.017	121	50	5	174	291	103	201	3.67e-10	57.0
ABX88786_1	P55456	37.705	122	55	3	234	353	101	203	5.27e-10	56.2
ABX88786_1	P55456	41.176	102	55	4	154	253	105	203	5.95e-09	53.1
ABX88786_1	P55456	42.105	95	51	3	96	186	128	222	2.19e-08	51.2
ACC91156_1	ZP_06208163_1	99.394	165	1	0	1	165	1	165	5.01e-120	331
ACC91156_1	Q5ZZC1	25.688	109	66	3	67	160	746	854	0.28	26.9
ACC91156_1	Q939S9	28.571	56	38	1	27	80	268	323	0.80	25.4
ACC91156_1	A0KHZ7	36.842	38	19	1	6	38	4100	4137	6.3	22.7
ACC91156_1	A0A656JXQ0	33.333	27	18	0	79	105	53	79	8.6	22.3
ACF62143_1	ZP_03075317_1	99.275	138	1	0	1	138	1	138	2.04e-100	280
ACF62143_1	ZP_02468792_1	22.314	121	94	0	5	125	9	129	5.18e-10	50.1
ACF62143_1	Q5ZRK2	25.714	70	37	2	8	64	480	547	0.066	28.1
ACF62143_1	NP_820621_1	26.923	130	77	6	21	136	144	269	0.090	27.7
ACF62143_1	Q07833	33.333	21	14	0	8	28	1406	1426	8.3	21.9
ACF66736_1	ZP_03075317_1	99.275	138	1	0	1	138	1	138	2.04e-100	280
ACF66736_1	ZP_02468792_1	22.314	121	94	0	5	125	9	129	5.18e-10	50.1
ACF66736_1	Q5ZRK2	25.714	70	37	2	8	64	480	547	0.066	28.1
ACF66736_1	NP_820621_1	26.923	130	77	6	21	136	144	269	0.090	27.7
ACF66736_1	Q07833	33.333	21	14	0	8	28	1406	1426	8.3	21.9
ACT70724_1	B7UI21	61.231	325	126	0	2	326	5	329	6.84e-150	420
ACT70724_1	Q5ZT54	36.111	36	23	0	86	121	809	844	0.24	28.5
ACT70724_1	Q97QZ1	25.974	77	52	2	74	145	46	122	0.59	26.9
ACT70724_1	C7BKP9_2	28.846	52	34	1	212	260	2270	2321	0.89	26.9
ACT70724_1	WP_076706633_1	29.167	72	45	3	123	188	132	203	1.1	26.2
A3MCH6	A2S1Q7	100.000	261	0	0	1	261	1	261	0.0	531
A3MCH6	Q7P1B7	34.307	137	78	2	79	215	88	212	3.81e-16	71.2
A3MCH6	Q7CQD4	28.777	139	98	1	106	244	102	239	1.24e-14	67.0
A3MCH6	P55711	36.170	47	29	1	113	158	495	541	1.5	25.8
A3MCH6	ACJ20041_1	30.508	59	38	2	15	71	693	750	1.5	25.8
A3MCH8	A2S1Q9	100.000	512	0	0	1	512	1	512	0.0	1030
A3MCH8	P33546	31.443	388	249	6	2	384	3	378	1.55e-59	200
A3MCH8	Q5PEA9	29.630	81	54	1	38	118	48	125	2.85e-09	54.7
A3MCH8	Q7NUS9	27.941	68	46	1	432	496	285	352	0.37	28.5
A3MCH8	Q9I739	33.333	30	20	0	173	202	361	390	1.2	26.9
A3NLC6	A2S1Q9	99.805	512	1	0	1	512	1	512	0.0	1028
A3NLC6	P33546	31.443	388	249	6	2	384	3	378	9.93e-60	201
A3NLC6	Q5PEA9	29.630	81	54	1	38	118	48	125	2.71e-09	54.7
A3NLC6	Q7NUS9	27.941	68	46	1	432	496	285	352	0.37	28.5
A3NLC6	Q9I739	33.333	30	20	0	173	202	361	390	1.2	26.9
A3NLC8	A2S1Q7	99.617	261	1	0	1	261	1	261	0.0	529
A3NLC8	Q7P1B7	34.307	137	78	2	79	215	88	212	3.74e-16	71.2
A3NLC8	Q7CQD4	43.056	72	40	1	106	177	102	172	1.40e-14	67.0
A3NLC8	ACJ20041_1	30.508	59	38	2	15	71	693	750	1.5	25.8
A3NLC8	P55711	36.170	47	29	1	113	158	495	541	1.6	25.4
A3P6Y8	A2S1Q9	99.219	512	4	0	1	512	1	512	0.0	1021
A3P6Y8	P33546	31.443	388	249	6	2	384	3	378	4.96e-59	199
A3P6Y8	Q5PEA9	29.630	81	54	1	38	118	48	125	2.95e-09	54.7
A3P6Y8	Q7NUS9	27.941	68	46	1	432	496	285	352	0.59	28.1
A3P6Y8	AAS20351_1	25.000	104	67	2	371	466	1258	1358	2.6	26.2
A3P6Z0	A2S1Q7	100.000	261	0	0	1	261	1	261	0.0	531
A3P6Z0	Q7P1B7	34.307	137	78	2	79	215	88	212	3.81e-16	71.2
A3P6Z0	Q7CQD4	28.777	139	98	1	106	244	102	239	1.24e-14	67.0
A3P6Z0	P55711	36.170	47	29	1	113	158	495	541	1.5	25.8
A3P6Z0	ACJ20041_1	30.508	59	38	2	15	71	693	750	1.5	25.8
A9MJD1	Q8Z550	77.286	339	76	1	1	338	1	339	0.0	548
A9MJD1	O84700	27.500	120	68	5	80	192	99	206	0.057	30.4
A9MJD1	Q5ZUG2	24.823	141	89	7	91	218	107	243	1.2	26.6
A9MJD1	ABD44194_1	24.286	70	45	3	42	110	342	404	1.9	25.8
A9MJD1	P40136	25.287	87	55	2	145	226	524	605	2.4	25.4
A9N5C6	Q8Z550	92.353	340	26	0	1	340	1	340	0.0	657
A9N5C6	Q5ZTE6	34.409	93	44	5	8	94	346	427	0.55	27.3
A9N5C6	NP_821048_1	27.848	79	53	1	186	260	161	239	0.98	26.6
A9N5C6	Q5ZU60	26.852	108	63	4	47	143	122	224	1.0	26.6
A9N5C6	Q5QA92	25.455	55	40	1	243	296	134	188	2.3	25.4
D0ZI38	Q8ZPA6	100.000	133	0	0	1	133	1	133	2.01e-97	271
D0ZI38	AAS20351_1	39.286	28	17	0	4	31	139	166	0.18	26.9
D0ZI38	Q7MYD1	39.474	38	17	1	94	125	23	60	0.26	26.2
D0ZI38	A0KHZ7	25.882	85	59	2	7	90	1516	1597	1.0	24.6
D0ZI38	O34853	25.714	35	26	0	69	103	127	161	2.4	23.5
D0ZIB5	Q8ZP57	100.000	457	0	0	1	457	1	457	0.0	951
D0ZIB5	Q5ZRT5	35.185	54	29	1	378	425	327	380	0.066	31.2
D0ZIB5	S3JSS5	34.783	46	29	1	144	189	478	522	0.61	27.7
D0ZIB5	Q6WRW3	32.258	31	21	0	15	45	166	196	0.83	27.3
D0ZIB5	D5CBA0	33.333	57	30	2	277	333	1883	1931	1.6	26.6
D0ZPH9	D0ZVG2	60.315	761	215	9	29	788	26	700	0.0	816
D0ZPH9	ZP_03368310_1	99.659	293	1	0	1	293	1	293	0.0	615
D0ZPH9	ZP_03368310_1	51.579	95	45	1	340	433	199	293	9.74e-18	80.1
D0ZPH9	ZP_03368310_1	55.556	81	35	1	294	373	213	293	2.52e-17	79.0
D0ZPH9	ZP_03368310_1	59.091	66	26	1	374	438	213	278	6.84e-16	74.7
D0ZPH9	ZP_03368310_1	50.000	88	43	1	307	393	206	293	1.01e-15	74.3
D0ZPH9	Q6XVT8	43.648	488	265	4	294	778	83	563	1.36e-118	365
D0ZPH9	Q6XVT8	35.294	51	31	1	389	439	60	108	1.4	27.7
D0ZPH9	Q8ZQ79	89.437	142	15	0	1	142	1	142	8.43e-90	281
D0ZPH9	P55456	41.002	439	240	10	336	763	98	528	4.60e-82	268
D0ZPH9	P55456	52.041	98	44	3	244	338	105	202	1.58e-15	75.9
D0ZPH9	P55456	47.009	117	58	4	265	378	87	202	4.27e-15	74.3
D0ZPH9	P55456	38.235	136	81	3	166	298	67	202	3.78e-11	61.6
D0ZRB2	D0ZVG2	39.136	787	368	18	1	765	1	698	1.50e-165	491
D0ZRB2	Q6XVT8	34.975	609	306	15	146	751	41	562	6.76e-104	327
D0ZRB2	P55456	37.500	480	270	9	282	754	86	542	2.41e-83	271
D0ZRB2	P55456	34.337	166	102	4	166	329	68	228	1.10e-17	82.4
D0ZRB2	ZP_03368310_1	35.889	287	161	5	7	273	10	293	4.57e-52	179
D0ZRB2	ZP_03368310_1	52.439	82	36	3	309	390	206	284	3.00e-14	69.7
D0ZRB2	ZP_03368310_1	45.556	90	46	3	288	377	206	292	3.18e-11	60.5
D0ZRB2	ZP_03368310_1	42.857	91	49	3	267	357	206	293	2.86e-10	57.8
D0ZRB2	ZP_03368310_1	43.038	79	43	2	326	404	202	278	4.73e-09	53.9
D0ZRB2	ZP_03368310_1	42.308	78	42	3	253	330	213	287	2.85e-07	48.5
D0ZRB2	ZP_03368310_1	40.000	40	24	0	372	411	206	245	0.026	32.7
D0ZRB2	NP_783660_1	36.039	308	157	11	113	410	19	296	2.10e-34	134
D0ZRB2	NP_783660_1	34.601	263	136	11	197	438	232	479	3.32e-20	90.5
D0ZRB2	NP_783660_1	32.639	144	74	5	197	321	352	491	1.12e-06	47.4
D0ZXR5	Q8ZPD7	100.000	210	0	0	1	210	1	210	1.20e-160	437
D0ZXR5	Q57KZ6	43.333	30	14	1	110	136	102	131	1.1	25.4
D0ZXR5	YP_153762_1	33.333	33	22	0	160	192	1137	1169	1.7	25.0
D0ZXR5	Q5ZRQ4	37.931	29	18	0	150	178	186	214	3.2	24.3
D0ZXR5	Q7PC45	25.253	99	62	3	110	200	404	498	4.1	23.9
O06949	Q7CQD4	66.387	238	80	0	1	238	1	238	5.02e-117	330
O06949	Q7P1B7	29.474	190	126	4	48	236	56	238	1.12e-21	85.9
O06949	A2S1Q7	40.789	76	44	1	102	176	106	181	4.05e-15	68.6
O06949	ACJ17864_1	25.424	59	40	1	109	163	192	250	0.28	27.7
O06949	Q5X443	24.096	166	102	5	32	177	28	189	0.93	26.2
O30916	Q55286	46.970	396	205	4	166	559	146	538	2.44e-117	354
O30916	Q8VQB5	30.882	68	39	2	380	447	121	180	0.46	28.5
O30916	Q5ZSD5	36.585	41	24	1	426	466	613	651	0.48	28.5
O30916	Q5ZSD5	29.730	37	26	0	52	88	668	704	2.1	26.6
O30916	Q45882	22.353	85	60	1	258	342	46	124	1.6	26.9
O30916	Q5ZTB4	31.818	44	28	1	393	434	52	95	3.2	25.8
O34105	Q55286	46.465	396	207	4	166	559	146	538	4.23e-114	345
O34105	Q8VQB5	30.769	78	45	2	375	447	107	180	0.24	29.6
O34105	Q5ZSD5	36.585	41	24	1	426	466	613	651	0.48	28.5
O34105	Q5ZSD5	32.432	37	25	0	52	88	668	704	0.93	27.7
O34105	Q45882	22.353	85	60	1	258	342	46	124	1.5	26.9
O34105	Q5ZTB4	30.357	56	34	2	384	434	40	95	2.9	26.2
O52623	Q7CQD4	69.748	238	72	0	1	238	1	238	5.55e-125	350
O52623	Q7P1B7	30.526	190	124	4	48	236	56	238	9.26e-23	89.0
O52623	A2S1Q7	40.244	82	48	1	102	182	106	187	1.58e-15	69.7
O52623	Q5X443	25.150	167	101	5	32	178	28	190	0.021	31.2
O52623	Q5ZRQ1	31.429	35	24	0	173	207	1120	1154	1.7	25.4
P0CE12	D0ZVG2	60.315	761	215	9	29	788	26	700	0.0	816
P0CE12	ZP_03368310_1	99.659	293	1	0	1	293	1	293	0.0	615
P0CE12	ZP_03368310_1	51.579	95	45	1	340	433	199	293	9.74e-18	80.1
P0CE12	ZP_03368310_1	55.556	81	35	1	294	373	213	293	2.52e-17	79.0
P0CE12	ZP_03368310_1	59.091	66	26	1	374	438	213	278	6.84e-16	74.7
P0CE12	ZP_03368310_1	50.000	88	43	1	307	393	206	293	1.01e-15	74.3
P0CE12	Q6XVT8	43.648	488	265	4	294	778	83	563	1.36e-118	365
P0CE12	Q6XVT8	35.294	51	31	1	389	439	60	108	1.4	27.7
P0CE12	Q8ZQ79	89.437	142	15	0	1	142	1	142	8.43e-90	281
P0CE12	P55456	41.002	439	240	10	336	763	98	528	4.60e-82	268
P0CE12	P55456	52.041	98	44	3	244	338	105	202	1.58e-15	75.9
P0CE12	P55456	47.009	117	58	4	265	378	87	202	4.27e-15	74.3
P0CE12	P55456	38.235	136	81	3	166	298	67	202	3.78e-11	61.6
P17778	NP_783660_1	61.538	507	95	6	1	409	22	526	0.0	511
P17778	D0ZVG2	36.614	254	151	7	30	277	153	402	1.09e-31	122
P17778	D0ZVG2	43.478	138	77	1	237	373	216	353	1.75e-22	95.5
P17778	D0ZVG2	44.118	136	74	2	249	382	207	342	8.13e-21	90.1
P17778	Q6XVT8	38.326	227	111	7	22	224	23	244	2.44e-27	109
P17778	Q6XVT8	42.748	131	75	0	249	379	83	213	1.17e-15	74.3
P17778	Q6XVT8	35.556	180	91	2	207	386	83	237	6.03e-14	68.9
P17778	Q6XVT8	36.842	133	64	3	165	279	83	213	9.78e-13	65.1
P17778	Q6XVT8	39.080	87	53	0	302	388	76	162	6.44e-12	62.4
P17778	Q6XVT8	41.860	86	50	0	282	367	76	161	7.21e-09	53.1
P17778	Q6XVT8	37.681	69	43	0	321	389	75	143	1.02e-06	46.2
P17778	ZP_03368310_1	40.171	117	69	1	34	149	164	280	3.07e-17	77.4
P17778	ZP_03368310_1	45.122	82	44	1	262	342	206	287	4.10e-10	55.8
P17778	ZP_03368310_1	36.905	84	52	1	302	384	206	289	2.44e-07	47.4
P17778	ZP_03368310_1	38.372	86	52	1	223	308	209	293	6.26e-06	43.1
P17778	ZP_03368310_1	33.645	107	48	3	181	287	209	292	2.64e-04	38.1
P17778	ZP_03368310_1	36.585	82	49	2	136	217	206	284	8.73e-04	36.6
P17778	ZP_03368310_1	34.848	66	42	1	322	386	206	271	0.005	33.9
P17778	P55456	39.130	138	59	4	74	207	106	222	1.03e-12	65.1
P17778	P55456	37.705	122	55	3	255	374	101	203	9.40e-10	55.8
P17778	P55456	43.478	92	47	4	224	312	112	201	1.21e-09	55.5
P17778	P55456	36.290	124	54	4	153	274	103	203	1.26e-08	52.0
P18009	Q6XVT8	70.182	550	138	4	28	574	37	563	0.0	728
P18009	D0ZVG2	39.856	557	302	8	27	574	158	690	8.40e-122	371
P18009	P55456	39.046	461	259	12	127	573	87	539	2.32e-86	274
P18009	NP_783660_1	38.800	250	127	4	17	240	42	291	1.84e-27	112
P18009	NP_783660_1	43.373	166	93	1	74	239	286	450	2.96e-24	102
P18009	NP_783660_1	43.333	150	84	1	74	223	346	494	4.71e-21	92.0
P18009	NP_783660_1	42.500	160	91	1	80	239	232	390	6.15e-21	91.7
P18009	NP_783660_1	40.805	174	102	1	67	240	319	491	9.33e-20	88.2
P18009	NP_783660_1	41.916	167	96	1	74	240	246	411	4.11e-16	76.6
P18009	NP_783660_1	40.288	139	82	1	73	211	365	502	1.07e-14	72.4
P18009	NP_783660_1	35.714	210	96	7	82	255	22	228	5.12e-14	70.1
P18009	NP_783660_1	37.037	135	84	1	67	201	379	512	2.19e-12	65.1
P18009	ZP_03368310_1	30.000	170	77	4	27	194	164	293	3.89e-12	62.8
P18009	ZP_03368310_1	43.902	82	45	1	153	233	211	292	4.33e-10	56.6
P18009	ZP_03368310_1	40.449	89	51	2	127	214	206	293	2.74e-09	54.3
P18009	ZP_03368310_1	40.541	74	43	1	167	239	205	278	3.38e-08	50.8
P18014	Q6XVT8	72.291	563	147	3	1	560	15	571	0.0	781
P18014	D0ZVG2	39.318	557	321	8	9	556	146	694	3.03e-125	379
P18014	P55456	36.975	476	257	11	91	554	98	542	1.19e-83	266
P18014	P55456	43.158	95	51	3	62	153	108	202	4.43e-12	63.9
P18014	P55456	48.148	27	13	1	69	94	177	203	5.4	25.0
P18014	NP_783660_1	37.500	256	135	8	20	260	53	298	2.74e-29	117
P18014	NP_783660_1	37.576	165	102	1	62	226	259	422	1.53e-19	87.4
P18014	NP_783660_1	45.161	124	63	1	64	182	376	499	8.10e-19	85.1
P18014	NP_783660_1	37.500	168	99	2	64	226	196	362	1.03e-18	84.7
P18014	NP_783660_1	37.576	165	97	2	64	223	316	479	6.20e-18	82.4
P18014	NP_783660_1	38.710	155	92	2	41	192	275	429	7.83e-16	75.9
P18014	NP_783660_1	38.415	164	92	3	40	197	334	494	9.09e-16	75.5
P18014	NP_783660_1	36.441	118	66	3	40	151	394	508	2.80e-08	51.6
P18014	ZP_03368310_1	38.406	138	79	4	15	148	158	293	9.32e-23	94.4
P18014	ZP_03368310_1	42.667	75	42	1	122	195	206	280	2.30e-09	54.3
P27475	O68703	96.894	322	10	0	1	322	1	322	0.0	649
P27475	Q84H14	54.412	272	116	1	49	320	46	309	9.64e-110	317
P27475	BAH47297_1	40.909	44	22	2	243	282	227	270	0.003	34.3
P27475	A0KHZ7	35.593	59	30	3	257	307	2960	3018	0.003	34.7
P27475	NP_642922_1	33.663	101	47	5	98	185	178	271	0.014	32.3
P31498	Q93KQ5	94.792	288	15	0	1	288	1	288	0.0	560
P31498	BAH47296_1	25.641	273	150	10	52	280	98	361	7.16e-13	63.5
P31498	A0FDW6	23.667	300	184	13	20	287	74	360	3.61e-10	55.5
P31498	P55555	21.233	146	110	3	52	196	68	209	1.75e-08	49.7
P31498	F3FD65	20.727	275	175	9	23	283	65	310	2.01e-04	37.7
P74849	Q8VQB5	97.664	685	16	0	1	685	1	685	0.0	1381
P74849	P18010	28.443	334	217	4	7	331	7	327	4.78e-31	124
P74849	B7UI21	31.034	58	40	0	564	621	232	289	0.91	27.7
P74849	Q5ZSJ0	30.263	76	46	3	179	247	288	363	2.4	26.6
P74849	Q5QA92	29.508	61	42	1	489	548	143	203	4.3	25.8
P74851	Q5PEA9	98.895	543	6	0	1	543	1	543	0.0	1119
P74851	Q27RI1	30.612	196	120	6	348	527	251	446	2.49e-21	92.4
P74851	Q7BRY7	30.000	110	74	2	174	283	109	215	1.40e-11	60.1
P74851	A2S1Q9	29.630	81	54	1	48	125	38	118	3.60e-09	54.7
P74851	A0FKE4	25.000	120	89	1	169	288	106	224	2.11e-08	52.0
P74873	Q5PEA9	93.923	543	33	0	1	543	1	543	0.0	1048
P74873	Q27RI1	30.882	204	123	7	340	527	245	446	5.55e-22	94.4
P74873	Q7BRY7	31.818	110	72	2	174	283	109	215	4.37e-12	61.2
P74873	A0FKE4	25.352	213	136	6	98	301	39	237	9.17e-10	56.2
P74873	A6YCJ6	26.222	225	142	6	98	313	39	248	1.65e-09	55.5
Q07566	Q55286	98.141	538	10	0	1	538	1	538	0.0	1079
Q07566	B6A878	31.343	67	46	0	215	281	818	884	0.30	29.3
Q07566	Q84CS5	47.826	23	12	0	83	105	62	84	0.65	27.7
Q07566	Q8EIX3	62.500	16	6	0	157	172	304	319	1.1	27.3
Q07566	P40613	29.412	68	45	1	227	294	173	237	2.1	26.2
Q2T703	A2S1Q9	90.457	503	48	0	1	503	1	503	0.0	903
Q2T703	P33546	30.280	393	257	6	2	389	3	383	2.98e-55	189
Q2T703	Q5PEA9	29.630	81	54	1	38	118	48	125	3.58e-09	54.3
Q2T703	Q7NUS9	27.941	68	46	1	432	496	285	352	0.33	28.9
Q2T703	Q87P38	28.767	73	46	2	54	122	56	126	3.4	25.8
Q2T704	A2S1Q7	95.785	261	11	0	1	261	1	261	0.0	511
Q2T704	Q7P1B7	34.921	126	76	2	93	215	90	212	6.66e-16	70.9
Q2T704	Q7CQD4	28.777	139	98	1	106	244	102	239	7.59e-15	67.8
Q2T704	ACJ20041_1	30.508	59	38	2	15	71	693	750	2.0	25.4
Q2T704	YP_153570_1	37.931	58	29	4	109	163	321	374	2.9	24.6
Q2T710	Q3JL24	85.203	419	52	3	1	409	1	419	0.0	661
Q2T710	C8BNW8	28.571	77	44	2	241	317	99	164	3.8	25.0
Q2T710	A0A656JXQ0	36.111	36	23	0	282	317	113	148	7.7	23.9
Q2T710	Q5ZSZ1	22.727	154	89	4	251	386	15	156	8.9	23.5
Q2T710	Q87GI9	32.500	40	27	0	75	114	142	181	9.3	23.5
Q31SR9	P0A2M9	63.115	244	82	3	1	239	1	241	5.49e-108	307
Q31SR9	Q5ZUV0	30.769	26	18	0	53	78	26	51	4.9	23.9
Q31SR9	A0A656GNA3	25.455	55	41	0	14	68	127	181	6.5	23.1
Q31SR9	A5N119	36.000	25	16	0	178	202	4	28	9.8	22.7
Q327I2	P0A2M9	62.705	244	83	3	1	239	1	241	2.46e-107	305
Q3JL30	A2S1Q7	99.617	261	1	0	1	261	1	261	0.0	529
Q3JL30	Q7P1B7	34.307	137	78	2	79	215	88	212	3.74e-16	71.2
Q3JL30	Q7CQD4	43.056	72	40	1	106	177	102	172	1.40e-14	67.0
Q3JL30	ACJ20041_1	30.508	59	38	2	15	71	693	750	1.5	25.8
Q3JL30	P55711	36.170	47	29	1	113	158	495	541	1.6	25.4
Q3JL32	A2S1Q9	99.023	512	5	0	1	512	1	512	0.0	1018
Q3JL32	P33546	31.443	388	249	6	2	384	3	378	5.50e-59	199
Q3JL32	Q5PEA9	29.630	81	54	1	38	118	48	125	2.98e-09	54.7
Q3JL32	Q7NUS9	27.941	68	46	1	432	496	285	352	0.57	28.1
Q3JL32	Q9I739	33.333	30	20	0	173	202	361	390	1.2	26.9
Q3YTK0	Q326N4	99.250	400	3	0	1	400	1	400	0.0	817
Q3YTK0	B7UH72	24.800	125	69	5	255	373	261	366	0.11	30.0
Q3YTK0	Q5ZTB8	35.135	37	23	1	163	199	733	768	3.4	25.4
Q3YTK0	Q989M4	35.294	34	21	1	213	246	2883	2915	4.2	25.0
Q3YTK0	Q5ZXN5	66.667	12	4	0	201	212	372	383	7.0	24.3
Q3YTY3	P0A2M9	63.115	244	82	3	1	239	1	241	4.00e-108	307
Q56019	P18011	41.355	561	313	5	36	593	33	580	4.03e-119	361
Q56019	D2TZ34	28.928	401	235	9	238	593	271	666	1.08e-27	113
Q56019	Q7DB81	28.037	107	65	4	260	357	111	214	0.001	37.0
Q56019	Q7DB81	29.255	188	104	9	403	574	169	343	0.90	27.7
Q56019	Q8XC86	48.387	31	16	0	88	118	55	85	0.11	30.4
Q56019	P56956	22.826	92	69	1	392	481	66	157	0.17	30.4
E1WAC8	Q7NUS9	45.954	346	177	3	68	408	14	354	1.16e-85	261
E1WAC8	Q3JL24	23.420	269	181	8	142	408	173	418	6.83e-06	43.5
E1WAC8	Q888Y1	31.667	60	35	3	185	239	200	258	1.4	26.6
E1WAC8	Q9KNE5	32.609	46	28	2	342	385	349	393	1.9	26.2
E1WAC8	YP_414462_1	35.294	51	30	2	241	289	76	125	3.1	25.4
P0CL47	Q7NUS9	45.954	346	177	3	68	408	14	354	1.16e-85	261
P0CL47	Q3JL24	23.420	269	181	8	142	408	173	418	6.83e-06	43.5
P0CL47	Q888Y1	31.667	60	35	3	185	239	200	258	1.4	26.6
P0CL47	Q9KNE5	32.609	46	28	2	342	385	349	393	1.9	26.2
P0CL47	YP_414462_1	35.294	51	30	2	241	289	76	125	3.1	25.4
E1WAC6	Q8VQB5	99.854	685	1	0	1	685	1	685	0.0	1410
E1WAC6	P18010	28.402	338	212	5	7	331	7	327	5.72e-31	124
E1WAC6	B7UI21	31.034	58	40	0	564	621	232	289	0.42	28.9
E1WAC6	Q5ZSJ0	30.263	76	46	3	179	247	288	363	3.2	26.2
E1WAC6	Q5ZRX6	42.105	38	20	1	564	599	22	59	3.7	26.2
P0CL52	Q8VQB5	99.854	685	1	0	1	685	1	685	0.0	1410
P0CL52	P18010	28.402	338	212	5	7	331	7	327	5.72e-31	124
P0CL52	B7UI21	31.034	58	40	0	564	621	232	289	0.42	28.9
P0CL52	Q5ZSJ0	30.263	76	46	3	179	247	288	363	3.2	26.2
P0CL52	Q5ZRX6	42.105	38	20	1	564	599	22	59	3.7	26.2
Q56061	YP_002040480_1	100.000	336	0	0	1	336	1	336	0.0	703
Q56061	B5F5S8	27.010	311	219	4	1	310	1	304	3.21e-29	110
Q56061	Q9FD10	30.088	113	72	3	1	109	1	110	3.52e-07	47.0
Q56061	ZP_03368310_1	29.661	118	71	4	1	113	1	111	1.55e-05	41.6
Q56061	Q8ZQ79	30.508	118	70	5	1	113	1	111	1.45e-04	38.5
Q56134	P18011	41.355	561	313	5	36	593	33	580	3.43e-119	361
Q56134	D2TZ34	28.928	401	235	9	238	593	271	666	1.05e-27	113
Q56134	Q7DB81	28.037	107	65	4	260	357	111	214	0.001	37.0
Q56134	Q7DB81	29.255	188	104	9	403	574	169	343	0.92	27.7
Q56134	Q8XC86	48.387	31	16	0	88	118	55	85	0.11	30.4
Q56134	P56956	22.826	92	69	1	392	481	66	157	0.17	30.4
Q56135	Q7NUS9	45.665	346	178	3	68	408	14	354	1.51e-84	258
Q56135	Q3JL24	24.453	274	172	9	142	408	173	418	3.57e-06	44.3
Q56135	Q888Y1	31.667	60	35	3	185	239	200	258	1.3	26.9
Q56135	YP_414462_1	35.294	51	30	2	241	289	76	125	2.4	25.8
Q56135	A2S1Q9	37.255	51	25	3	275	319	146	195	4.1	25.0
Q56135	A2S1Q9	26.667	45	33	0	362	406	452	496	8.5	23.9
Q57M66	Q8Z550	92.647	340	25	0	1	340	1	340	0.0	656
Q57M66	Q5ZTE6	30.435	92	49	4	8	94	346	427	0.94	26.9
Q57M66	Q5ZU60	26.852	108	63	4	47	143	122	224	0.98	26.6
Q57M66	ABD44194_1	31.818	44	22	2	26	68	333	369	1.4	26.2
Q57M66	Q5ZX35	26.000	50	37	0	96	145	78	127	3.6	24.6
Q5PEX4	Q57KZ6	99.714	350	1	0	1	350	1	350	0.0	710
Q5PEX4	Q8ZQ59	32.847	274	171	6	15	286	17	279	5.95e-35	125
Q5PEX4	Q8ZQ59	30.216	139	81	3	215	345	150	280	1.80e-06	44.3
Q5PEX4	D2TTX7	30.469	128	81	3	152	279	201	320	1.66e-07	48.5
Q5PEX4	D2TTX7	24.713	174	97	5	136	299	138	287	0.002	35.8
Q5PEX4	D2TTX7	24.719	89	53	2	246	320	200	288	0.66	27.3
Q5PEX4	D2TTX7	31.579	57	29	1	268	324	207	253	2.2	25.8
Q5PEX4	Q5ZSD5	27.941	68	41	2	173	240	636	695	0.95	26.9
Q5PEX4	Q6IV70	26.786	56	39	1	19	74	592	645	1.2	26.6
Q5PFI5	Q7CQD4	69.198	237	73	0	1	237	1	237	2.11e-123	346
Q5PFI5	Q7P1B7	30.000	190	125	4	48	236	56	238	3.14e-22	87.4
Q5PFI5	A2S1Q7	40.244	82	48	1	102	182	106	187	9.54e-16	70.1
Q5PFI5	Q5X443	25.150	167	101	5	32	178	28	190	0.007	32.7
Q5PFI5	Q5ZRQ1	31.429	35	24	0	173	207	1120	1154	1.6	25.4
Q5PHN0	Q7CQD4	96.667	240	8	0	1	240	1	240	1.33e-178	486
Q5PHN0	Q7P1B7	33.333	192	120	4	49	239	57	241	4.98e-26	97.8
Q5PHN0	A2S1Q7	43.056	72	40	1	102	172	106	177	1.76e-14	66.6
Q5PHN0	Q7BRY7	36.111	36	19	1	209	240	87	122	1.9	24.6
Q5PHN0	NP_820773_2	28.395	81	37	5	88	164	52	115	2.4	24.6
Q5PI48	Q8Z550	94.412	340	19	0	1	340	1	340	0.0	665
Q5PI48	Q5QA92	27.273	55	39	1	243	296	134	188	0.78	26.9
Q5PI48	NP_821048_1	27.848	79	53	1	186	260	161	239	0.92	26.6
Q5PI48	Q5ZTE6	30.435	92	49	4	8	94	346	427	0.94	26.9
Q5PI48	Q5ZTB8	23.333	60	45	1	27	85	111	170	3.3	25.0
Q62B14	A2S1Q7	100.000	261	0	0	1	261	1	261	0.0	531
Q62B14	Q7P1B7	34.307	137	78	2	79	215	88	212	3.81e-16	71.2
Q62B14	Q7CQD4	28.777	139	98	1	106	244	102	239	1.24e-14	67.0
Q62B14	P55711	36.170	47	29	1	113	158	495	541	1.5	25.8
Q62B14	ACJ20041_1	30.508	59	38	2	15	71	693	750	1.5	25.8
Q62B16	A2S1Q9	100.000	512	0	0	1	512	1	512	0.0	1030
Q62B16	P33546	31.443	388	249	6	2	384	3	378	1.55e-59	200
Q62B16	Q5PEA9	29.630	81	54	1	38	118	48	125	2.85e-09	54.7
Q62B16	Q7NUS9	27.941	68	46	1	432	496	285	352	0.37	28.5
Q62B16	Q9I739	33.333	30	20	0	173	202	361	390	1.2	26.9
Q63K41	A2S1Q7	99.617	261	1	0	1	261	1	261	0.0	529
Q63K41	Q7P1B7	34.307	137	78	2	79	215	88	212	3.74e-16	71.2
Q63K41	Q7CQD4	43.056	72	40	1	106	177	102	172	1.40e-14	67.0
Q63K41	ACJ20041_1	30.508	59	38	2	15	71	693	750	1.5	25.8
Q63K41	P55711	36.170	47	29	1	113	158	495	541	1.6	25.4
Q79BT1	P18011	41.355	561	313	5	36	593	33	580	4.03e-119	361
Q79BT1	D2TZ34	28.928	401	235	9	238	593	271	666	1.08e-27	113
Q79BT1	Q7DB81	28.037	107	65	4	260	357	111	214	0.001	37.0
Q79BT1	Q7DB81	29.255	188	104	9	403	574	169	343	0.90	27.7
Q79BT1	Q8XC86	48.387	31	16	0	88	118	55	85	0.11	30.4
Q79BT1	P56956	22.826	92	69	1	392	481	66	157	0.17	30.4
Q7BD17	Q7CQD4	69.620	237	72	0	1	237	1	237	4.12e-124	348
Q7BD17	Q7P1B7	30.526	190	124	4	48	236	56	238	1.01e-22	89.0
Q7BD17	A2S1Q7	40.244	82	48	1	102	182	106	187	1.51e-15	69.7
Q7BD17	Q5X443	25.150	167	101	5	32	178	28	190	0.021	31.2
Q7BD17	Q5ZRQ1	31.429	35	24	0	173	207	1120	1154	1.6	25.4
Q7BU69	Q326N4	99.000	400	4	0	1	400	1	400	0.0	816
Q7BU69	B7UH72	21.596	213	111	8	179	373	192	366	0.071	30.4
Q7BU69	Q5ZU58	24.074	54	41	0	140	193	191	244	1.3	26.6
Q7BU69	Q989M4	35.294	34	21	1	213	246	2883	2915	4.2	25.0
Q7BU69	Q5ZRQ1	34.328	67	28	3	118	184	1033	1083	5.6	24.6
Q83RJ4	Q6XVT8	69.420	569	160	5	2	566	13	571	0.0	743
Q83RJ4	D0ZVG2	39.455	550	315	7	21	562	155	694	1.54e-120	367
Q83RJ4	P55456	37.719	456	257	11	118	560	101	542	8.06e-85	270
Q83RJ4	P55456	46.602	103	53	2	57	157	101	203	5.67e-18	82.8
Q83RJ4	NP_783660_1	42.714	199	69	3	25	199	56	233	7.97e-29	115
Q83RJ4	NP_783660_1	40.491	163	89	2	61	223	176	330	4.52e-21	92.0
Q83RJ4	NP_783660_1	47.541	122	64	0	78	199	232	353	6.12e-21	91.7
Q83RJ4	NP_783660_1	40.217	184	99	3	46	221	303	483	4.74e-20	89.0
Q83RJ4	NP_783660_1	40.136	147	81	1	77	223	251	390	2.77e-19	86.7
Q83RJ4	NP_783660_1	44.961	129	70	1	71	199	286	413	9.53e-18	81.6
Q83RJ4	NP_783660_1	41.053	95	55	1	71	165	406	499	3.49e-10	57.8
Q83RJ4	ZP_03368310_1	38.760	129	77	1	25	151	165	293	1.71e-19	84.7
Q83RJ4	ZP_03368310_1	46.053	76	40	1	125	199	206	281	1.26e-10	58.2
Q8VPM1	Q7CQD4	66.946	239	79	0	1	239	1	239	4.67e-118	332
Q8VPM1	Q7P1B7	29.534	193	128	4	48	239	56	241	2.35e-22	87.8
Q8VPM1	A2S1Q7	42.105	76	43	1	102	176	106	181	1.40e-15	69.7
Q8VPM1	Q5X443	24.096	166	102	5	32	177	28	189	1.3	25.8
Q8VPM1	Q5ZRQ1	21.739	69	51	2	173	240	1056	1122	3.4	24.6
Q8VSP9	P0A2M9	63.525	244	81	3	1	239	1	241	5.17e-109	310
Q8VSP9	Q5ZUV0	30.769	26	18	0	53	78	26	51	6.9	23.5
Q8VSP9	A5N119	36.000	25	16	0	178	202	4	28	9.9	22.7
Q8VSQ6	Q7CQD4	66.387	238	80	0	1	238	1	238	2.30e-116	328
Q8VSQ6	Q7P1B7	29.474	190	126	4	48	236	56	238	6.15e-22	86.7
Q8VSQ6	A2S1Q7	42.105	76	43	1	102	176	106	181	1.65e-15	69.7
Q8VSQ6	Q5X443	24.096	166	102	5	32	177	28	189	1.1	25.8
Q8VSQ6	Q5ZRQ1	21.875	64	47	2	173	235	1056	1117	5.0	23.9
Q8VSR1	Q7CQD4	69.328	238	73	0	1	238	1	238	1.89e-124	348
Q8VSR1	Q7P1B7	29.268	205	133	5	33	236	45	238	2.13e-23	90.5
Q8VSR1	A2S1Q7	31.737	167	91	7	28	181	30	186	7.97e-17	73.2
Q8VSR1	Q5X443	22.642	159	101	4	40	178	34	190	0.70	26.6
Q8VSR1	Q8ZMY7	26.984	63	41	2	34	95	15	73	2.8	24.3
Q8VSR2	Q7CQD4	69.748	238	72	0	1	238	1	238	5.43e-125	350
Q8VSR2	Q7P1B7	29.756	205	132	5	33	236	45	238	1.24e-23	91.3
Q8VSR2	A2S1Q7	29.762	168	95	6	28	182	30	187	3.67e-16	71.2
Q8VSR2	Q5X443	23.353	167	104	5	32	178	28	190	0.50	26.9
Q8VSR2	Q8ZMY7	26.984	63	41	2	34	95	15	73	1.3	25.4
Q8Z4G9	Q57KZ6	91.714	350	29	0	1	350	1	350	0.0	656
Q8Z4G9	Q8ZQ59	33.209	268	160	6	15	277	17	270	1.27e-34	124
Q8Z4G9	Q8ZQ59	29.897	97	63	1	228	324	155	246	8.20e-06	42.4
Q8Z4G9	Q8ZQ59	28.571	35	25	0	293	327	155	189	9.0	23.5
Q8Z4G9	D2TTX7	30.723	166	99	7	134	289	161	320	5.20e-07	47.0
Q8Z4G9	Q6IV70	30.357	56	37	1	19	74	592	645	0.033	31.6
Q8Z4G9	Q7BVH7	35.714	28	18	0	93	120	73	100	3.3	24.6
Q8Z7R1	Q55286	46.465	396	207	4	166	559	146	538	5.06e-116	350
Q8Z7R1	Q8VQB5	30.882	68	39	2	380	447	121	180	0.49	28.5
Q8Z7R1	Q5ZSD5	36.585	41	24	1	426	466	613	651	0.50	28.5
Q8Z7R1	Q5ZSD5	32.432	37	25	0	52	88	668	704	0.57	28.5
Q8Z7R1	Q45882	26.582	79	50	3	272	342	46	124	1.0	27.3
Q8Z7R1	Q5ZTB4	31.818	44	28	1	393	434	52	95	3.1	26.2
Q8ZMM8	Q57KZ6	98.286	350	6	0	1	350	1	350	0.0	699
Q8ZMM8	Q8ZQ59	33.585	265	163	6	15	277	17	270	5.36e-35	125
Q8ZMM8	Q8ZQ59	30.952	126	79	2	228	345	155	280	3.00e-06	43.9
Q8ZMM8	D2TTX7	30.469	128	81	3	152	279	201	320	1.90e-07	48.1
Q8ZMM8	D2TTX7	26.178	191	101	8	136	294	138	320	0.002	35.8
Q8ZMM8	D2TTX7	32.203	59	30	1	268	326	207	255	0.18	29.3
Q8ZMM8	D2TTX7	24.719	89	53	2	246	320	200	288	1.0	26.6
Q8ZMM8	Q8ZPD7	43.333	30	14	1	102	131	110	136	0.67	26.9
Q8ZMM8	Q6IV70	26.786	56	39	1	19	74	592	645	1.2	26.6
Q8ZNG2	Q8Z550	93.529	340	22	0	1	340	1	340	0.0	664
Q8ZNG2	NP_821048_1	27.848	79	53	1	186	260	161	239	1.2	26.2
Q8ZNG2	Q5QA92	25.455	55	40	1	243	296	134	188	2.6	25.4
Q8ZNG2	ABD44194_1	28.302	53	33	2	42	93	342	390	2.6	25.4
Q8ZNG2	Q5ZU60	25.000	108	65	4	47	143	122	224	2.9	25.0
Q8ZQQ2	D0ZVG2	39.136	787	368	18	1	765	1	698	1.36e-165	491
Q8ZQQ2	Q6XVT8	35.140	609	305	16	146	751	41	562	1.92e-102	323
Q8ZQQ2	P55456	37.708	480	269	9	282	754	86	542	1.47e-84	275
Q8ZQQ2	P55456	33.520	179	78	3	166	344	68	205	1.53e-16	79.0
Q8ZQQ2	ZP_03368310_1	35.889	287	161	5	7	273	10	293	3.93e-52	179
Q8ZQQ2	ZP_03368310_1	47.423	97	48	3	294	390	191	284	8.65e-15	71.2
Q8ZQQ2	ZP_03368310_1	45.556	90	46	3	288	377	206	292	6.75e-11	59.7
Q8ZQQ2	ZP_03368310_1	41.758	91	50	3	267	357	206	293	3.04e-09	54.3
Q8ZQQ2	ZP_03368310_1	43.038	79	43	2	326	404	202	278	4.65e-09	53.9
Q8ZQQ2	ZP_03368310_1	43.590	78	41	3	253	330	213	287	3.10e-08	51.2
Q8ZQQ2	ZP_03368310_1	40.000	40	24	0	372	411	206	245	0.026	32.7
Q8ZQQ2	NP_783660_1	36.039	308	157	11	113	410	19	296	1.35e-34	134
Q8ZQQ2	NP_783660_1	34.601	263	136	11	197	438	232	479	4.76e-20	89.7
Q8ZQQ2	NP_783660_1	32.639	144	74	5	197	321	352	491	6.95e-07	47.8
Q9KIB9	B5F5S8	96.203	316	12	0	1	316	1	316	0.0	634
Q9KIB9	YP_002040480_1	27.331	311	218	4	1	304	1	310	8.79e-30	111
Q9KIB9	Q9FD10	31.304	115	64	5	1	106	1	109	6.66e-04	36.6
Q9KIB9	Q326S7	26.277	137	87	5	174	299	51	184	0.003	33.9
Q9KIB9	ZP_03368310_1	31.746	63	27	2	1	53	1	57	0.005	33.5
Q9RPM6	Q7CQD4	69.620	237	72	0	1	237	1	237	4.12e-124	348
Q9RPM6	Q7P1B7	30.526	190	124	4	48	236	56	238	1.01e-22	89.0
Q9RPM6	A2S1Q7	40.244	82	48	1	102	182	106	187	1.51e-15	69.7
Q9RPM6	Q5X443	25.150	167	101	5	32	178	28	190	0.021	31.2
Q9RPM6	Q5ZRQ1	31.429	35	24	0	173	207	1120	1154	1.6	25.4
Q2T2K7	A1TMA4	67.123	146	47	1	1	146	1	145	6.83e-70	203
Q2T2K7	B1YTK4	36.036	111	55	5	46	145	20	125	4.76e-09	47.4
Q2T2K7	P55711	29.032	31	19	1	100	130	92	119	1.7	24.3
Q2T2K7	Q5ZWB9	33.333	36	20	1	95	130	82	113	2.5	23.9
Q2T2K7	O85094	27.083	48	34	1	2	48	20	67	3.3	22.7
Q93IS4	D4I0Q7	47.561	164	71	4	3	160	4	158	1.09e-45	143
Q93IS4	Q5ZS82	45.833	24	13	0	40	63	46	69	0.48	26.2
Q93IS4	Q5ZRQ1	31.034	29	20	0	5	33	111	139	1.5	24.6
Q93IS4	NP_819463_1	29.268	41	29	0	36	76	67	107	3.8	23.5
Q93IS4	P26831	22.936	109	69	3	17	121	367	464	4.6	23.1
A0FKE5	A6YCJ6	77.677	439	85	3	1	437	1	428	0.0	648
A0FKE5	A0FKE4	62.500	232	85	1	1	230	1	232	1.50e-80	254
A0FKE5	Q7BRY7	32.738	168	101	6	33	194	33	194	5.33e-13	63.9
A0FKE5	Q5PEA9	33.333	90	60	0	128	217	194	283	3.25e-09	54.7
A0FKE5	P15917	23.457	81	61	1	126	206	53	132	4.0	25.4
A1JU65	O68703	92.547	322	24	0	1	322	1	322	0.0	619
A1JU65	Q84H14	53.401	294	127	2	27	320	26	309	4.10e-114	328
A1JU65	A0KHZ7	37.288	59	29	3	257	307	2960	3018	8.02e-04	36.6
A1JU65	BAH47297_1	24.096	166	90	7	137	282	121	270	0.001	35.8
A1JU65	NP_642922_1	33.663	101	47	5	98	185	178	271	0.024	31.6
A1JU68	NP_783660_1	67.209	369	99	2	1	349	22	388	1.71e-152	436
A1JU68	NP_783660_1	64.336	286	98	2	82	367	245	526	5.26e-102	307
A1JU68	NP_783660_1	42.353	85	49	0	75	159	438	522	3.71e-11	59.7
A1JU68	D0ZVG2	37.778	270	142	9	30	294	153	401	3.45e-35	132
A1JU68	D0ZVG2	42.754	138	78	1	195	331	216	353	2.42e-22	94.4
A1JU68	D0ZVG2	36.264	91	56	2	260	348	200	290	3.35e-08	50.8
A1JU68	Q6XVT8	34.457	267	145	7	23	269	24	280	3.73e-29	114
A1JU68	Q6XVT8	41.985	131	76	0	207	337	83	213	4.45e-16	75.1
A1JU68	Q6XVT8	39.355	155	92	1	165	319	83	235	2.27e-14	69.7
A1JU68	Q6XVT8	38.750	80	49	0	267	346	83	162	4.22e-12	62.8
A1JU68	Q6XVT8	41.860	86	50	0	240	325	76	161	1.83e-09	54.7
A1JU68	Q6XVT8	33.333	72	48	0	278	349	74	145	1.23e-05	42.4
A1JU68	ZP_03368310_1	39.316	117	70	1	34	149	164	280	8.89e-18	78.6
A1JU68	ZP_03368310_1	47.561	82	42	1	220	300	206	287	1.54e-11	60.1
A1JU68	ZP_03368310_1	40.909	88	51	1	200	286	206	293	9.31e-09	51.6
A1JU68	ZP_03368310_1	36.905	84	52	1	260	342	206	289	1.00e-07	48.5
A1JU68	ZP_03368310_1	36.264	91	55	2	156	245	204	292	1.70e-06	44.7
A1JU68	ZP_03368310_1	34.286	70	45	1	280	348	206	275	4.47e-04	37.0
A1JU68	P55456	39.855	138	58	4	74	207	106	222	3.05e-13	66.2
A1JU68	P55456	36.719	128	55	4	153	278	103	206	2.39e-11	60.5
A1JU68	P55456	41.837	98	54	3	197	291	105	202	2.73e-11	60.1
A1JU68	P55456	39.623	106	59	4	129	232	101	203	1.76e-08	51.6
A1JU68	P55456	40.777	103	58	3	213	312	101	203	1.84e-08	51.2
A1JU68	P55456	37.349	83	50	2	253	333	101	183	9.47e-06	42.7
A1JU68	P55456	33.333	54	35	1	297	349	105	158	0.051	30.8
A1JU78	P0C2N4	99.180	122	1	0	1	122	1	122	5.46e-88	247
A1JU78	G0CIT6	32.558	43	29	0	13	55	561	603	1.1	24.3
A1JU78	Q5ZSD5	31.579	38	23	1	14	48	308	345	2.9	23.1
A1JU78	Q5ZSL3	28.571	56	37	2	65	117	271	326	4.8	22.3
A1JU78	G9L9K6	50.000	20	10	0	62	81	438	457	4.8	22.3
A1JUA6	Q27RI1	55.626	471	194	5	1	466	1	461	0.0	514
A1JUA6	Q5PEA9	31.683	202	122	7	252	451	340	527	1.10e-22	96.3
A1JUA6	P69978	43.038	79	40	1	51	129	42	115	2.08e-13	62.4
A1JUA6	ABY91230_2	21.569	102	69	2	42	143	2819	2909	0.74	27.7
A1JUA6	YP_096814_1	28.571	35	24	1	401	435	229	262	2.6	25.8
A1JUA9	Q7BRY7	94.521	219	12	0	1	219	1	219	3.70e-146	402
A1JUA9	A6YCJ6	30.270	185	111	5	20	194	20	196	1.42e-15	70.5
A1JUA9	A0FKE4	29.048	210	129	7	18	218	21	219	6.74e-15	68.6
A1JUA9	Q5PEA9	30.000	110	74	2	109	215	174	283	7.55e-12	59.7
A1JUA9	Q2TM57	39.286	28	17	0	145	172	197	224	0.45	26.9
A1JUC4	Q27RI0	66.529	729	242	2	1	729	1	727	0.0	996
A1JUC4	YP_127810_1	36.145	83	49	3	244	323	164	245	8.83e-06	44.3
A1JUC4	Q5ZZ03	30.097	103	58	6	235	329	222	318	1.19e-05	44.3
A1JUC4	Q5ZZ03	42.105	38	18	1	389	422	96	133	9.9	24.6
A1JUC4	Q5ZVF7	35.385	65	38	2	263	323	219	283	1.24e-05	43.9
A1JUC4	CAX11132_1	50.000	32	15	1	258	289	128	158	0.030	32.7
A1KWP2	A1KWQ2	78.733	442	64	3	1	413	1	441	0.0	686
A1KWP2	A1KWP5	76.522	345	54	1	96	413	1	345	0.0	528
A1KWP2	Q45716	29.825	57	38	1	192	248	685	739	0.083	30.8
A1KWP2	Q9Z8G9	23.636	110	54	3	331	410	79	188	5.6	24.3
A1KWP2	AAR21118_1	39.583	48	21	3	71	118	1205	1244	7.1	24.3
A1KWP3	A1KWQ2	78.507	442	65	3	1	413	1	441	0.0	687
A1KWP3	A1KWP5	75.652	345	57	1	96	413	1	345	0.0	520
A1KWP3	Q45716	27.119	59	41	1	190	248	683	739	0.13	30.0
A1KWP3	NP_820063_1	25.000	76	46	3	182	254	146	213	1.2	26.6
A1KWP3	NP_820552_1	35.000	20	13	0	329	348	71	90	5.0	24.6
A1KWP4	A1KWQ2	92.063	441	33	1	1	439	1	441	0.0	777
A1KWP4	A1KWP5	95.665	346	12	2	96	439	1	345	0.0	667
A1KWP4	Q45716	23.529	119	73	5	218	330	683	789	0.073	30.8
A1KWP4	I3QKE3	30.303	66	39	2	251	310	370	434	0.63	27.7
A1KWP4	ACJ20041_1	44.444	27	15	0	48	74	180	206	2.9	25.8
A1KWP6	A1KWQ2	88.209	441	50	1	1	439	1	441	0.0	746
A1KWP6	A1KWP5	95.665	346	12	2	96	439	1	345	0.0	668
A1KWP6	Q45716	23.529	119	73	5	218	330	683	789	0.076	30.8
A1KWP6	I3QKE3	30.303	66	39	2	251	310	370	434	0.61	27.7
A1KWP6	Q44445	25.758	66	42	1	208	266	52	117	9.7	23.9
A1KWP7	A1KWQ2	85.033	461	46	4	1	458	1	441	0.0	749
A1KWP7	A1KWP5	86.301	365	28	3	96	458	1	345	0.0	590
A1KWP7	I3QKE3	30.769	65	38	2	271	329	371	434	0.25	29.3
A1KWP7	Q45716	23.529	119	73	5	237	349	683	789	0.27	29.3
A1KWP7	NP_820359_1	27.027	111	75	4	102	210	59	165	2.1	26.2
A1KWP8	A1KWQ2	83.871	465	48	4	1	462	1	441	0.0	744
A1KWP8	A1KWP5	84.824	369	30	3	96	462	1	345	0.0	586
A1KWP8	Q45716	23.529	119	73	5	241	353	683	789	0.25	29.3
A1KWP8	I3QKE3	29.231	65	39	2	275	333	371	434	0.89	27.3
A1KWP8	ACJ20041_1	44.444	27	15	0	48	74	180	206	3.4	25.4
A1KWP9	A1KWQ2	83.447	441	46	1	1	414	1	441	0.0	723
A1KWP9	A1KWP5	79.710	345	42	2	97	414	2	345	0.0	535
A1KWP9	NP_820063_1	31.373	51	34	1	183	233	146	195	2.6	25.8
A1KWP9	Q44445	27.273	66	41	1	181	239	52	117	3.7	25.4
A1KWP9	P26831	28.689	122	65	5	233	348	278	383	3.9	25.4
A1KWQ0	A1KWQ2	88.209	441	51	1	1	440	1	441	0.0	748
A1KWQ0	A1KWP5	91.594	345	29	0	96	440	1	345	0.0	596
A1KWQ0	I3QKE3	31.373	51	29	1	251	295	371	421	2.2	26.2
A1KWQ0	NP_819427_1	46.154	26	11	1	227	252	127	149	4.8	25.0
A1KWQ0	NP_820063_1	24.658	73	50	2	209	281	146	213	4.8	25.0
A1KWQ0	NP_820063_1	39.130	23	14	0	38	60	438	460	6.4	24.6
A1KWQ1	A1KWQ2	88.662	441	49	1	1	440	1	441	0.0	754
A1KWQ1	A1KWP5	91.304	345	30	0	96	440	1	345	0.0	592
A1KWQ1	NP_820552_1	22.222	63	37	3	356	406	71	133	1.4	26.6
A1KWQ1	I3QKE3	31.373	51	29	1	251	295	371	421	2.4	25.8
A1KWQ1	Q60236	56.250	16	7	0	32	47	141	156	4.7	24.6
A1KWQ3	A1KWQ2	81.859	441	52	2	1	413	1	441	0.0	705
A1KWQ3	A1KWP5	79.130	345	45	1	96	413	1	345	0.0	536
A1KWQ3	Q93KQ5	30.851	94	38	5	27	97	146	235	0.52	27.7
A1KWQ3	NP_820063_1	26.027	73	49	2	182	254	146	213	1.5	26.6
A1KWQ3	NP_820063_1	36.111	36	14	1	34	60	425	460	8.1	24.3
A1KWQ3	Q44445	27.273	66	41	1	180	238	52	117	3.8	25.0
A1KWQ4	A1KWQ2	86.199	442	60	1	1	442	1	441	0.0	737
A1KWQ4	A1KWP5	90.202	347	32	2	96	442	1	345	0.0	590
A1KWQ4	I3QKE3	31.746	63	36	2	253	309	371	432	0.39	28.5
A1KWQ4	M9ZTT7	53.333	15	7	0	420	434	1571	1585	6.4	24.6
A1KWQ4	Q44445	25.758	66	42	1	209	267	52	117	9.9	23.9
A2A0W5	BAF45424_1	100.000	337	0	0	1	337	1	337	0.0	650
A2A0W5	A2A0X5	70.437	389	61	2	1	335	1	389	1.73e-171	479
A2A0W5	A2A0X5	94.961	258	13	0	80	337	181	438	6.90e-160	450
A2A0W5	A4PDU9	67.662	201	58	1	1	194	1	201	5.21e-86	254
A2A0W5	A4PDU9	95.968	124	5	0	214	337	80	203	1.54e-80	240
A2A0W5	A4PDU9	91.803	122	10	0	167	288	80	201	2.94e-75	226
A2A0W5	YP_003080462_1	32.624	282	103	12	1	235	1	242	6.38e-25	97.1
A2A0W5	YP_003080462_1	34.375	192	54	9	171	329	90	242	2.66e-14	67.4
A2A0W5	O84883	20.833	48	38	0	224	271	417	464	0.99	26.6
A2A0W5	O84883	20.833	48	38	0	177	224	417	464	1.8	25.8
A2A0W7	BAF45424_1	98.507	335	5	0	1	335	1	335	0.0	636
A2A0W7	A2A0X5	82.519	389	61	1	1	382	1	389	0.0	565
A2A0W7	A4PDU9	67.662	201	58	1	1	194	1	201	2.32e-85	254
A2A0W7	A4PDU9	95.161	124	6	0	261	384	80	203	1.42e-78	236
A2A0W7	A4PDU9	91.803	122	10	0	214	335	80	201	1.46e-74	226
A2A0W7	A4PDU9	90.984	122	11	0	167	288	80	201	2.40e-73	223
A2A0W7	YP_003080462_1	32.624	282	103	12	1	235	1	242	2.64e-24	96.3
A2A0W7	YP_003080462_1	35.484	186	60	9	218	376	90	242	5.99e-12	60.8
A2A0W7	O84883	20.833	48	38	0	271	318	417	464	0.73	27.3
A2A0W7	O84883	20.833	48	38	0	224	271	417	464	1.2	26.6
A2A0W7	O84883	20.833	48	38	0	177	224	417	464	2.2	25.8
A2A0X2	A2A0X5	97.288	295	8	0	1	295	1	295	0.0	563
A2A0X2	A2A0X5	96.330	218	8	0	80	297	221	438	8.16e-146	413
A2A0X2	A2A0X5	94.907	216	11	0	80	295	174	389	1.15e-142	405
A2A0X2	BAF45424_1	72.404	337	53	2	1	297	1	337	8.97e-136	384
A2A0X2	A4PDU9	92.040	201	16	0	1	201	1	201	9.81e-124	348
A2A0X2	A4PDU9	95.968	124	5	0	174	297	80	203	5.95e-82	242
A2A0X2	YP_003080462_1	33.096	281	110	11	1	242	1	242	3.52e-22	89.0
A2A0X2	YP_003080462_1	33.854	192	55	9	131	289	90	242	5.45e-14	65.9
A2A0X2	O84883	20.833	48	38	0	137	184	417	464	0.94	26.6
A2A0X2	O84883	20.833	48	38	0	184	231	417	464	0.94	26.6
A2A0X2	O84883	20.833	48	38	0	231	278	417	464	0.94	26.6
A2A0X2	O84883	21.429	70	46	1	77	137	395	464	1.3	26.2
A2A0X3	A2A0X5	97.984	248	5	0	1	248	1	248	3.38e-173	480
A2A0X3	A2A0X5	97.076	171	5	0	80	250	268	438	4.21e-114	330
A2A0X3	A2A0X5	95.266	169	8	0	80	248	174	342	5.36e-111	322
A2A0X3	A2A0X5	95.266	169	8	0	80	248	221	389	5.36e-111	322
A2A0X3	A4PDU9	92.537	201	15	0	1	201	1	201	3.32e-126	352
A2A0X3	BAF45424_1	58.457	337	53	4	1	250	1	337	1.19e-105	305
A2A0X3	YP_003080462_1	32.740	281	111	11	1	242	1	242	4.39e-22	87.4
A2A0X3	O84883	21.429	70	46	1	77	137	395	464	0.61	26.9
A2A0X3	O84883	20.833	48	38	0	137	184	417	464	0.78	26.6
A2A0X3	O84883	20.833	48	38	0	184	231	417	464	0.78	26.6
A2A0X8	A2A0X5	96.774	248	8	0	1	248	1	248	2.59e-170	473
A2A0X8	A2A0X5	94.737	171	9	0	80	250	268	438	3.52e-110	320
A2A0X8	A2A0X5	92.899	169	12	0	80	248	174	342	4.41e-107	312
A2A0X8	A2A0X5	92.899	169	12	0	80	248	221	389	4.41e-107	312
A2A0X8	A4PDU9	92.537	201	15	0	1	201	1	201	2.66e-125	350
A2A0X8	BAF45424_1	95.906	171	7	0	80	250	167	337	7.21e-104	300
A2A0X8	BAF45424_1	63.230	291	53	2	1	244	1	284	1.95e-90	266
A2A0X8	YP_003080462_1	33.452	281	109	11	1	242	1	242	1.53e-24	94.0
A2A0X8	O84883	21.429	70	46	1	77	137	395	464	0.62	26.9
A2A0X8	O84883	20.833	48	38	0	137	184	417	464	1.1	25.8
A2A0Y3	A2A0X5	96.774	248	8	0	1	248	1	248	2.59e-170	473
A2A0Y3	A2A0X5	94.737	171	9	0	80	250	268	438	3.52e-110	320
A2A0Y3	A2A0X5	92.899	169	12	0	80	248	174	342	4.41e-107	312
A2A0Y3	A2A0X5	92.899	169	12	0	80	248	221	389	4.41e-107	312
A2A0Y3	A4PDU9	92.537	201	15	0	1	201	1	201	2.66e-125	350
A2A0Y3	BAF45424_1	95.906	171	7	0	80	250	167	337	7.21e-104	300
A2A0Y3	BAF45424_1	63.230	291	53	2	1	244	1	284	1.95e-90	266
A2A0Y3	YP_003080462_1	33.452	281	109	11	1	242	1	242	1.53e-24	94.0
A2A0Y3	O84883	21.429	70	46	1	77	137	395	464	0.62	26.9
A2A0Y3	O84883	20.833	48	38	0	137	184	417	464	1.1	25.8
A2A0Y6	A2A0X5	80.117	342	21	1	1	295	1	342	1.82e-175	488
A2A0Y6	A2A0X5	92.593	216	16	0	80	295	174	389	5.76e-142	403
A2A0Y6	A2A0X5	94.037	218	13	0	80	297	221	438	8.10e-134	382
A2A0Y6	BAF45424_1	71.217	337	57	2	1	297	1	337	5.31e-136	384
A2A0Y6	A4PDU9	87.562	201	25	0	1	201	1	201	2.09e-120	339
A2A0Y6	A4PDU9	94.355	124	7	0	174	297	80	203	3.88e-81	240
A2A0Y6	YP_003080462_1	30.961	281	116	11	1	242	1	242	4.20e-20	83.2
A2A0Y6	YP_003080462_1	33.854	192	55	9	131	289	90	242	9.54e-14	65.5
A2A0Y6	O84883	22.857	70	45	1	77	137	395	464	0.41	27.7
A2A0Y6	O84883	22.917	48	37	0	184	231	417	464	0.42	27.7
A2A0Y6	O84883	20.833	48	38	0	137	184	417	464	0.73	26.9
A2A0Y6	O84883	20.833	48	38	0	231	278	417	464	0.73	26.9
A2A0Z2	A2A0X5	96.774	248	8	0	1	248	1	248	2.59e-170	473
A2A0Z2	A2A0X5	94.737	171	9	0	80	250	268	438	3.52e-110	320
A2A0Z2	A2A0X5	92.899	169	12	0	80	248	174	342	4.41e-107	312
A2A0Z2	A2A0X5	92.899	169	12	0	80	248	221	389	4.41e-107	312
A2A0Z2	A4PDU9	92.537	201	15	0	1	201	1	201	2.66e-125	350
A2A0Z2	BAF45424_1	95.906	171	7	0	80	250	167	337	7.21e-104	300
A2A0Z2	BAF45424_1	63.230	291	53	2	1	244	1	284	1.95e-90	266
A2A0Z2	YP_003080462_1	33.452	281	109	11	1	242	1	242	1.53e-24	94.0
A2A0Z2	O84883	21.429	70	46	1	77	137	395	464	0.62	26.9
A2A0Z2	O84883	20.833	48	38	0	137	184	417	464	1.1	25.8
A2A0Z4	A2A0X5	81.287	342	17	1	1	295	1	342	3.35e-177	492
A2A0Z4	A2A0X5	94.444	216	12	0	80	295	174	389	1.20e-143	407
A2A0Z4	A2A0X5	95.872	218	9	0	80	297	221	438	1.71e-135	387
A2A0Z4	BAF45424_1	72.404	337	53	2	1	297	1	337	5.94e-138	389
A2A0Z4	A4PDU9	88.060	201	24	0	1	201	1	201	1.39e-120	340
A2A0Z4	A4PDU9	96.774	124	4	0	174	297	80	203	9.75e-83	244
A2A0Z4	YP_003080462_1	30.961	281	116	11	1	242	1	242	3.40e-20	83.6
A2A0Z4	YP_003080462_1	33.854	192	55	9	131	289	90	242	4.32e-14	66.2
A2A0Z4	O84883	21.429	70	46	1	77	137	395	464	0.63	26.9
A2A0Z4	O84883	20.833	48	38	0	137	184	417	464	0.65	26.9
A2A0Z4	O84883	20.833	48	38	0	184	231	417	464	0.65	26.9
A2A0Z4	O84883	20.833	48	38	0	231	278	417	464	0.91	26.6
A2A0Z6	A2A0X5	78.644	295	16	1	1	248	1	295	2.44e-143	404
A2A0Z6	A2A0X5	93.491	169	11	0	80	248	174	342	5.62e-110	320
A2A0Z6	A2A0X5	93.491	169	11	0	80	248	221	389	5.62e-110	320
A2A0Z6	A2A0X5	95.322	171	8	0	80	250	268	438	1.92e-101	298
A2A0Z6	A4PDU9	88.557	201	23	0	1	201	1	201	1.40e-122	343
A2A0Z6	BAF45424_1	58.457	337	53	4	1	250	1	337	4.63e-107	308
A2A0Z6	YP_003080462_1	30.961	281	116	11	1	242	1	242	5.71e-21	84.3
A2A0Z6	O84883	20.833	48	38	0	137	184	417	464	0.51	26.9
A2A0Z6	O84883	21.429	70	46	1	77	137	395	464	0.53	26.9
A2A0Z6	O84883	20.833	48	38	0	184	231	417	464	0.71	26.6
A2S1Q0	P18011	29.950	601	376	11	25	619	19	580	5.79e-54	189
A2S1Q0	D2TZ34	26.273	373	226	9	70	414	70	421	1.25e-19	88.6
A2S1Q0	Q7DB81	29.762	84	51	3	297	375	127	207	7.54e-04	37.7
A2S1Q0	O84951	39.583	48	23	2	335	379	62	106	0.99	27.3
A2S1Q0	Q5ZWE8	37.143	35	17	2	348	382	158	187	1.0	27.3
A2S1Q1	Q3JL24	99.761	419	1	0	1	419	1	419	0.0	821
A2S1Q1	YP_096471_1	31.148	61	36	2	282	340	513	569	1.8	26.2
A2S1Q1	A0A656JXQ0	30.612	49	34	0	279	327	100	148	3.5	25.0
A2S1Q1	C8BNW8	27.273	77	45	2	251	327	99	164	3.6	25.4
A2S1Q1	Q63K38	42.105	38	22	0	132	169	265	302	4.5	25.0
A3MCG8	P18011	29.950	601	376	11	25	619	19	580	5.79e-54	189
A3MCG8	D2TZ34	26.273	373	226	9	70	414	70	421	1.25e-19	88.6
A3MCG8	Q7DB81	29.762	84	51	3	297	375	127	207	7.54e-04	37.7
A3MCG8	O84951	39.583	48	23	2	335	379	62	106	0.99	27.3
A3MCG8	Q5ZWE8	37.143	35	17	2	348	382	158	187	1.0	27.3
A3MCG9	Q3JL24	99.761	419	1	0	1	419	1	419	0.0	821
A3MCG9	YP_096471_1	31.148	61	36	2	282	340	513	569	1.8	26.2
A3MCG9	A0A656JXQ0	30.612	49	34	0	279	327	100	148	3.5	25.0
A3MCG9	C8BNW8	27.273	77	45	2	251	327	99	164	3.6	25.4
A3MCG9	Q63K38	42.105	38	22	0	132	169	265	302	4.5	25.0
A3N464	A1TMA4	67.123	146	47	1	1	146	1	145	3.86e-70	204
A3N464	B1YTK4	36.036	111	55	5	46	145	20	125	4.43e-09	47.4
A3N464	P55711	29.032	31	19	1	100	130	92	119	1.9	24.3
A3N464	Q5ZWB9	33.333	36	20	1	95	130	82	113	2.5	23.9
A3N464	YP_096399_1	34.483	29	19	0	87	115	331	359	6.8	22.3
A3NLD4	Q3JL24	99.523	419	2	0	1	419	1	419	0.0	820
A3NLD4	YP_096471_1	31.148	61	36	2	282	340	513	569	1.8	26.2
A3NLD4	A0A656JXQ0	30.612	49	34	0	279	327	100	148	3.5	25.0
A3NLD4	C8BNW8	27.273	77	45	2	251	327	99	164	3.7	25.4
A3NLD4	Q63K38	42.105	38	22	0	132	169	265	302	4.5	25.0
A3NLD5	P18011	29.950	601	376	10	25	619	19	580	8.22e-54	189
A3NLD5	D2TZ34	26.273	373	226	9	70	414	70	421	1.18e-19	88.6
A3NLD5	Q7DB81	29.762	84	51	3	297	375	127	207	7.22e-04	37.7
A3NLD5	O84951	39.583	48	23	2	335	379	62	106	0.97	27.3
A3NLD5	Q5ZWE8	37.143	35	17	2	348	382	158	187	0.98	27.7
A3P6Z6	Q3JL24	99.523	419	2	0	1	419	1	419	0.0	818
A3P6Z6	YP_096471_1	31.148	61	36	2	282	340	513	569	1.8	26.2
A3P6Z6	A0A656JXQ0	30.612	49	34	0	279	327	100	148	3.4	25.0
A3P6Z6	C8BNW8	27.273	77	45	2	251	327	99	164	3.6	25.4
A3P6Z6	Q63K38	42.105	38	22	0	132	169	265	302	4.3	25.0
A3P6Z7	P18011	29.950	601	376	11	25	619	19	580	3.96e-54	190
A3P6Z7	D2TZ34	26.273	373	226	9	70	414	70	421	1.63e-19	88.2
A3P6Z7	Q7DB81	29.762	84	51	3	297	375	127	207	7.61e-04	37.4
A3P6Z7	YP_004159284_1	34.615	78	32	4	127	204	148	206	0.39	28.5
A3P6Z7	O84951	39.583	48	23	2	335	379	62	106	0.94	27.3
A4PCI6	A2A0X5	81.287	342	17	1	1	295	1	342	3.35e-177	492
A4PCI6	A2A0X5	94.444	216	12	0	80	295	174	389	1.20e-143	407
A4PCI6	A2A0X5	95.872	218	9	0	80	297	221	438	1.71e-135	387
A4PCI6	BAF45424_1	71.810	337	55	2	1	297	1	337	1.05e-136	386
A4PCI6	A4PDU9	88.557	201	23	0	1	201	1	201	2.66e-121	342
A4PCI6	A4PDU9	95.968	124	5	0	174	297	80	203	5.05e-82	242
A4PCI6	YP_003080462_1	30.961	281	116	11	1	242	1	242	3.40e-20	83.6
A4PCI6	YP_003080462_1	33.854	192	55	9	131	289	90	242	4.32e-14	66.2
A4PCI6	O84883	21.429	70	46	1	77	137	395	464	0.63	26.9
A4PCI6	O84883	20.833	48	38	0	184	231	417	464	0.65	26.9
A4PCI6	O84883	20.833	48	38	0	231	278	417	464	0.65	26.9
A4PCI6	O84883	20.833	48	38	0	137	184	417	464	0.91	26.6
A4PCI7	A2A0X5	83.033	389	19	1	1	342	1	389	0.0	579
A4PCI7	A2A0X5	95.849	265	11	0	80	344	174	438	5.35e-169	474
A4PCI7	BAF45424_1	81.395	344	57	1	1	344	1	337	5.05e-163	454
A4PCI7	A4PDU9	88.060	201	24	0	1	201	1	201	2.04e-119	339
A4PCI7	A4PDU9	95.968	124	5	0	221	344	80	203	7.54e-81	241
A4PCI7	A4PDU9	91.803	122	10	0	174	295	80	201	4.58e-76	229
A4PCI7	YP_003080462_1	30.961	281	116	11	1	242	1	242	1.63e-19	82.4
A4PCI7	YP_003080462_1	33.854	192	55	9	178	336	90	242	1.76e-13	65.1
A4PCI7	YP_003080462_1	33.854	192	55	9	131	289	90	242	2.43e-13	64.7
A4PCI7	O84883	21.429	70	46	1	77	137	395	464	0.78	26.9
A4PCI7	O84883	20.833	48	38	0	137	184	417	464	0.83	26.9
A4PCI7	O84883	20.833	48	38	0	184	231	417	464	0.83	26.9
A4PCI7	O84883	20.833	48	38	0	231	278	417	464	0.83	26.9
A4PCI7	O84883	20.833	48	38	0	278	325	417	464	0.83	26.9
A4PDT6	A2A0X5	98.394	436	7	0	1	436	1	436	0.0	829
A4PDT6	BAF45424_1	80.409	342	60	1	1	342	1	335	1.92e-155	441
A4PDT6	BAF45424_1	94.961	258	13	0	228	485	80	337	1.66e-142	408
A4PDT6	BAF45424_1	94.141	256	15	0	181	436	80	335	4.23e-139	399
A4PDT6	A4PDU9	92.537	201	15	0	1	201	1	201	1.55e-121	350
A4PDT6	A4PDU9	95.161	124	6	0	362	485	80	203	1.51e-77	237
A4PDT6	A4PDU9	92.623	122	9	0	221	342	80	201	1.75e-74	229
A4PDT6	A4PDU9	92.623	122	9	0	268	389	80	201	1.75e-74	229
A4PDT6	A4PDU9	92.623	122	9	0	315	436	80	201	1.75e-74	229
A4PDT6	A4PDU9	91.803	122	10	0	174	295	80	201	1.50e-73	227
A4PDT6	YP_003080462_1	34.545	275	114	11	1	242	1	242	2.59e-20	85.9
A4PDT6	YP_003080462_1	35.450	189	56	9	131	289	90	242	5.47e-14	67.4
A4PDT6	YP_003080462_1	36.022	186	59	9	272	430	90	242	6.44e-13	64.3
A4PDT6	YP_003080462_1	36.022	186	59	9	319	477	90	242	1.15e-12	63.5
A4PDT6	O84883	21.429	70	46	1	77	137	395	464	1.1	27.3
A4PDT6	O84883	20.833	48	38	0	231	278	417	464	1.7	26.6
A4PDT6	O84883	20.833	48	38	0	278	325	417	464	1.7	26.6
A4PDT6	O84883	20.833	48	38	0	325	372	417	464	1.7	26.6
A4PDT6	O84883	20.833	48	38	0	184	231	417	464	2.4	26.2
A4PDT7	A2A0X5	96.020	201	8	0	1	201	1	201	8.10e-137	386
A4PDT7	A2A0X5	94.355	124	7	0	80	203	315	438	4.88e-79	238
A4PDT7	A2A0X5	90.164	122	12	0	80	201	174	295	9.22e-74	225
A4PDT7	A2A0X5	90.164	122	12	0	80	201	221	342	9.22e-74	225
A4PDT7	A2A0X5	90.164	122	12	0	80	201	268	389	9.22e-74	225
A4PDT7	A4PDU9	93.596	203	13	0	1	203	1	203	3.11e-130	360
A4PDT7	BAF45424_1	93.548	124	8	0	80	203	214	337	1.21e-80	239
A4PDT7	BAF45424_1	67.662	201	58	1	1	201	1	194	3.51e-62	192
A4PDT7	YP_003080462_1	34.222	225	94	8	1	195	1	201	8.82e-21	82.8
A4PDT7	O84883	21.429	70	46	1	77	137	395	464	0.58	26.6
A4PDT8	A2A0X5	81.579	342	16	1	1	295	1	342	1.38e-177	493
A4PDT8	A2A0X5	94.907	216	11	0	80	295	174	389	5.22e-144	408
A4PDT8	A2A0X5	96.330	218	8	0	80	297	221	438	7.21e-136	387
A4PDT8	BAF45424_1	72.700	337	52	2	1	297	1	337	2.59e-138	390
A4PDT8	A4PDU9	88.557	201	23	0	1	201	1	201	4.22e-121	341
A4PDT8	A4PDU9	96.774	124	4	0	174	297	80	203	1.09e-82	244
A4PDT8	YP_003080462_1	31.317	281	115	11	1	242	1	242	8.04e-21	85.1
A4PDT8	YP_003080462_1	33.854	192	55	9	131	289	90	242	4.16e-14	66.2
A4PDT8	O84883	21.429	70	46	1	77	137	395	464	0.48	27.3
A4PDT8	O84883	20.833	48	38	0	137	184	417	464	0.65	26.9
A4PDT8	O84883	20.833	48	38	0	184	231	417	464	0.65	26.9
A4PDT8	O84883	20.833	48	38	0	231	278	417	464	0.91	26.6
A4PDT9	A2A0X5	98.201	389	7	0	1	389	1	389	0.0	745
A4PDT9	BAF45424_1	79.825	342	62	1	1	342	1	335	9.52e-157	441
A4PDT9	A4PDU9	93.035	201	14	0	1	201	1	201	1.84e-123	351
A4PDT9	A4PDU9	95.968	124	5	0	268	391	80	203	6.59e-80	240
A4PDT9	A4PDU9	93.443	122	8	0	221	342	80	201	2.27e-76	231
A4PDT9	A4PDU9	91.803	122	10	0	174	295	80	201	3.71e-75	228
A4PDT9	YP_003080462_1	32.740	281	111	11	1	242	1	242	2.43e-20	85.1
A4PDT9	YP_003080462_1	33.854	192	55	9	131	289	90	242	2.87e-13	64.7
A4PDT9	YP_003080462_1	33.854	192	55	9	178	336	90	242	2.87e-13	64.7
A4PDT9	YP_003080462_1	33.854	192	55	9	225	383	90	242	2.87e-13	64.7
A4PDT9	O84883	21.429	70	46	1	77	137	395	464	0.66	27.3
A4PDT9	O84883	20.833	48	38	0	231	278	417	464	0.99	26.9
A4PDT9	O84883	20.833	48	38	0	137	184	417	464	1.4	26.6
A4PDT9	O84883	20.833	48	38	0	184	231	417	464	1.4	26.6
A4PDT9	O84883	20.833	48	38	0	278	325	417	464	1.4	26.6
A4PDU1	A2A0X5	98.305	295	5	0	1	295	1	295	0.0	570
A4PDU1	A2A0X5	97.706	218	5	0	80	297	221	438	2.06e-148	419
A4PDU1	A2A0X5	96.296	216	8	0	80	295	174	389	2.86e-145	411
A4PDU1	BAF45424_1	72.107	337	54	2	1	297	1	337	3.47e-136	384
A4PDU1	A4PDU9	92.537	201	15	0	1	201	1	201	5.22e-125	351
A4PDU1	A4PDU9	95.968	124	5	0	174	297	80	203	5.39e-82	242
A4PDU1	YP_003080462_1	32.740	281	111	11	1	242	1	242	1.93e-21	87.0
A4PDU1	YP_003080462_1	33.854	192	55	9	131	289	90	242	4.20e-14	66.2
A4PDU1	O84883	21.429	70	46	1	77	137	395	464	0.67	26.9
A4PDU1	O84883	20.833	48	38	0	137	184	417	464	0.92	26.6
A4PDU1	O84883	20.833	48	38	0	184	231	417	464	0.92	26.6
A4PDU1	O84883	20.833	48	38	0	231	278	417	464	0.92	26.6
A4PDU2	A2A0X5	95.413	436	20	0	1	436	1	436	0.0	720
A4PDU2	BAF45424_1	80.117	342	61	1	1	342	1	335	3.17e-156	443
A4PDU2	BAF45424_1	95.349	258	12	0	228	485	80	337	1.14e-143	411
A4PDU2	BAF45424_1	93.359	256	17	0	181	436	80	335	1.11e-138	398
A4PDU2	A4PDU9	89.055	201	22	0	1	201	1	201	2.95e-118	341
A4PDU2	A4PDU9	96.774	124	4	0	362	485	80	203	3.69e-79	241
A4PDU2	A4PDU9	92.623	122	9	0	174	295	80	201	1.91e-74	229
A4PDU2	A4PDU9	92.623	122	9	0	221	342	80	201	1.91e-74	229
A4PDU2	A4PDU9	92.623	122	9	0	315	436	80	201	1.91e-74	229
A4PDU2	A4PDU9	90.984	122	11	0	268	389	80	201	3.08e-73	226
A4PDU2	YP_003080462_1	32.727	275	119	11	1	242	1	242	1.83e-19	83.6
A4PDU2	YP_003080462_1	36.022	186	59	9	131	289	90	242	7.91e-13	63.9
A4PDU2	YP_003080462_1	36.022	186	59	9	272	430	90	242	7.91e-13	63.9
A4PDU2	YP_003080462_1	36.022	186	59	9	319	477	90	242	7.91e-13	63.9
A4PDU2	O84883	21.429	70	46	1	77	137	395	464	0.78	27.7
A4PDU2	O84883	20.833	48	38	0	184	231	417	464	1.2	26.9
A4PDU2	O84883	20.833	48	38	0	231	278	417	464	1.2	26.9
A4PDU2	O84883	20.833	48	38	0	325	372	417	464	1.2	26.9
A4PDU2	O84883	20.833	48	38	0	372	419	417	464	1.2	26.9
A4PDU2	O84883	20.833	48	38	0	137	184	417	464	1.7	26.6
A4PDU2	O84883	20.833	48	38	0	278	325	417	464	1.7	26.6
A4PDU3	A2A0X5	97.953	342	7	0	1	342	1	342	0.0	656
A4PDU3	A2A0X5	97.358	265	7	0	80	344	174	438	0.0	505
A4PDU3	BAF45424_1	81.105	344	58	1	1	344	1	337	4.31e-162	452
A4PDU3	A4PDU9	93.035	201	14	0	1	201	1	201	1.93e-124	352
A4PDU3	A4PDU9	95.161	124	6	0	221	344	80	203	3.53e-80	239
A4PDU3	A4PDU9	91.803	122	10	0	174	295	80	201	4.11e-76	229
A4PDU3	YP_003080462_1	33.096	281	110	11	1	242	1	242	1.55e-21	87.8
A4PDU3	YP_003080462_1	34.375	192	54	9	178	336	90	242	2.39e-14	67.4
A4PDU3	O84883	21.429	70	46	1	77	137	395	464	0.57	27.3
A4PDU3	O84883	20.833	48	38	0	137	184	417	464	1.2	26.6
A4PDU3	O84883	20.833	48	38	0	184	231	417	464	1.2	26.6
A4PDU3	O84883	20.833	48	38	0	231	278	417	464	1.4	26.2
A4PDU4	A2A0X5	94.444	342	19	0	1	342	1	342	0.0	566
A4PDU4	A2A0X5	95.472	265	12	0	80	344	174	438	1.36e-166	468
A4PDU4	BAF45424_1	82.267	344	54	1	1	344	1	337	7.90e-163	454
A4PDU4	A4PDU9	87.562	201	25	0	1	201	1	201	4.85e-118	335
A4PDU4	A4PDU9	95.161	124	6	0	221	344	80	203	3.77e-80	239
A4PDU4	A4PDU9	90.984	122	11	0	174	295	80	201	4.11e-75	226
A4PDU4	YP_003080462_1	32.028	281	113	11	1	242	1	242	6.35e-22	89.0
A4PDU4	YP_003080462_1	34.896	192	53	9	131	289	90	242	1.51e-15	70.9
A4PDU4	YP_003080462_1	34.375	192	54	9	178	336	90	242	1.38e-14	68.2
A4PDU4	O84883	20.833	48	38	0	278	325	417	464	0.78	26.9
A4PDU4	O84883	20.833	48	38	0	231	278	417	464	1.1	26.6
A4PDU4	O84883	20.833	48	38	0	184	231	417	464	1.5	26.2
A4PDU5	A2A0X5	95.116	389	19	0	1	389	1	389	0.0	655
A4PDU5	A2A0X5	93.916	263	16	0	80	342	174	436	2.60e-160	454
A4PDU5	BAF45424_1	80.409	342	60	1	1	342	1	335	2.33e-156	439
A4PDU5	A4PDU9	88.060	201	24	0	1	201	1	201	7.65e-118	337
A4PDU5	A4PDU9	95.968	124	5	0	268	391	80	203	6.38e-80	240
A4PDU5	A4PDU9	92.623	122	9	0	221	342	80	201	1.92e-75	229
A4PDU5	A4PDU9	90.164	122	12	0	174	295	80	201	2.87e-73	223
A4PDU5	YP_003080462_1	32.028	281	113	11	1	242	1	242	2.27e-21	88.2
A4PDU5	YP_003080462_1	34.896	192	53	9	178	336	90	242	3.07e-15	70.5
A4PDU5	YP_003080462_1	34.375	192	54	9	225	383	90	242	3.91e-14	67.4
A4PDU5	O84883	20.833	48	38	0	278	325	417	464	1.3	26.6
A4PDU5	O84883	20.833	48	38	0	231	278	417	464	1.3	26.6
A4PDU6	A2A0X5	94.444	342	19	0	1	342	1	342	0.0	566
A4PDU6	A2A0X5	95.472	265	12	0	80	344	174	438	1.36e-166	468
A4PDU6	BAF45424_1	82.267	344	54	1	1	344	1	337	7.90e-163	454
A4PDU6	A4PDU9	87.562	201	25	0	1	201	1	201	4.85e-118	335
A4PDU6	A4PDU9	95.161	124	6	0	221	344	80	203	3.77e-80	239
A4PDU6	A4PDU9	90.984	122	11	0	174	295	80	201	4.11e-75	226
A4PDU6	YP_003080462_1	32.028	281	113	11	1	242	1	242	6.35e-22	89.0
A4PDU6	YP_003080462_1	34.896	192	53	9	131	289	90	242	1.51e-15	70.9
A4PDU6	YP_003080462_1	34.375	192	54	9	178	336	90	242	1.38e-14	68.2
A4PDU6	O84883	20.833	48	38	0	278	325	417	464	0.78	26.9
A4PDU6	O84883	20.833	48	38	0	231	278	417	464	1.1	26.6
A4PDU6	O84883	20.833	48	38	0	184	231	417	464	1.5	26.2
A4PDU7	A2A0X5	81.579	342	16	1	1	295	1	342	1.76e-177	493
A4PDU7	A2A0X5	94.907	216	11	0	80	295	174	389	5.70e-144	408
A4PDU7	A2A0X5	96.330	218	8	0	80	297	221	438	7.95e-136	387
A4PDU7	BAF45424_1	72.404	337	53	2	1	297	1	337	4.42e-138	389
A4PDU7	A4PDU9	88.557	201	23	0	1	201	1	201	4.81e-121	341
A4PDU7	A4PDU9	96.774	124	4	0	174	297	80	203	1.06e-82	244
A4PDU7	YP_003080462_1	31.673	281	114	11	1	242	1	242	4.26e-21	85.9
A4PDU7	YP_003080462_1	33.854	192	55	9	131	289	90	242	4.04e-14	66.2
A4PDU7	O84883	21.429	70	46	1	77	137	395	464	0.48	27.3
A4PDU7	O84883	20.833	48	38	0	137	184	417	464	0.66	26.9
A4PDU7	O84883	20.833	48	38	0	184	231	417	464	0.66	26.9
A4PDU7	O84883	20.833	48	38	0	231	278	417	464	0.92	26.6
A4PDU8	A2A0X5	83.548	389	17	1	1	342	1	389	0.0	582
A4PDU8	A2A0X5	96.604	265	9	0	80	344	174	438	2.71e-170	477
A4PDU8	BAF45424_1	81.977	344	55	1	1	344	1	337	1.85e-164	458
A4PDU8	A4PDU9	88.060	201	24	0	1	201	1	201	2.51e-119	338
A4PDU8	A4PDU9	95.968	124	5	0	221	344	80	203	5.32e-81	241
A4PDU8	A4PDU9	93.443	122	8	0	174	295	80	201	1.95e-77	232
A4PDU8	YP_003080462_1	30.961	281	116	11	1	242	1	242	1.07e-19	82.8
A4PDU8	YP_003080462_1	33.854	192	55	9	178	336	90	242	9.49e-14	65.9
A4PDU8	O84883	21.429	70	46	1	77	137	395	464	0.75	26.9
A4PDU8	O84883	20.833	48	38	0	137	184	417	464	0.81	26.9
A4PDU8	O84883	20.833	48	38	0	184	231	417	464	0.81	26.9
A4PDU8	O84883	20.833	48	38	0	231	278	417	464	1.1	26.6
A4PDV0	A2A0X5	78.305	295	17	1	1	248	1	295	1.02e-141	400
A4PDV0	A2A0X5	92.899	169	12	0	80	248	174	342	1.80e-108	316
A4PDV0	A2A0X5	92.899	169	12	0	80	248	221	389	1.80e-108	316
A4PDV0	A2A0X5	94.737	171	9	0	80	250	268	438	5.15e-100	294
A4PDV0	A4PDU9	88.060	201	24	0	1	201	1	201	2.37e-121	340
A4PDV0	BAF45424_1	58.160	337	54	4	1	250	1	337	3.06e-107	309
A4PDV0	YP_003080462_1	31.317	281	115	11	1	242	1	242	9.40e-22	86.7
A4PDV0	O84883	20.833	48	38	0	184	231	417	464	0.52	26.9
A4PDV0	O84883	20.833	48	38	0	137	184	417	464	0.72	26.6
A4PDV0	O84883	21.429	70	46	1	77	137	395	464	0.77	26.6
A4PDV1	A2A0X5	78.305	295	17	1	1	248	1	295	1.02e-141	400
A4PDV1	A2A0X5	92.899	169	12	0	80	248	174	342	1.80e-108	316
A4PDV1	A2A0X5	92.899	169	12	0	80	248	221	389	1.80e-108	316
A4PDV1	A2A0X5	94.737	171	9	0	80	250	268	438	5.15e-100	294
A4PDV1	A4PDU9	88.060	201	24	0	1	201	1	201	2.37e-121	340
A4PDV1	BAF45424_1	58.160	337	54	4	1	250	1	337	3.06e-107	309
A4PDV1	YP_003080462_1	31.317	281	115	11	1	242	1	242	9.40e-22	86.7
A4PDV1	O84883	20.833	48	38	0	184	231	417	464	0.52	26.9
A4PDV1	O84883	20.833	48	38	0	137	184	417	464	0.72	26.6
A4PDV1	O84883	21.429	70	46	1	77	137	395	464	0.77	26.6
A4PDV2	A2A0X5	78.644	295	16	1	1	248	1	295	2.12e-142	402
A4PDV2	A2A0X5	93.491	169	11	0	80	248	174	342	3.89e-109	317
A4PDV2	A2A0X5	93.491	169	11	0	80	248	221	389	3.89e-109	317
A4PDV2	A2A0X5	95.322	171	8	0	80	250	268	438	1.11e-100	296
A4PDV2	A4PDU9	88.557	201	23	0	1	201	1	201	3.72e-122	342
A4PDV2	BAF45424_1	58.457	337	53	4	1	250	1	337	5.45e-108	311
A4PDV2	YP_003080462_1	31.317	281	115	11	1	242	1	242	5.13e-22	87.4
A4PDV2	O84883	20.833	48	38	0	137	184	417	464	0.69	26.6
A4PDV2	O84883	20.833	48	38	0	184	231	417	464	0.69	26.6
A4PDV2	O84883	21.429	70	46	1	77	137	395	464	0.74	26.6
A4PDV3	A2A0X5	94.444	342	19	0	1	342	1	342	0.0	566
A4PDV3	A2A0X5	95.472	265	12	0	80	344	174	438	1.36e-166	468
A4PDV3	BAF45424_1	82.267	344	54	1	1	344	1	337	7.90e-163	454
A4PDV3	A4PDU9	87.562	201	25	0	1	201	1	201	4.85e-118	335
A4PDV3	A4PDU9	95.161	124	6	0	221	344	80	203	3.77e-80	239
A4PDV3	A4PDU9	90.984	122	11	0	174	295	80	201	4.11e-75	226
A4PDV3	YP_003080462_1	32.028	281	113	11	1	242	1	242	6.35e-22	89.0
A4PDV3	YP_003080462_1	34.896	192	53	9	131	289	90	242	1.51e-15	70.9
A4PDV3	YP_003080462_1	34.375	192	54	9	178	336	90	242	1.38e-14	68.2
A4PDV3	O84883	20.833	48	38	0	278	325	417	464	0.78	26.9
A4PDV3	O84883	20.833	48	38	0	231	278	417	464	1.1	26.6
A4PDV3	O84883	20.833	48	38	0	184	231	417	464	1.5	26.2
A4PDV5	A2A0X5	81.579	342	16	1	1	295	1	342	1.76e-177	493
A4PDV5	A2A0X5	94.907	216	11	0	80	295	174	389	5.70e-144	408
A4PDV5	A2A0X5	96.330	218	8	0	80	297	221	438	7.95e-136	387
A4PDV5	BAF45424_1	72.404	337	53	2	1	297	1	337	4.42e-138	389
A4PDV5	A4PDU9	88.557	201	23	0	1	201	1	201	4.81e-121	341
A4PDV5	A4PDU9	96.774	124	4	0	174	297	80	203	1.06e-82	244
A4PDV5	YP_003080462_1	31.673	281	114	11	1	242	1	242	4.26e-21	85.9
A4PDV5	YP_003080462_1	33.854	192	55	9	131	289	90	242	4.04e-14	66.2
A4PDV5	O84883	21.429	70	46	1	77	137	395	464	0.48	27.3
A4PDV5	O84883	20.833	48	38	0	137	184	417	464	0.66	26.9
A4PDV5	O84883	20.833	48	38	0	184	231	417	464	0.66	26.9
A4PDV5	O84883	20.833	48	38	0	231	278	417	464	0.92	26.6
A4PHQ3	Q58I88	64.837	583	163	9	1	550	1	574	0.0	633
A4PHQ3	Q5QA89	31.646	79	48	2	142	214	280	358	0.48	28.5
A4PHQ3	Q5ZSI8	30.233	43	27	1	295	337	531	570	0.69	28.1
A4PHQ3	YP_003294926_1	25.000	112	64	4	8	116	50	144	3.8	25.8
A4PHQ3	YP_096336_1	26.230	61	42	2	294	354	82	139	4.9	25.0
A4PHQ4	Q58I88	67.446	599	143	12	1	572	1	574	0.0	666
A4PHQ4	Q5ZV00	27.059	170	87	9	255	407	78	227	0.64	28.1
A4PHQ4	Q9JP32	22.535	71	41	2	120	178	117	185	7.0	24.6
A4PHQ4	O87652	35.135	37	24	0	27	63	431	467	7.3	24.6
A8AER8	C6BHF2	55.652	115	47	3	10	123	6	117	9.29e-38	120
A8AER8	D4HZV6	43.478	23	13	0	25	47	484	506	1.3	24.3
A8AER8	Q7MYD1	28.947	38	27	0	75	112	241	278	1.9	23.5
A8AER8	A1TMA4	62.500	16	6	0	81	96	88	103	2.0	23.1
A8AER8	I1WVY3	41.667	24	13	1	96	118	1520	1543	4.0	22.7
A8R3Y1	Q58I88	98.955	574	0	1	1	568	1	574	0.0	1136
A8R3Y1	Q7DB81	27.381	84	54	1	344	427	143	219	1.3	26.9
A8R3Y1	Q63K50	33.333	30	20	0	11	40	225	254	1.8	26.6
A8R3Y1	P0A310	31.250	48	33	0	220	267	10	57	3.4	23.5
A9BLK0	C6BHF2	56.364	110	43	3	14	122	13	118	6.53e-36	115
A9BLK0	Q48245	25.000	44	33	0	69	112	232	275	0.32	26.2
A9BLK0	D3UYN1	37.037	54	25	2	10	62	1031	1076	0.88	24.6
A9BLK0	Q55286	26.923	26	19	0	78	103	166	191	1.1	24.3
A9BLK0	Q5ZRQ1	38.710	31	18	1	31	60	207	237	1.1	24.6
A9BLY3	D4I0Q7	34.266	143	83	5	2	140	3	138	1.09e-18	74.3
A9BLY3	A7MQ14	29.747	158	91	7	19	172	22	163	2.34e-04	35.4
A9BLY3	Q45743	26.190	84	49	1	6	76	231	314	0.76	25.8
A9BLY3	Q45743	35.484	31	20	0	89	119	205	235	7.3	22.7
A9BLY3	ACJ20770_1	34.483	29	19	0	9	37	79	107	1.4	24.6
A9BLY3	O84226	37.500	32	19	1	10	41	150	180	3.4	23.5
A9MG90	YP_002040480_1	66.369	336	113	0	1	336	1	336	1.24e-168	468
A9MG90	B5F5S8	27.419	310	219	3	1	310	1	304	2.39e-32	118
A9MG90	Q9FD10	30.435	115	69	4	1	109	1	110	3.54e-06	43.9
A9MG90	ZP_03368310_1	25.564	133	90	3	1	128	1	129	0.017	32.0
A9MG90	Q8ZQ79	27.407	135	85	4	1	128	1	129	0.024	31.6
A9ZNE5	A9ZNG6	98.635	293	4	0	1	293	1	293	0.0	599
A9ZNE5	Q99PZ6	29.630	135	84	6	133	259	27	158	8.62e-10	53.1
A9ZNE5	Q99PZ6	22.222	54	32	2	236	286	41	87	5.9	23.5
A9ZNE5	Q5ZTM4	29.787	47	32	1	227	272	192	238	0.60	26.9
A9ZNE5	I1WVY3	27.711	83	50	3	42	120	71	147	1.7	25.8
A9ZNE5	Q5ZUV5	27.586	87	57	3	200	285	27	108	1.8	25.4
A9ZNE9	Q8X4X1	78.307	189	41	0	1	189	1	189	9.02e-95	270
A9ZNE9	Q87W65	34.375	32	21	0	35	66	49	80	1.7	24.6
A9ZNE9	Q5ZVJ1	30.645	62	34	2	80	140	780	833	2.0	24.6
A9ZNE9	A0KHZ7	31.667	60	39	1	35	92	2609	2668	2.8	24.3
A9ZNE9	NP_819024_1	37.500	32	18	1	92	121	206	237	7.0	22.7
A9ZNF2	YP_002328290_1	100.000	217	0	0	1	217	1	217	3.14e-163	445
A9ZNF2	ACT72390_1	82.456	171	30	0	47	217	2	172	7.57e-106	298
A9ZNF2	S6TW99	41.667	48	25	1	170	214	157	204	1.22e-04	37.4
A9ZNF2	S6U3U1	42.857	42	21	1	174	212	25	66	6.00e-04	33.1
A9ZNF2	F3IDL2	34.000	50	30	1	164	210	92	141	0.011	30.8
A9ZNF7	A9ZNG6	98.635	293	4	0	1	293	1	293	0.0	599
A9ZNF7	Q99PZ6	29.630	135	84	6	133	259	27	158	8.62e-10	53.1
A9ZNF7	Q99PZ6	22.222	54	32	2	236	286	41	87	5.9	23.5
A9ZNF7	Q5ZTM4	29.787	47	32	1	227	272	192	238	0.60	26.9
A9ZNF7	I1WVY3	27.711	83	50	3	42	120	71	147	1.7	25.8
A9ZNF7	Q5ZUV5	27.586	87	57	3	200	285	27	108	1.8	25.4
A9ZNG0	YP_002328290_1	100.000	217	0	0	1	217	1	217	3.14e-163	445
A9ZNG0	ACT72390_1	82.456	171	30	0	47	217	2	172	7.57e-106	298
A9ZNG0	S6TW99	41.667	48	25	1	170	214	157	204	1.22e-04	37.4
A9ZNG0	S6U3U1	42.857	42	21	1	174	212	25	66	6.00e-04	33.1
A9ZNG0	F3IDL2	34.000	50	30	1	164	210	92	141	0.011	30.8
A9ZNG5	B7UI21	61.231	325	126	0	2	326	5	329	7.15e-150	420
A9ZNG5	Q5ZT54	36.111	36	23	0	86	121	809	844	0.27	28.5
A9ZNG5	Q97QZ1	25.974	77	52	2	74	145	46	122	0.60	26.9
A9ZNG5	WP_076706633_1	29.167	72	45	3	123	188	132	203	0.79	26.9
A9ZNG5	C7BKP9_2	28.846	52	34	1	212	260	2270	2321	0.85	26.9
A9ZNG7	Q8X4X1	77.778	189	42	0	1	189	1	189	2.48e-95	271
A9ZNG7	E7PLP1	33.333	72	43	3	17	83	68	139	0.12	28.5
A9ZNG7	F3IHD9	29.032	31	22	0	141	171	406	436	1.1	25.4
A9ZNG7	Q2QCI9	31.034	29	20	0	143	171	542	570	1.8	24.6
A9ZNG7	M3B575	30.189	53	37	0	48	100	329	381	5.4	23.1
A9ZNG8	A1KWQ2	75.792	442	76	4	1	412	1	441	0.0	649
A9ZNG8	A1KWP5	76.812	345	53	1	95	412	1	345	0.0	527
A9ZNG8	Q45716	28.814	59	40	1	189	247	683	739	0.070	30.8
A9ZNG8	G9L9K6	40.909	22	13	0	23	44	576	597	0.99	26.9
A9ZNG8	Q9Z8G9	23.636	110	54	3	330	409	79	188	5.8	24.3
B0B9M3	P0DJI3	96.296	135	5	0	1	135	1	135	8.82e-93	261
B0B9M3	Q5ZXW0	31.429	70	45	3	12	78	285	354	0.55	25.8
B0B9M3	O84236	52.000	25	12	0	38	62	103	127	1.6	23.9
B0B9M3	Q5ZRS4	37.209	43	18	1	44	86	137	170	3.0	23.5
B0B9M3	NP_819077_1	34.146	41	26	1	92	131	742	782	5.5	22.7
B0B9M4	P0DJI4	89.394	132	14	0	1	132	1	132	2.15e-82	233
B0B9M4	AAW70624_1	42.105	38	16	1	11	48	394	425	0.14	27.3
B0B9M4	Q9XB47	40.541	37	19	1	50	83	444	480	0.17	26.9
B0B9M4	Q9XB47	53.125	32	11	2	53	80	439	470	0.34	26.2
B0B9M4	P04480	46.667	30	12	1	50	79	537	562	0.45	25.8
B0B9M4	YP_095901_1	33.962	53	24	2	41	93	85	126	1.1	24.6
B0B9M5	P0DJI5	94.231	104	6	0	1	104	1	104	2.88e-51	152
B0B9M5	P0DPS6	33.333	54	36	0	35	88	31	84	0.13	26.2
B0B9M5	P55117	30.556	36	23	1	60	95	289	322	1.7	23.5
B0B9M5	A0A433LTT9	40.000	30	16	1	51	80	9	36	5.5	21.9
B0B9M5	O84869	38.095	42	23	1	41	82	389	427	9.8	21.2
B1GVN9	Q9AJW7	49.444	180	90	1	7	186	3	181	2.82e-60	182
B1GVN9	YP_003367517_1	29.651	172	120	1	8	179	5	175	7.64e-22	84.0
B1GVN9	YP_003236082_1	29.365	126	87	2	46	169	53	178	1.22e-15	67.8
B1GVN9	Q326S7	25.385	130	89	4	44	167	53	180	3.63e-08	47.4
B1GVN9	Q5ZV03	24.242	66	46	1	32	93	42	107	1.1	25.4
B2SWU8	C6BHF2	57.895	114	47	1	8	121	6	118	1.38e-42	132
B2SWU8	ABY72903_1	29.508	61	38	3	29	89	285	340	0.002	32.7
B2SWU8	Q5ZZ81	40.741	27	14	1	93	117	177	203	0.23	26.2
B2SWU8	Q79LY0	42.424	33	16	2	9	40	51	81	0.47	25.4
B2SWU8	D0EM77	34.091	44	23	2	65	108	87	124	0.77	24.6
B2TSV7	Q327E0	64.151	477	156	4	1	476	1	463	0.0	611
B2TSV7	Q5ZXN6	34.043	47	28	2	430	476	570	613	0.46	28.5
B2TSV7	Q7A225	35.714	28	18	0	117	144	50	77	1.1	25.8
B2TSV7	O87652	26.000	100	64	3	135	231	413	505	1.9	26.6
B2TSV7	YP_002328290_1	25.000	128	68	6	52	178	4	104	2.0	25.8
B2TT54	Q6XVT8	68.262	564	148	6	1	540	15	571	0.0	739
B2TT54	D0ZVG2	38.391	547	302	6	18	536	155	694	4.85e-119	363
B2TT54	P55456	36.238	505	276	14	45	534	69	542	1.13e-80	258
B2TT54	ZP_03368310_1	42.308	130	71	2	22	148	165	293	6.79e-24	97.8
B2TT54	NP_783660_1	33.702	181	75	3	22	178	56	215	6.34e-20	88.6
B2TT54	NP_783660_1	38.571	140	78	3	68	204	366	500	5.20e-17	79.3
B2TT54	NP_783660_1	41.007	139	74	3	68	203	306	439	8.38e-17	78.6
B2TT54	NP_783660_1	35.714	182	108	4	25	203	204	379	2.75e-16	77.0
B2TT54	NP_783660_1	39.716	141	73	4	68	203	186	319	9.63e-15	72.4
B2TT54	NP_783660_1	38.776	147	79	3	68	208	286	427	1.84e-14	71.2
B2TT54	NP_783660_1	37.584	149	85	3	68	216	346	486	1.93e-14	71.2
B3Y094	B7UI21	60.923	325	127	0	2	326	5	329	1.76e-148	417
B3Y094	Q5ZT54	36.111	36	23	0	86	121	809	844	0.26	28.5
B3Y094	Q97QZ1	25.974	77	52	2	74	145	46	122	0.60	26.9
B3Y094	C7BKP9_2	28.846	52	34	1	212	260	2270	2321	0.89	26.9
B3Y094	Q5ZU30	29.091	55	38	1	208	261	124	178	2.0	25.8
B3Y095	A9ZNG6	99.659	293	1	0	1	293	1	293	0.0	605
B3Y095	Q99PZ6	29.630	135	84	6	133	259	27	158	4.90e-10	53.9
B3Y095	Q99PZ6	22.222	54	32	2	236	286	41	87	5.8	23.5
B3Y095	Q5ZTM4	29.787	47	32	1	227	272	192	238	0.64	26.9
B3Y095	I1WVY3	27.711	83	50	3	42	120	71	147	1.6	25.8
B3Y095	Q5ZUV5	27.586	87	57	3	200	285	27	108	1.9	25.4
B3Y098	A1KWQ2	75.792	442	76	4	1	412	1	441	0.0	649
B3Y098	A1KWP5	76.812	345	53	1	95	412	1	345	0.0	527
B3Y098	Q45716	28.814	59	40	1	189	247	683	739	0.070	30.8
B3Y098	G9L9K6	40.909	22	13	0	23	44	576	597	0.99	26.9
B3Y098	Q9Z8G9	23.636	110	54	3	330	409	79	188	5.8	24.3
B3Y0A5	A2A0X5	80.994	342	18	1	1	295	1	342	1.60e-176	491
B3Y0A5	A2A0X5	93.981	216	13	0	80	295	174	389	5.51e-143	405
B3Y0A5	A2A0X5	95.413	218	10	0	80	297	221	438	7.77e-135	385
B3Y0A5	BAF45424_1	71.513	337	56	2	1	297	1	337	6.61e-136	384
B3Y0A5	A4PDU9	88.557	201	23	0	1	201	1	201	2.72e-121	342
B3Y0A5	A4PDU9	95.161	124	6	0	174	297	80	203	2.59e-81	240
B3Y0A5	YP_003080462_1	30.961	281	116	11	1	242	1	242	3.20e-20	83.6
B3Y0A5	YP_003080462_1	33.854	192	55	9	131	289	90	242	5.24e-14	66.2
B3Y0A5	O84883	21.429	70	46	1	77	137	395	464	0.65	26.9
B3Y0A5	O84883	20.833	48	38	0	184	231	417	464	0.67	26.9
B3Y0A5	O84883	20.833	48	38	0	231	278	417	464	0.67	26.9
B3Y0A5	O84883	20.833	48	38	0	137	184	417	464	0.93	26.6
B3Y0U1	Q8XAL7	92.593	189	14	0	1	189	1	189	1.89e-133	367
B3Y0U1	Q5ZZF1	25.410	122	71	7	52	168	132	238	0.87	25.8
B3Y0U1	Q89BB8	24.359	78	53	1	64	135	180	257	1.3	25.4
B3Y0U1	Q5ZSM7	23.656	93	66	2	54	141	868	960	1.5	25.0
B3Y0U1	O84626	24.590	61	44	1	30	88	679	739	1.9	24.6
B3Y1A0	Q9AJW7	48.889	180	91	1	7	186	3	181	5.91e-61	184
B3Y1A0	YP_003367517_1	26.923	182	129	2	1	182	1	178	9.32e-20	78.6
B3Y1A0	YP_003236082_1	32.759	116	76	2	31	144	38	153	2.77e-17	72.4
B3Y1A0	Q326S7	37.705	61	37	1	66	125	76	136	6.52e-07	43.5
B3Y1A0	YP_002040480_1	30.952	42	28	1	63	103	194	235	1.3	25.0
B3Y1M9	YP_002330704_1	100.000	224	0	0	1	224	1	224	9.41e-170	462
B3Y1M9	P0A3W8	25.000	100	55	4	20	103	269	364	0.23	27.7
B3Y1M9	Q989R4	32.000	50	33	1	47	95	580	629	0.25	27.7
B3Y1M9	Q5ZV03	27.778	54	38	1	29	81	32	85	1.4	25.4
B3Y1M9	NP_820840_1	33.333	36	23	1	73	108	511	545	2.3	24.6
B4T918	B4SX34	98.338	782	13	0	1	782	1	782	0.0	1600
B4T918	D2TTX7	34.664	551	326	12	243	781	253	781	2.20e-88	291
B4T918	Q8ZQ59	27.083	96	61	2	212	306	144	231	0.053	32.0
B4T918	Q8ZQ59	22.340	94	67	2	187	276	168	259	7.3	25.0
B4T918	P40722	21.875	64	50	0	54	117	28	91	1.5	27.3
B4T918	Q9L6W3	28.947	38	27	0	180	217	557	594	3.3	26.6
B4TMK5	B4SX34	95.396	782	36	0	1	782	1	782	0.0	1553
B4TMK5	D2TTX7	32.358	615	371	15	184	781	195	781	4.82e-86	285
B4TMK5	Q8ZQ59	22.917	96	70	2	212	306	144	236	0.97	27.7
B4TMK5	Q8ZQ59	23.077	91	64	3	187	273	168	256	4.2	25.8
B4TMK5	ABS76830_2	35.556	45	27	1	235	277	2	46	3.2	26.2
B4TMK5	Q8VPK4	34.286	35	23	0	37	71	824	858	6.8	25.4
B5F8C9	YP_002040480_1	91.667	336	28	0	1	336	1	336	0.0	648
B5F8C9	B5F5S8	29.114	316	206	6	1	310	1	304	1.87e-31	116
B5F8C9	Q9FD10	30.435	115	69	5	1	109	1	110	7.69e-08	48.9
B5F8C9	ZP_03368310_1	28.814	118	72	4	1	113	1	111	1.59e-04	38.1
B5F8C9	Q8ZQ79	29.661	118	71	5	1	113	1	111	0.002	35.0
B5FM34	B4SX34	98.721	782	10	0	1	782	1	782	0.0	1611
B5FM34	D2TTX7	34.120	551	329	12	243	781	253	781	3.81e-86	285
B5FM34	Q8ZQ59	27.083	96	61	2	212	306	144	231	0.050	32.0
B5FM34	Q8ZQ59	22.340	94	67	2	187	276	168	259	4.0	25.8
B5FM34	P40722	21.875	64	50	0	54	117	28	91	1.5	27.3
B5FM34	Q9L6W3	28.947	38	27	0	180	217	557	594	3.2	26.6
B5QZK6	B4SX34	98.338	782	13	0	1	782	1	782	0.0	1604
B5QZK6	D2TTX7	34.483	551	327	12	243	781	253	781	1.31e-87	289
B5QZK6	Q8ZQ59	27.083	96	61	2	212	306	144	231	0.057	32.0
B5QZK6	Q8ZQ59	22.340	94	67	2	187	276	168	259	8.2	25.0
B5QZK6	P40722	22.059	68	53	0	50	117	24	91	0.86	28.1
B5QZK6	Q9L6W3	28.947	38	27	0	180	217	557	594	3.2	26.6
B5R8S6	Q7CQD4	66.387	238	80	0	1	238	1	238	2.30e-116	328
B5R8S6	Q7P1B7	29.474	190	126	4	48	236	56	238	6.15e-22	86.7
B5R8S6	A2S1Q7	42.105	76	43	1	102	176	106	181	1.65e-15	69.7
B5R8S6	Q5X443	24.096	166	102	5	32	177	28	189	1.1	25.8
B5R8S6	Q5ZRQ1	21.875	64	47	2	173	235	1056	1117	5.0	23.9
B7UI20	D2AJE7	38.320	488	282	9	65	543	1	478	2.77e-102	313
B7UI20	D2AJ70	32.743	113	68	2	316	427	85	190	2.10e-11	59.7
B7UI20	D2AJ70	27.442	215	137	8	190	399	6	206	5.74e-09	52.4
B7UI20	D2AJ70	33.696	92	60	1	366	456	85	176	1.15e-06	45.4
B7UI20	C7BKP9_2	50.000	34	15	2	122	155	1946	1977	0.088	31.2
B7UI20	YP_002303928_1	21.910	178	114	5	271	447	36	189	0.12	30.4
B7UI20	A0KHZ7	25.926	108	61	4	48	155	2894	2982	0.14	30.4
B7UI22	YP_002330704_1	100.000	224	0	0	1	224	1	224	9.41e-170	462
B7UI22	P0A3W8	25.000	100	55	4	20	103	269	364	0.23	27.7
B7UI22	Q989R4	32.000	50	33	1	47	95	580	629	0.25	27.7
B7UI22	Q5ZV03	27.778	54	38	1	29	81	32	85	1.4	25.4
B7UI22	NP_820840_1	33.333	36	23	1	73	108	511	545	2.3	24.6
B7ULW4	A9ZNG6	98.294	293	5	0	1	293	1	293	0.0	596
B7ULW4	Q99PZ6	29.630	135	84	6	133	259	27	158	1.96e-09	52.0
B7ULW4	Q99PZ6	22.222	54	32	2	236	286	41	87	6.0	23.5
B7ULW4	I1WVY3	26.923	104	63	4	42	141	71	165	0.49	27.7
B7ULW4	Q5ZTM4	29.787	47	32	1	227	272	192	238	0.59	26.9
B7ULW4	Q5ZUV5	27.586	87	57	3	200	285	27	108	2.0	25.4
B7ULW8	YP_002328290_1	100.000	217	0	0	1	217	1	217	3.14e-163	445
B7ULW8	ACT72390_1	82.456	171	30	0	47	217	2	172	7.57e-106	298
B7ULW8	S6TW99	41.667	48	25	1	170	214	157	204	1.22e-04	37.4
B7ULW8	S6U3U1	42.857	42	21	1	174	212	25	66	6.00e-04	33.1
B7ULW8	F3IDL2	34.000	50	30	1	164	210	92	141	0.011	30.8
B7UM88	YP_003080462_1	70.751	253	22	2	1	206	1	248	1.66e-112	317
B7UM88	A4PDU9	35.838	173	106	2	31	200	25	195	4.98e-19	77.4
B7UM88	A4PDU9	40.000	85	48	1	73	157	117	198	5.07e-10	52.8
B7UM88	A2A0X5	38.931	131	72	3	73	200	211	336	2.61e-14	66.2
B7UM88	A2A0X5	38.931	131	72	3	73	200	258	383	2.61e-14	66.2
B7UM88	A2A0X5	39.474	114	64	2	90	200	178	289	1.43e-12	61.2
B7UM88	A2A0X5	36.986	146	87	2	58	200	52	195	4.52e-11	57.0
B7UM88	A2A0X5	38.168	131	73	3	73	200	117	242	4.83e-11	56.6
B7UM88	A2A0X5	39.695	131	71	3	73	200	305	430	6.11e-11	56.6
B7UM88	BAF45424_1	39.474	114	64	2	90	200	218	329	9.61e-13	61.6
B7UM88	BAF45424_1	41.463	82	45	1	73	154	251	329	7.01e-10	53.1
B7UM88	BAF45424_1	38.596	114	65	2	90	200	171	282	1.59e-09	52.0
B7UM88	BAF45424_1	32.843	204	117	5	1	200	1	188	1.94e-08	48.9
B7UM88	Q5ZSM7	31.111	45	31	0	131	175	487	531	2.1	24.6
B7UM88	Q5ZSM7	22.826	92	62	2	84	175	487	569	2.4	24.6
B7UM94	Q47184	100.000	192	0	0	1	192	1	192	6.33e-138	379
B7UM94	Q4G4C8	27.857	140	82	3	57	180	49	185	4.91e-10	52.4
B7UM94	Q7BVH7	33.333	114	65	4	63	168	60	170	1.06e-09	51.2
B7UM94	YP_001199348_1	34.375	32	21	0	42	73	830	861	0.43	26.9
B7UM94	Q5ZSZ4	28.814	59	40	1	91	147	290	348	0.47	26.6
B7UM99	Q58I88	56.849	584	208	12	1	550	1	574	0.0	530
B7UM99	YP_095153_1	31.373	51	31	1	258	304	527	577	2.8	26.2
B7UM99	YP_095153_1	33.846	65	36	3	258	316	476	539	3.3	25.8
B7UM99	CAJ10235_1	32.759	58	31	2	304	355	40	95	3.3	25.4
B7UM99	NP_819412_1	26.471	34	25	0	470	503	95	128	5.3	25.0
B7UM99	O84107	28.750	80	49	2	6	79	171	248	6.1	25.0
B7UMA0	YP_003236082_1	91.133	203	18	0	1	203	1	203	1.03e-140	387
B7UMA0	Q9AJW7	31.293	147	99	2	31	177	20	164	2.86e-21	82.8
B7UMA0	Q9AJW7	35.556	45	25	2	135	175	13	57	2.1	24.3
B7UMA0	YP_003367517_1	26.667	150	106	3	53	201	43	189	2.55e-12	58.9
B7UMA0	Q326S7	24.419	86	64	1	49	133	51	136	3.04e-06	42.0
B7UMA0	YP_125191_1	20.792	101	77	2	37	135	383	482	0.098	28.9
B7UMA2	BAI28417_1	71.930	171	45	2	1	168	1	171	6.08e-87	248
B7UMA2	NP_820552_1	44.737	38	21	0	128	165	423	460	0.066	28.9
B7UMA2	CAH11504_1	43.333	30	17	0	72	101	296	325	0.093	28.5
B7UMA2	Q5ZWE8	40.385	52	23	4	50	98	168	214	0.19	27.3
B7UMA2	Q9Z3F4	37.143	35	17	2	61	90	541	575	1.8	24.6
B7UMC8	B7UH72	43.717	382	214	1	16	397	10	390	2.53e-113	332
B7UMC8	Q326N4	22.968	283	192	9	37	304	20	291	1.70e-09	54.7
B7UMC8	Q5ZVT6	23.276	116	76	2	271	386	34	136	0.46	28.1
B7UMC8	ABD44194_1	23.188	138	101	2	80	213	423	559	0.61	27.7
B7UMC8	ABD44194_1	27.692	65	46	1	149	213	660	723	8.8	23.9
B7UMC8	B4XHJ7	29.268	41	29	0	27	67	407	447	1.7	26.2
B7UNX2	Q8X4X1	60.000	190	75	1	1	190	1	189	4.27e-69	204
B7UNX2	Q5ZT54	30.435	46	31	1	73	117	192	237	0.61	26.2
B7UNX2	YP_001910294_1	50.000	28	14	0	50	77	307	334	0.99	25.8
B7UNX2	YP_096169_1	29.000	100	57	4	1	100	6	91	1.1	25.4
B7UNX2	Q9Z785	45.000	20	11	0	72	91	180	199	4.8	23.5
B7UNX3	B7UI21	61.231	325	126	0	2	326	5	329	6.84e-150	420
B7UNX3	Q5ZT54	36.111	36	23	0	86	121	809	844	0.24	28.5
B7UNX3	Q97QZ1	25.974	77	52	2	74	145	46	122	0.59	26.9
B7UNX3	C7BKP9_2	28.846	52	34	1	212	260	2270	2321	0.89	26.9
B7UNX3	WP_076706633_1	29.167	72	45	3	123	188	132	203	1.1	26.2
B7UNX6	YP_003364209_1	76.596	235	52	1	1	232	1	235	1.88e-126	353
B7UNX6	E7PP21	27.861	201	98	10	49	208	23	217	3.37e-05	39.3
B7UNX6	P0CZ00	34.375	32	21	0	20	51	608	639	1.1	25.8
B7UNX6	Q7DB81	46.429	28	11	1	181	208	76	99	1.5	25.4
B7UNX6	Q8VPK4	45.000	20	11	0	23	42	1282	1301	1.6	25.4
B7UR60	A1KWQ2	88.662	441	49	1	1	440	1	441	0.0	754
B7UR60	A1KWP5	91.304	345	30	0	96	440	1	345	0.0	592
B7UR60	NP_820552_1	22.222	63	37	3	356	406	71	133	1.4	26.6
B7UR60	I3QKE3	31.373	51	29	1	251	295	371	421	2.4	25.8
B7UR60	Q60236	56.250	16	7	0	32	47	141	156	4.7	24.6
B7UR62	A9ZNG6	82.838	303	42	1	1	303	1	293	0.0	525
B7UR62	Q99PZ6	26.974	152	96	5	131	269	9	158	2.16e-10	54.7
B7UR62	Q99PZ6	25.862	58	30	3	246	300	41	88	6.2	23.5
B7UR62	Q5ZTM4	28.025	157	85	6	146	276	77	231	0.071	30.0
B7UR62	D8P729	31.111	45	30	1	9	52	443	487	0.62	27.3
B7UR62	B7UI21	26.316	57	36	1	99	149	21	77	1.3	25.8
B7UR63	Q8XAL7	100.000	189	0	0	1	189	1	189	2.47e-143	392
B7UR63	P14756	35.294	34	21	1	119	151	393	426	2.8	24.3
B7UR63	NP_819448_1	26.190	42	31	0	2	43	490	531	8.0	22.7
B7UR63	Q5ZXT9	26.415	53	37	2	25	76	53	104	9.1	22.7
B8ZY94	YP_003236082_1	100.000	203	0	0	1	203	1	203	4.19e-154	421
B8ZY94	Q9AJW7	33.333	129	84	2	49	177	38	164	2.92e-20	80.1
B8ZY94	Q9AJW7	31.343	67	41	3	132	194	10	75	2.9	23.9
B8ZY94	YP_003367517_1	27.333	150	105	3	53	201	43	189	1.65e-12	59.3
B8ZY94	Q326S7	24.324	148	104	4	39	181	41	185	1.66e-08	48.5
B8ZY94	Q5ZVL4	27.941	68	43	2	53	114	565	632	0.17	28.1
B8ZY96	BAI28417_1	71.856	167	45	1	9	173	1	167	7.19e-86	246
B8ZY96	NP_820552_1	44.737	38	21	0	137	174	423	460	0.082	28.9
B8ZY96	CAH11504_1	36.667	30	19	0	81	110	296	325	1.8	24.6
B8ZY96	WP_123778901_1	25.000	76	55	1	13	86	397	472	2.3	24.3
B8ZY96	CAJ11627_1	47.619	21	11	0	122	142	87	107	6.1	22.7
B8ZYA3	BAI32344_1	82.653	98	17	0	1	98	1	98	2.98e-36	114
B8ZYA3	Q87GF9	47.059	34	17	1	3	35	1456	1489	0.29	25.4
B8ZYA3	AAR21118_1	41.667	24	14	0	74	97	1250	1273	1.2	23.9
B8ZYA3	G9L9K6	64.286	14	5	0	24	37	351	364	1.6	23.5
B8ZYA3	ABY91230_2	41.667	24	14	0	74	97	1858	1881	1.8	23.1
B8ZYG0	YP_003236082_1	90.148	203	20	0	1	203	1	203	3.88e-139	383
B8ZYG0	Q9AJW7	32.237	152	98	3	38	189	27	173	4.44e-21	82.4
B8ZYG0	Q9AJW7	33.333	45	26	2	135	175	13	57	9.7	22.3
B8ZYG0	YP_003367517_1	27.333	150	105	3	53	201	43	189	2.89e-13	61.2
B8ZYG0	Q326S7	24.419	86	64	1	49	133	51	136	3.07e-06	42.0
B8ZYG0	Q87W65	26.154	65	46	1	120	184	450	512	0.054	29.6
B8ZYG2	BAI28417_1	69.591	171	50	1	9	177	1	171	7.10e-85	243
B8ZYG2	Q5ZWE8	38.961	77	33	7	59	127	168	238	0.042	29.3
B8ZYG2	NP_820552_1	44.737	38	21	0	137	174	423	460	0.052	29.3
B8ZYG2	CAH11504_1	40.000	30	18	0	81	110	296	325	0.44	26.6
B8ZYG2	A9ZNG6	23.301	103	61	3	27	126	11	98	0.44	26.2
B8ZYN7	BAI32344_1	81.633	98	18	0	1	98	1	98	3.18e-36	114
B8ZYN7	Q44061	38.636	44	23	1	49	92	30	69	1.1	23.5
B8ZYN7	ABY91230_2	25.000	96	53	1	2	97	1805	1881	1.2	23.9
B8ZYN7	AAR21118_1	22.917	96	55	1	2	97	1197	1273	1.8	23.1
B8ZYN7	D2KC49	36.585	41	23	1	61	98	12	52	3.5	21.2
C5IZN1	B9A807	40.169	356	200	7	178	526	114	463	2.01e-70	229
C5IZN1	Q8VPK4	26.190	84	55	3	63	140	408	490	0.16	30.0
C5IZN1	M9ZTT7	28.049	82	52	1	53	134	1289	1363	1.6	26.9
C5IZN1	P0C077	35.294	34	22	0	338	371	19	52	2.0	25.0
C5IZN1	Q58I88	52.381	21	10	0	132	152	4	24	2.7	26.2
C6UYI3	BAF45424_1	100.000	337	0	0	1	337	1	337	0.0	650
C6UYI3	A2A0X5	70.437	389	61	2	1	335	1	389	1.73e-171	479
C6UYI3	A2A0X5	94.961	258	13	0	80	337	181	438	6.90e-160	450
C6UYI3	A4PDU9	67.662	201	58	1	1	194	1	201	5.21e-86	254
C6UYI3	A4PDU9	95.968	124	5	0	214	337	80	203	1.54e-80	240
C6UYI3	A4PDU9	91.803	122	10	0	167	288	80	201	2.94e-75	226
C6UYI3	YP_003080462_1	32.624	282	103	12	1	235	1	242	6.38e-25	97.1
C6UYI3	YP_003080462_1	34.375	192	54	9	171	329	90	242	2.66e-14	67.4
C6UYI3	O84883	20.833	48	38	0	224	271	417	464	0.99	26.6
C6UYI3	O84883	20.833	48	38	0	177	224	417	464	1.8	25.8
C8UFJ4	B7UH72	44.241	382	212	1	16	397	10	390	2.59e-113	332
C8UFJ4	Q326N4	22.615	283	193	9	37	304	20	291	2.95e-08	50.8
C8UFJ4	Q5ZVT6	23.276	116	76	2	271	386	34	136	0.51	27.7
C8UFJ4	B4XHJ7	29.268	41	29	0	27	67	407	447	2.5	25.8
C8UFJ4	ABD44194_1	22.464	138	102	2	80	213	423	559	3.1	25.4
C8UFJ4	ABD44194_1	27.692	65	46	1	149	213	660	723	9.7	23.9
C8UFJ7	YP_003080462_1	71.970	264	54	6	1	261	1	247	2.04e-107	307
C8UFJ7	A2A0X5	37.017	181	97	7	85	256	211	383	5.46e-15	69.7
C8UFJ7	A2A0X5	36.095	169	93	6	97	256	174	336	2.14e-13	65.1
C8UFJ7	A2A0X5	36.313	179	101	6	85	256	117	289	6.31e-12	60.5
C8UFJ7	A2A0X5	36.313	179	101	6	85	256	258	430	6.31e-12	60.5
C8UFJ7	A2A0X5	35.625	160	92	5	104	256	87	242	5.91e-10	54.7
C8UFJ7	A2A0X5	36.090	133	77	4	85	213	305	433	3.85e-07	46.2
C8UFJ7	A4PDU9	32.812	192	103	7	28	213	27	198	1.07e-11	58.2
C8UFJ7	A4PDU9	37.168	113	61	4	150	256	87	195	1.44e-08	49.3
C8UFJ7	BAF45424_1	35.928	167	96	5	97	256	167	329	3.32e-10	55.1
C8UFJ7	BAF45424_1	32.069	290	155	8	1	256	1	282	4.50e-08	48.5
C8UFJ7	BAF45424_1	39.759	83	43	3	85	164	251	329	1.13e-05	41.2
C8UFJ7	Q5ZSM7	25.974	77	49	2	109	185	501	569	1.4	25.8
C8UFL1	BAI28417_1	71.856	167	45	1	1	165	1	167	4.26e-86	246
C8UFL1	NP_820552_1	44.737	38	21	0	129	166	423	460	0.079	28.5
C8UFL1	CAH11504_1	33.333	33	22	0	73	105	296	328	1.5	24.6
C8UFL1	WP_123778901_1	25.000	76	55	1	5	78	397	472	2.2	24.3
C8UFL1	CAJ11627_1	47.619	21	11	0	114	134	87	107	5.5	22.7
C8UFL8	BAI32344_1	82.653	98	17	0	1	98	1	98	2.98e-36	114
C8UFL8	Q87GF9	47.059	34	17	1	3	35	1456	1489	0.29	25.4
C8UFL8	AAR21118_1	41.667	24	14	0	74	97	1250	1273	1.2	23.9
C8UFL8	G9L9K6	64.286	14	5	0	24	37	351	364	1.6	23.5
C8UFL8	ABY91230_2	41.667	24	14	0	74	97	1858	1881	1.8	23.1
C8UMB1	A2A0X5	80.117	342	21	1	1	295	1	342	1.82e-175	488
C8UMB1	A2A0X5	92.593	216	16	0	80	295	174	389	5.76e-142	403
C8UMB1	A2A0X5	94.037	218	13	0	80	297	221	438	8.10e-134	382
C8UMB1	BAF45424_1	71.217	337	57	2	1	297	1	337	5.31e-136	384
C8UMB1	A4PDU9	87.562	201	25	0	1	201	1	201	2.09e-120	339
C8UMB1	A4PDU9	94.355	124	7	0	174	297	80	203	3.88e-81	240
C8UMB1	YP_003080462_1	30.961	281	116	11	1	242	1	242	4.20e-20	83.2
C8UMB1	YP_003080462_1	33.854	192	55	9	131	289	90	242	9.54e-14	65.5
C8UMB1	O84883	22.857	70	45	1	77	137	395	464	0.41	27.7
C8UMB1	O84883	22.917	48	37	0	184	231	417	464	0.42	27.7
C8UMB1	O84883	20.833	48	38	0	137	184	417	464	0.73	26.9
C8UMB1	O84883	20.833	48	38	0	231	278	417	464	0.73	26.9
C9X8K0	B4SX34	99.233	782	6	0	1	782	1	782	0.0	1618
C9X8K0	D2TTX7	34.120	551	329	12	243	781	253	781	1.35e-86	286
C9X8K0	Q8ZQ59	27.083	96	61	2	212	306	144	231	0.051	32.0
C9X8K0	Q8ZQ59	22.340	94	67	2	187	276	168	259	8.0	25.0
C9X8K0	P40722	21.875	64	50	0	54	117	28	91	1.5	27.3
C9X8K0	Q9L6W3	28.947	38	27	0	180	217	557	594	4.2	26.2
C9XXJ5	C6BHF2	51.695	118	49	4	6	122	9	119	2.28e-36	116
C9XXJ5	Q5ZZ81	29.545	44	25	1	70	107	147	190	0.13	26.9
C9XXJ5	A6GVU3	38.000	50	29	2	30	78	91	139	1.8	23.5
C9XXJ5	P40613	30.000	50	33	1	8	55	148	197	6.0	21.9
C9XXJ5	Q5ZXT9	62.500	16	6	0	29	44	187	202	6.5	21.9
C9XYW6	A1TMA4	41.071	112	53	4	19	129	46	145	3.05e-22	81.6
C9XYW6	B1YTK4	40.678	118	54	5	17	128	18	125	4.19e-19	73.2
C9XYW6	Q5ZSL3	32.308	65	41	1	54	118	7	68	0.012	30.4
C9XYW6	C7BKP9_2	28.070	57	34	2	71	125	2101	2152	0.87	25.0
C9XYW6	A0KHZ7	33.333	72	26	3	9	60	1141	1210	0.88	25.0
C9XYW6	A0KHZ7	36.957	46	26	2	16	60	1129	1172	5.2	22.7
C9XZ04	A1TMA4	39.706	136	65	4	2	136	26	145	3.28e-26	92.0
C9XZ04	B1YTK4	36.691	139	67	5	4	135	1	125	1.26e-19	74.7
C9XZ04	O84378	23.729	59	45	0	1	59	46	104	0.12	26.9
C9XZ04	BAH47296_1	30.645	62	39	1	34	91	120	181	3.4	23.1
C9XZ04	A0A0H3AIG7	42.857	21	12	0	61	81	264	284	7.9	21.9
D0ZDK9	Q4G4D1	99.482	193	1	0	1	193	1	193	2.61e-142	390
D0ZDK9	BAE19884_1	99.206	126	1	0	68	193	1	126	5.19e-88	250
D0ZDK9	Q9R803	30.370	135	92	2	35	168	38	171	2.88e-12	58.5
D0ZDK9	Q8XC86	30.137	73	47	1	35	107	45	113	6.45e-05	38.1
D0ZDK9	P37131	31.579	114	59	6	82	186	273	376	0.014	31.2
D0ZDL0	YP_003294926_1	100.000	478	0	0	1	478	1	478	0.0	967
D0ZDL0	BAE19885_1	96.457	254	9	0	178	431	1	254	6.38e-171	477
D0ZDL0	O84947	27.187	423	269	7	66	461	57	467	1.11e-41	150
D0ZDL0	P37131	25.287	261	169	8	130	375	131	380	1.08e-05	43.1
D0ZDL0	Q8XDQ1	25.410	122	73	5	169	289	8	112	0.22	29.3
D0ZMG9	B4SX34	99.361	782	5	0	1	782	1	782	0.0	1620
D0ZMG9	D2TTX7	34.120	551	329	12	243	781	253	781	1.17e-86	286
D0ZMG9	Q8ZQ59	27.083	96	61	2	212	306	144	231	0.049	32.0
D0ZMG9	Q8ZQ59	22.340	94	67	2	187	276	168	259	6.8	25.0
D0ZMG9	P40722	21.875	64	50	0	54	117	28	91	1.5	27.3
D0ZMG9	Q9L6W3	28.947	38	27	0	180	217	557	594	3.3	26.6
D2AJ54	D2AJE7	38.413	479	282	6	97	562	1	479	2.13e-101	311
D2AJ54	D2AJ70	25.373	134	98	2	426	558	82	214	5.26e-14	67.4
D2AJ54	D2AJ70	33.000	100	62	1	353	447	92	191	4.66e-12	61.6
D2AJ54	D2AJ70	33.333	81	54	0	281	361	108	188	2.11e-09	53.5
D2AJ54	D2AJ70	28.866	97	69	0	309	405	92	188	1.00e-08	51.6
D2AJ54	YP_002303928_1	25.253	99	59	2	390	485	110	196	0.46	28.5
D2AJ54	YP_002303928_1	28.319	113	44	5	257	344	151	251	0.53	28.5
D2AJ54	YP_002303928_1	23.232	99	61	2	390	485	36	122	9.6	24.3
D2AJ54	Q5ZYG9	30.508	59	33	1	367	417	420	478	1.2	27.3
D2AJ54	B6A881	39.024	41	22	1	250	290	904	941	1.3	27.3
D2AJI2	P18010	99.842	633	1	0	1	633	1	633	0.0	1276
D2AJI2	Q8VQB5	28.443	334	217	4	7	327	7	331	4.30e-31	124
D2AJI2	Q2TM57	25.490	102	73	2	480	580	26	125	1.1	27.3
D2AJI2	O84944	36.735	49	27	2	93	139	52	98	2.1	25.4
D2AJI2	Q5ZWF6	37.500	40	24	1	284	323	22	60	3.3	26.2
D2AJU0	Q6XVT8	68.262	564	148	6	1	540	15	571	0.0	739
D2AJU0	D0ZVG2	38.391	547	302	6	18	536	155	694	4.14e-120	365
D2AJU0	P55456	36.238	505	276	14	45	534	69	542	5.11e-81	259
D2AJU0	ZP_03368310_1	42.308	130	71	2	22	148	165	293	7.19e-24	97.4
D2AJU0	NP_783660_1	33.702	181	75	3	22	178	56	215	6.87e-20	88.2
D2AJU0	NP_783660_1	38.571	140	78	3	68	204	366	500	5.44e-17	79.3
D2AJU0	NP_783660_1	41.007	139	74	3	68	203	306	439	8.68e-17	78.6
D2AJU0	NP_783660_1	35.714	182	108	4	25	203	204	379	3.06e-16	77.0
D2AJU0	NP_783660_1	39.716	141	73	4	68	203	186	319	1.01e-14	72.0
D2AJU0	NP_783660_1	38.776	147	79	3	68	208	286	427	1.91e-14	71.2
D2AJU0	NP_783660_1	37.584	149	85	3	68	216	346	486	2.03e-14	71.2
D2AJU3	Q99PZ6	100.000	196	0	0	1	196	1	196	7.26e-147	402
D2AJU3	A9ZNG6	29.630	135	84	6	27	158	133	259	3.41e-10	53.5
D2AJU3	A9ZNG6	22.222	54	32	2	41	87	236	286	3.7	23.5
D2AJU3	Q5ZTB8	20.155	129	96	4	4	130	414	537	0.15	28.1
D2AJU3	Q27RI0	33.333	36	24	0	123	158	252	287	0.66	26.2
D2AJU3	Q5ZZ03	35.484	31	19	1	128	158	243	272	1.0	25.8
D2TI15	YP_003367517_1	100.000	189	0	0	1	189	1	189	1.85e-144	395
D2TI15	Q9AJW7	29.670	182	127	1	1	182	1	181	2.13e-24	90.5
D2TI15	YP_003236082_1	27.333	150	105	3	43	189	53	201	1.54e-12	59.3
D2TI15	Q326S7	30.435	69	43	2	63	128	76	142	4.59e-04	35.0
D2TI15	Q9KNE5	31.915	47	23	1	44	90	669	706	0.56	26.6
D2TJZ3	D2AJ46	34.426	244	144	7	40	276	41	275	2.21e-32	117
D2TJZ3	Q327J1	33.632	223	134	6	59	276	1	214	9.62e-29	105
D2TJZ3	YP_002306162_1	40.000	20	12	0	225	244	256	275	3.6	24.6
D2TJZ3	YP_153927_1	61.111	18	6	1	253	269	1022	1039	3.9	24.6
D2TJZ3	Q5ZU22	30.612	49	28	2	100	143	861	908	4.2	24.6
D2TJZ4	A1KWQ2	80.361	443	72	4	1	430	1	441	0.0	694
D2TJZ4	A1KWP5	80.233	344	56	1	99	430	2	345	0.0	550
D2TJZ4	I3QKE3	34.921	63	34	2	241	297	371	432	0.15	29.6
D2TJZ4	Q45716	24.370	119	72	5	207	319	683	789	0.44	28.5
D2TJZ4	NP_820063_1	24.658	73	50	2	199	271	146	213	4.6	25.0
D2TK70	B7UNX4	90.606	330	31	0	1	330	1	330	0.0	627
D2TK70	Q8ZMY7	24.096	166	101	7	68	227	78	224	0.39	27.7
D2TK70	Q8ZQA1	30.556	72	36	3	168	227	97	166	0.62	26.6
D2TK70	YP_418361_1	28.947	38	27	0	32	69	28	65	4.1	24.3
D2TK70	Q5ZVX6	64.286	14	5	0	11	24	726	739	6.2	24.3
D2TK72	Q8X4X1	61.111	108	38	1	85	192	86	189	1.43e-43	140
D2TK72	YP_001961118_1	34.884	43	26	1	147	189	253	293	0.63	26.2
D2TK72	Q5ZSM7	40.625	32	19	0	88	119	668	699	0.65	26.2
D2TK72	A0A656GG29	22.368	76	44	3	116	176	197	272	0.71	25.8
D2TK72	B4SX34	29.231	65	39	1	53	117	319	376	1.8	24.6
D2TKD5	B7UH72	43.603	383	215	1	15	397	9	390	2.00e-112	330
D2TKD5	Q326N4	21.898	274	192	11	45	305	28	292	5.99e-08	49.7
D2TKD5	Q45755	34.328	67	31	4	210	275	510	564	0.79	27.3
D2TKD5	NP_819950_2	32.394	71	32	3	209	275	407	465	2.7	25.4
D2TKD5	D4HZV6	44.000	25	14	0	172	196	400	424	2.9	25.4
D2TKD7	YP_003080462_1	65.079	252	82	1	1	252	1	246	1.68e-94	276
D2TKD7	A2A0X5	33.184	223	117	16	89	295	177	383	1.40e-13	66.2
D2TKD7	A2A0X5	32.340	235	132	13	73	295	117	336	1.42e-13	66.2
D2TKD7	A2A0X5	31.915	235	133	13	73	295	211	430	1.81e-12	62.8
D2TKD7	A2A0X5	30.935	278	168	12	30	295	24	289	3.06e-10	56.2
D2TKD7	A4PDU9	30.435	207	122	9	1	199	1	193	7.31e-10	53.5
D2TKD7	A4PDU9	31.757	148	83	9	107	246	56	193	7.65e-07	44.7
D2TKD7	A4PDU9	35.043	117	60	8	187	295	87	195	1.03e-06	44.3
D2TKD7	BAF45424_1	32.258	217	127	11	89	295	123	329	1.86e-07	47.4
D2TKD7	BAF45424_1	30.351	313	169	12	1	295	1	282	1.72e-06	44.3
D2TKD7	Q156B7	29.231	130	81	4	46	175	104	222	0.047	30.8
D2TKD7	Q156B7	34.043	47	30	1	255	301	125	170	1.3	26.2
D2TKE1	Q8XC86	61.994	321	113	3	1	321	1	312	1.67e-119	342
D2TKE1	D8P480	30.667	75	48	2	130	200	607	681	0.70	27.3
D2TKE1	Q9R803	25.000	116	78	4	4	115	1	111	0.80	26.6
D2TKE1	Q881L7	30.120	83	53	3	166	247	3	81	2.2	25.4
D2TKE1	O84856	32.203	59	37	1	33	88	15	73	3.4	24.3
D2TKE2	Q7DB81	70.000	380	108	1	1	380	1	374	0.0	529
D2TKE2	O84947	34.043	94	59	3	104	195	80	172	4.98e-07	47.0
D2TKE2	P37131	26.380	163	96	6	154	302	139	291	0.003	35.0
D2TKE2	D2TZ34	35.616	73	39	3	117	185	289	357	0.009	33.5
D2TKE2	YP_003294926_1	22.901	131	83	3	56	185	59	172	0.072	30.4
D2TKE9	YP_003236082_1	81.773	203	37	0	1	203	1	203	1.96e-125	348
D2TKE9	Q9AJW7	32.624	141	87	3	37	177	32	164	9.64e-20	78.6
D2TKE9	YP_003367517_1	27.407	135	96	2	53	187	43	175	1.93e-13	62.0
D2TKE9	Q326S7	30.769	117	78	3	74	187	76	192	1.72e-09	51.2
D2TKE9	AAW70649_1	25.472	106	62	5	111	200	1	105	0.52	25.4
D2TKF1	BAI28417_1	67.251	171	56	0	9	179	1	171	4.25e-85	244
D2TKF1	A9ZNG6	25.000	100	55	5	28	124	12	94	0.18	27.3
D2TKF1	Q89BB8	55.000	20	9	0	154	173	685	704	0.51	26.6
D2TKF1	Q5ZRQ1	30.612	49	33	1	127	175	1197	1244	1.1	25.4
D2TKF1	YP_415003_1	33.333	18	12	0	87	104	42	59	6.5	21.9
D2TKF8	BAI32344_1	65.000	100	33	1	1	100	1	98	4.75e-26	89.0
D2TKF8	YP_127577_1	39.286	28	17	0	5	32	542	569	0.18	26.2
D2TKF8	A0KHZ7	50.000	22	11	0	7	28	2607	2628	2.8	22.7
D2TKF8	D4T570	36.842	38	24	0	47	84	198	235	8.1	21.2
D2TML3	YP_003364209_1	100.000	235	0	0	1	235	1	235	2.15e-178	484
D2TML3	E7PP21	35.443	79	45	3	137	211	141	217	0.003	33.5
D2TML3	C1CWG1	26.452	155	98	6	65	219	261	399	0.003	33.9
D2TML3	Q7DB81	42.857	28	12	1	184	211	76	99	5.7	23.5
D2TML3	NP_819077_1	37.037	27	17	0	185	211	300	326	6.8	23.5
D2TRX7	A9ZNG6	83.276	293	49	0	1	293	1	293	0.0	514
D2TRX7	Q99PZ6	27.612	134	88	4	133	259	27	158	4.77e-10	53.9
D2TRX7	Q99PZ6	20.370	54	33	2	236	286	41	87	1.4	25.4
D2TRX7	O84871	23.485	132	95	3	149	274	259	390	1.7	25.8
D2TRX7	Q9Z8P7	31.429	35	23	1	166	200	7	40	2.3	24.6
D2TRX7	D8P480	26.923	52	29	2	240	288	232	277	2.8	25.0
D2TRX8	Q8XAL7	85.185	189	28	0	4	192	1	189	1.44e-121	337
D2TRX8	Q5ZVT5	30.952	84	46	4	23	102	868	943	0.98	25.8
D2TRX8	CAH11504_1	24.719	89	62	2	30	116	484	569	1.2	25.4
D2TRX8	Q5ZZF1	24.427	131	73	7	49	171	126	238	1.7	24.6
D2TRX8	Q5ZSR5	39.535	43	23	2	10	49	878	920	4.6	23.5
D2TRY1	YP_002328290_1	83.410	217	36	0	1	217	1	217	1.37e-136	377
D2TRY1	ACT72390_1	78.947	171	36	0	47	217	2	172	6.11e-102	288
D2TRY1	S6TW99	43.182	44	22	1	174	214	161	204	6.16e-06	41.2
D2TRY1	S6U3U1	40.476	42	22	1	174	212	25	66	7.38e-04	32.7
D2TRY1	F3IDL2	22.059	136	99	3	79	211	11	142	0.002	33.5
D2TT37	B7UI21	88.754	329	37	0	1	329	1	329	0.0	615
D2TT37	M9ZTT7	32.759	58	32	2	201	258	2139	2189	0.41	28.1
D2TT37	ABS77055_1	52.174	23	8	1	234	253	90	112	1.5	25.8
D2TT37	Q5ZXT6	25.000	60	33	1	194	253	104	151	1.7	25.8
D2TT37	C7BKP9_2	32.812	64	39	2	216	276	2271	2333	2.1	25.8
D2TT38	YP_002330704_1	85.714	224	32	0	1	224	1	224	1.87e-147	406
D2TT38	NP_820840_1	35.417	48	28	2	62	108	500	545	0.76	26.2
D2TT38	ABS77747_2	45.000	40	19	2	100	136	87	126	2.3	24.6
D2TT38	Q5ZSZ4	41.463	41	23	1	174	214	71	110	2.5	24.6
D2TT38	Q989R4	30.000	40	28	0	56	95	590	629	3.9	24.3
D2ZDL2	C6BHF2	47.009	117	58	3	7	122	6	119	2.33e-29	99.0
D2ZDL2	YP_124394_1	41.667	24	14	0	8	31	17	40	0.22	25.8
D2ZDL2	O84144	35.714	28	18	0	2	29	190	217	1.2	24.3
D2ZDL2	Q5ZZ81	23.810	63	38	2	70	122	147	209	2.8	23.1
D2ZDL2	E6Z0R3	53.333	15	7	0	6	20	35	49	6.4	21.9
D4E4R6	D4I0Q7	47.368	152	73	3	1	150	1	147	1.01e-42	135
D4E4R6	A7MQ14	26.126	111	67	7	48	148	46	151	1.1	24.6
D4E4R6	YP_002303928_1	42.857	35	18	1	104	138	121	153	3.8	23.5
D4E4R6	A0RKJ6	52.941	17	8	0	88	104	100	116	6.3	22.3
D4E4R6	A0KHZ7	27.451	51	35	1	107	155	478	528	7.2	22.7
D5WCZ6	B1YTK4	37.410	139	63	6	1	129	1	125	1.10e-18	72.0
D5WCZ6	A1TMA4	38.393	112	51	6	24	130	47	145	2.60e-14	61.2
D5WCZ6	Q45755	28.846	52	25	2	7	55	539	581	1.2	24.3
D5WCZ6	Q939S9	45.000	20	11	0	79	98	16	35	1.5	23.9
D5WCZ6	P56956	33.333	24	16	0	14	37	552	575	3.2	23.1
D6J6Z7	D4I0Q7	52.414	145	62	2	3	141	4	147	1.11e-50	155
D6J6Z7	NP_819463_1	37.931	29	18	0	48	76	79	107	0.36	26.6
D6J6Z7	Q89TX4	24.675	77	58	0	67	143	130	206	0.81	25.4
D6J6Z7	Q89TX4	24.719	89	66	1	67	155	342	429	2.8	23.9
D6J6Z7	Q9L6W3	38.889	18	11	0	89	106	2	19	4.2	23.1
D6J6Z7	YP_414462_1	34.286	35	22	1	66	100	61	94	4.7	23.1
F5RYK9	D4I0Q7	45.181	166	76	3	1	160	3	159	3.15e-48	149
F5RYK9	A7MQ14	25.773	97	59	5	39	128	46	136	0.001	33.5
F5RYK9	P55711	28.125	64	41	2	31	94	201	259	0.50	26.2
F5RYK9	Q89TX4	38.750	80	37	5	80	155	220	291	0.59	25.8
F5RYK9	Q5ZRP9	34.884	43	25	2	64	106	353	392	0.65	25.8
F6AQK3	C6BHF2	57.273	110	42	3	14	122	13	118	1.80e-36	117
F6AQK3	Q48245	25.000	44	33	0	69	112	232	275	0.57	25.4
F6AQK3	D3UYN1	37.037	54	25	2	10	62	1031	1076	0.93	24.6
F6AQK3	Q55286	26.923	26	19	0	78	103	166	191	1.1	24.3
F6AQK3	Q5ZRQ1	38.710	31	18	1	31	60	207	237	1.1	24.6
G4QDA2	D4I0Q7	36.242	149	71	6	3	142	26	159	2.45e-16	67.4
G4QDA2	A7MQ14	28.037	107	72	3	11	115	40	143	6.85e-06	39.3
G4QDA2	Q7WRZ5	26.136	88	48	5	8	93	33	105	0.66	25.4
G4QDA2	C1CWG1	42.857	21	12	0	121	141	394	414	6.1	22.3
G4QDA2	AAR21118_1	29.348	92	47	6	34	125	1295	1368	8.5	21.9
H9L407	O84951	100.000	260	0	0	1	260	1	260	0.0	517
H9L407	AAX49626_1	100.000	48	0	0	1	48	1	48	7.14e-28	97.4
H9L407	CAA12192_1	29.114	158	88	7	13	158	10	155	3.21e-05	39.7
H9L407	O84290	28.788	66	33	3	82	136	56	118	0.56	26.9
H9L407	Q48DU8	50.000	26	12	1	25	49	278	303	1.2	26.2
H9L446	ZP_03075317_1	99.275	138	1	0	1	138	1	138	2.04e-100	280
H9L446	ZP_02468792_1	22.314	121	94	0	5	125	9	129	5.18e-10	50.1
H9L446	Q5ZRK2	25.714	70	37	2	8	64	480	547	0.066	28.1
H9L446	NP_820621_1	26.923	130	77	6	21	136	144	269	0.090	27.7
H9L446	Q07833	33.333	21	14	0	8	28	1406	1426	8.3	21.9
H9L486	CAA12192_1	100.000	229	0	0	1	229	1	229	3.10e-173	471
H9L486	O84951	29.114	158	88	7	10	155	13	158	2.82e-05	39.7
H9L486	Q5ZT91	27.160	81	53	2	35	109	75	155	0.29	27.3
H9L486	NP_642922_1	35.714	42	22	2	187	225	252	291	0.55	26.6
H9L486	YP_096169_1	31.818	44	21	1	14	57	259	293	1.0	26.2
H9L4Q3	Q0PZH6	78.488	172	37	0	1	172	1	172	3.93e-105	294
H9L4Q3	B5R7C3	73.837	172	45	0	1	172	1	172	4.49e-98	276
H9L4Q3	P46855	26.250	160	102	4	1	160	1	144	7.75e-13	60.8
H9L4Q3	B4XHJ7	27.660	94	59	2	4	90	141	232	0.72	25.8
H9L4Q3	Q5ZYK7	40.476	42	15	2	100	140	694	726	6.2	23.1
O34020	CAP03784_1	52.493	381	177	4	14	392	14	392	3.88e-122	356
O34020	Q5ZSI8	33.333	51	32	1	329	377	361	411	0.093	30.4
O34020	Q5ZYJ6	31.034	58	32	1	203	260	721	770	0.19	29.3
O34020	CBA73375_1	19.704	203	140	7	172	365	116	304	0.41	28.1
O34020	Q5ZUY2	31.746	63	29	3	97	153	88	142	0.58	27.7
O34208	C8BNX0	47.145	613	316	5	70	682	16	620	2.67e-166	487
O34208	Q5ZRP9	27.778	324	172	12	96	387	27	320	3.87e-15	74.3
O34208	Q5ZW60	26.332	319	154	11	106	359	26	328	9.70e-12	63.5
O34208	YP_096418_1	22.564	390	236	15	57	425	11	355	1.28e-10	60.1
O34208	Q5ZVL4	26.119	268	131	9	94	358	295	498	2.52e-10	59.3
A0A0H3MD02	P0DPS5	98.901	273	3	0	1	273	1	273	0.0	543
A0A0H3MD02	Q46210	22.685	216	142	6	8	198	37	252	4.49e-06	42.7
A0A0H3MD02	Q9Z8Z8	20.952	315	185	8	3	255	8	320	4.38e-04	36.6
A0A0H3MD02	P37033	26.667	90	52	3	5	84	75	160	0.55	26.6
A0A0H3MD02	ACJ19516_1	25.714	105	70	2	131	235	80	176	1.4	25.4
A0A0H3MGR4	P0DPS6	95.210	167	8	0	1	167	1	167	2.57e-110	307
A0A0H3MGR4	D8P4R3	36.000	50	23	2	109	149	34	83	1.6	24.6
A0A0H3MGR4	Q60236	35.714	28	18	0	56	83	4	31	1.8	24.3
A0A0H3MGR4	Q989R4	26.230	61	36	2	84	144	58	109	4.5	23.5
A0A0H3MGR4	Q5ZYV1	31.034	29	19	1	79	107	44	71	6.3	22.3
O84625	O84626	31.884	828	507	23	35	836	34	830	4.15e-118	374
O84625	O84718	23.616	271	190	3	565	832	131	387	6.91e-18	82.0
O84625	Q8FDW4	33.333	42	27	1	79	119	798	839	1.5	27.7
O84625	Q5ZYJ7	31.250	32	22	0	244	275	146	177	1.7	26.9
O84625	YP_414661_1	39.394	33	20	0	337	369	92	124	2.6	26.6
O84949	ZP_03075317_1	99.275	138	1	0	1	138	1	138	2.04e-100	280
O84949	ZP_02468792_1	22.314	121	94	0	5	125	9	129	5.18e-10	50.1
O84949	Q5ZRK2	25.714	70	37	2	8	64	480	547	0.066	28.1
O84949	NP_820621_1	26.923	130	77	6	21	136	144	269	0.090	27.7
O84949	Q07833	33.333	21	14	0	8	28	1406	1426	8.3	21.9
O84952	CAA12192_1	100.000	229	0	0	1	229	1	229	3.10e-173	471
O84952	O84951	29.114	158	88	7	10	155	13	158	2.82e-05	39.7
O84952	Q5ZT91	27.160	81	53	2	35	109	75	155	0.29	27.3
O84952	NP_642922_1	35.714	42	22	2	187	225	252	291	0.55	26.6
O84952	YP_096169_1	31.818	44	21	1	14	57	259	293	1.0	26.2
O85239	Q27RI0	66.667	729	241	2	1	729	1	727	0.0	993
O85239	YP_127810_1	36.145	83	49	3	244	323	164	245	9.54e-06	43.9
O85239	Q5ZZ03	30.097	103	58	6	235	329	222	318	1.16e-05	44.3
O85239	Q5ZVF7	35.385	65	38	2	263	323	219	283	1.29e-05	43.9
O85239	CAX11132_1	50.000	32	15	1	258	289	128	158	0.030	32.7
O85646	B7UH72	42.932	382	217	1	16	397	10	390	9.83e-111	326
O85646	Q326N4	21.147	279	202	9	37	304	20	291	3.46e-08	50.4
O85646	Q5ZVT6	23.585	106	73	1	271	376	34	131	0.87	26.9
O85646	ABD44194_1	24.000	75	47	1	138	212	453	517	1.6	26.6
O85646	ABD44194_1	21.739	138	103	2	80	213	423	559	7.6	24.3
O85646	ABD44194_1	27.692	65	46	1	149	213	660	723	7.9	24.3
O85646	B4XHJ7	29.268	41	29	0	27	67	407	447	1.7	26.2
P08008	Q7BRY7	95.890	219	9	0	1	219	1	219	4.32e-155	424
P08008	A6YCJ6	30.769	182	114	4	20	194	20	196	1.30e-15	70.5
P08008	A0FKE4	29.508	183	113	5	21	194	21	196	9.71e-14	65.1
P08008	Q5PEA9	30.909	110	73	2	109	215	174	283	6.68e-12	59.7
P08008	Q2TM57	39.286	28	17	0	145	172	197	224	0.53	26.6
P08538	Q27RI1	55.414	471	195	5	1	466	1	461	0.0	514
P08538	Q5PEA9	32.075	212	127	8	252	461	340	536	1.97e-22	95.5
P08538	P69978	41.772	79	41	1	51	129	42	115	4.89e-13	61.2
P08538	ABY91230_2	22.340	94	60	2	42	131	2819	2903	0.81	27.7
P08538	YP_096814_1	28.571	35	24	1	401	435	229	262	2.6	25.8
P0C2N1	O68703	93.168	322	22	0	1	322	1	322	0.0	625
P0C2N1	Q84H14	55.882	272	112	1	49	320	46	309	2.34e-112	324
P0C2N1	BAH47297_1	38.636	44	23	2	243	282	227	270	0.001	35.4
P0C2N1	A0KHZ7	35.593	59	30	3	257	307	2960	3018	0.002	35.0
P0C2N1	NP_642922_1	33.663	101	47	5	98	185	178	271	0.024	31.6
P0CI27	P0DPS5	97.436	273	7	0	1	273	1	273	0.0	536
P0CI27	Q46210	22.456	285	175	10	8	267	37	300	7.94e-07	45.1
P0CI27	Q9Z8Z8	21.519	316	184	8	2	255	7	320	1.89e-05	40.8
P0CI27	ACJ19516_1	26.667	105	69	2	131	235	80	176	0.19	28.1
P0CI27	Q5ZRT5	30.882	68	39	2	137	204	57	116	1.7	25.8
P0CZ04	Q57PP1	99.248	133	1	0	1	133	1	133	9.83e-98	272
P0CZ04	D5FW92	36.170	47	25	2	48	93	666	708	0.81	25.0
P0CZ04	Q5ZVJ1	47.059	17	9	0	90	106	429	445	1.0	24.6
P0CZ04	NP_820840_1	40.000	30	18	0	7	36	514	543	1.2	24.6
P0CZ04	Q87V79	32.653	49	33	0	61	109	260	308	1.5	24.3
P0DJ88	BAF45424_1	100.000	337	0	0	1	337	1	337	0.0	650
P0DJ88	A2A0X5	70.437	389	61	2	1	335	1	389	1.73e-171	479
P0DJ88	A2A0X5	94.961	258	13	0	80	337	181	438	6.90e-160	450
P0DJ88	A4PDU9	67.662	201	58	1	1	194	1	201	5.21e-86	254
P0DJ88	A4PDU9	95.968	124	5	0	214	337	80	203	1.54e-80	240
P0DJ88	A4PDU9	91.803	122	10	0	167	288	80	201	2.94e-75	226
P0DJ88	YP_003080462_1	32.624	282	103	12	1	235	1	242	6.38e-25	97.1
P0DJ88	YP_003080462_1	34.375	192	54	9	171	329	90	242	2.66e-14	67.4
P0DJ88	O84883	20.833	48	38	0	224	271	417	464	0.99	26.6
P0DJ88	O84883	20.833	48	38	0	177	224	417	464	1.8	25.8
P0DJ89	BAF45424_1	100.000	337	0	0	1	337	1	337	0.0	650
P0DJ89	A2A0X5	70.437	389	61	2	1	335	1	389	1.73e-171	479
P0DJ89	A2A0X5	94.961	258	13	0	80	337	181	438	6.90e-160	450
P0DJ89	A4PDU9	67.662	201	58	1	1	194	1	201	5.21e-86	254
P0DJ89	A4PDU9	95.968	124	5	0	214	337	80	203	1.54e-80	240
P0DJ89	A4PDU9	91.803	122	10	0	167	288	80	201	2.94e-75	226
P0DJ89	YP_003080462_1	32.624	282	103	12	1	235	1	242	6.38e-25	97.1
P0DJ89	YP_003080462_1	34.375	192	54	9	171	329	90	242	2.66e-14	67.4
P0DJ89	O84883	20.833	48	38	0	224	271	417	464	0.99	26.6
P0DJ89	O84883	20.833	48	38	0	177	224	417	464	1.8	25.8
P15273	Q27RI1	55.626	471	194	5	1	466	1	461	0.0	514
P15273	Q5PEA9	31.683	202	122	7	252	451	340	527	1.18e-22	96.3
P15273	P69978	43.038	79	40	1	51	129	42	115	2.25e-13	62.4
P15273	ABY91230_2	21.569	102	69	2	42	143	2819	2909	0.75	27.7
P15273	YP_096814_1	28.571	35	24	1	401	435	229	262	2.6	25.8
P18012	Q7NUS9	36.391	327	173	5	66	362	33	354	1.37e-51	171
P18012	Q3JL24	24.000	250	163	6	129	362	180	418	6.30e-06	43.1
P18012	D3UYN1	34.483	58	36	2	171	227	469	525	0.15	29.6
P18012	Q08677	28.378	74	52	1	237	309	429	502	0.48	27.7
P18012	ABS76998_1	33.333	33	22	0	37	69	183	215	1.3	26.2
P27474	Q7BS06	100.000	182	0	0	1	182	1	182	5.96e-137	375
P27474	Q5ZWC7	19.708	137	83	3	2	119	19	147	2.0	24.3
P27474	Q5ZYK7	33.333	33	15	1	127	152	341	373	2.3	24.3
P27474	A0KHA9	32.143	28	19	0	86	113	787	814	5.4	23.1
P27474	Q5ZSH1	36.364	44	21	1	107	150	163	199	7.0	22.7
P31492	Q7BRY7	100.000	219	0	0	1	219	1	219	1.16e-161	441
P31492	A6YCJ6	30.769	182	114	4	20	194	20	196	9.41e-15	67.8
P31492	A0FKE4	29.032	186	113	6	18	194	21	196	1.50e-13	64.3
P31492	Q5PEA9	30.000	110	74	2	109	215	174	283	5.19e-12	60.1
P31492	Q2TM57	39.286	28	17	0	145	172	197	224	0.51	26.6
P31493	Q7BRY7	95.890	219	9	0	1	219	1	219	4.32e-155	424
P31493	A6YCJ6	30.769	182	114	4	20	194	20	196	1.30e-15	70.5
P31493	A0FKE4	29.508	183	113	5	21	194	21	196	9.71e-14	65.1
P31493	Q5PEA9	30.909	110	73	2	109	215	174	283	6.68e-12	59.7
P31493	Q2TM57	39.286	28	17	0	145	172	197	224	0.53	26.6
P33548	Q326S7	97.596	208	5	0	1	208	1	208	5.85e-151	413
P33548	YP_003236082_1	25.000	148	103	4	41	185	39	181	5.62e-09	49.7
P33548	Q9AJW7	26.549	113	76	3	70	180	56	163	1.15e-06	43.1
P33548	YP_003367517_1	30.435	69	43	2	76	142	63	128	3.89e-04	35.4
P33548	YP_003367517_1	33.871	62	38	2	3	64	124	182	1.0	25.4
P33548	B5F5S8	26.087	138	88	6	50	184	173	299	0.006	32.3
P40296	P42713	100.000	307	0	0	1	307	1	307	0.0	614
P40296	P40699	29.310	174	108	4	131	298	128	292	2.01e-08	50.1
P40296	O85094	26.733	101	66	2	201	301	32	124	4.25e-05	38.1
P40296	Q7N0V1	25.000	48	36	0	249	296	301	348	3.1	25.0
P40296	Q5ZZ76	28.814	59	42	0	140	198	608	666	3.7	24.6
P68590	ZP_06208163_1	100.000	165	0	0	1	165	1	165	7.75e-121	333
P68590	Q5ZZC1	27.523	109	64	3	67	160	746	854	0.16	27.7
P68590	Q939S9	28.571	56	38	1	27	80	268	323	2.9	23.9
P68590	Q5ZSU4	22.472	89	56	2	17	105	476	551	6.5	22.7
P68590	A0KHZ7	36.842	38	19	1	6	38	4100	4137	6.5	22.7
D0ZWR8	Q57PP1	99.248	133	1	0	1	133	1	133	9.83e-98	272
D0ZWR8	D5FW92	36.170	47	25	2	48	93	666	708	0.81	25.0
D0ZWR8	Q5ZVJ1	47.059	17	9	0	90	106	429	445	1.0	24.6
D0ZWR8	NP_820840_1	40.000	30	18	0	7	36	514	543	1.2	24.6
D0ZWR8	Q87V79	32.653	49	33	0	61	109	260	308	1.5	24.3
P74988	NP_783660_1	68.564	369	94	2	1	349	22	388	1.21e-155	444
P74988	NP_783660_1	63.986	286	99	2	82	367	245	526	2.00e-99	300
P74988	D0ZVG2	42.601	223	114	8	30	247	153	366	5.23e-37	137
P74988	D0ZVG2	33.971	209	113	3	158	365	200	384	9.45e-23	95.5
P74988	D0ZVG2	41.000	100	56	2	75	171	281	380	1.66e-11	61.2
P74988	Q6XVT8	41.277	235	120	7	23	249	24	248	7.27e-29	113
P74988	Q6XVT8	42.748	131	75	0	207	337	83	213	1.28e-16	76.6
P74988	Q6XVT8	37.333	150	72	1	165	314	83	210	1.79e-13	67.0
P74988	Q6XVT8	40.230	87	52	0	260	346	76	162	7.45e-13	65.1
P74988	Q6XVT8	41.860	86	50	0	240	325	76	161	8.97e-09	52.4
P74988	ZP_03368310_1	41.026	117	68	1	34	149	164	280	2.46e-18	80.1
P74988	ZP_03368310_1	47.561	82	42	1	220	300	206	287	4.44e-12	61.6
P74988	ZP_03368310_1	43.373	83	46	1	205	286	211	293	2.97e-09	53.1
P74988	ZP_03368310_1	32.110	109	53	1	158	266	206	293	4.52e-07	46.2
P74988	ZP_03368310_1	36.905	84	52	1	260	342	206	289	1.09e-06	45.1
P74988	ZP_03368310_1	33.333	66	43	1	280	344	206	271	0.009	33.1
P74988	P55456	39.855	138	58	4	74	207	106	222	8.47e-13	64.7
P74988	P55456	43.478	92	49	3	203	291	111	202	1.73e-10	57.8
P74988	P55456	35.833	120	54	3	153	270	103	201	1.51e-09	54.7
P74988	P55456	41.748	103	57	3	213	312	101	203	2.11e-09	54.3
P74988	P55456	39.806	103	55	4	133	232	105	203	1.16e-07	48.9
P74988	P55456	39.759	83	48	2	253	333	101	183	1.25e-07	48.9
Q05129	Q8XC86	61.371	321	115	3	1	321	1	312	5.02e-121	346
Q05129	Q4G4D1	26.596	94	60	2	46	130	35	128	0.079	29.6
Q05129	Q5ZWZ3	32.432	37	19	1	278	308	202	238	1.7	25.8
Q05129	Q5ZYW5	34.286	35	21	1	283	315	191	225	2.1	25.4
Q05129	O84947	32.955	88	46	6	59	138	117	199	2.3	25.4
Q05608	Q27RI0	65.981	729	246	2	4	732	1	727	0.0	980
Q05608	Q5ZVF7	30.108	93	61	2	266	354	219	311	9.16e-06	44.3
Q05608	YP_127810_1	34.940	83	50	3	247	326	164	245	1.15e-05	43.9
Q05608	Q5ZZ03	27.642	123	75	6	238	352	222	338	1.20e-05	44.3
Q05608	Q5ZZ03	42.105	38	18	1	392	425	96	133	9.5	25.0
Q05608	CAX11132_1	53.125	32	14	1	261	292	128	158	0.021	33.5
Q13LX5	B1YTK4	40.164	122	63	6	10	125	8	125	2.14e-18	71.2
Q13LX5	A1TMA4	37.963	108	57	4	21	126	46	145	3.00e-17	68.6
Q13LX5	Q881L7	75.000	12	3	0	93	104	809	820	0.45	25.8
Q13LX5	Q5ZWI4	34.884	43	27	1	42	84	35	76	0.94	24.6
Q13LX5	ZP_02468792_1	33.333	33	22	0	94	126	16	48	1.2	23.9
Q13YG4	C6BHF2	42.857	126	63	4	6	130	2	119	3.67e-26	91.3
Q13YG4	C8BNW8	37.500	32	20	0	15	46	577	608	2.1	23.9
Q13YG4	D0EM77	32.353	34	18	1	74	102	107	140	2.8	23.5
Q13YG4	YP_505319_1	31.579	38	26	0	73	110	462	499	4.5	22.7
Q13YG4	YP_002303928_1	36.000	25	16	0	65	89	395	419	9.0	21.9
Q1W4Y8	C8BNX0	47.145	613	316	5	70	682	16	620	5.62e-166	486
Q1W4Y8	Q5ZRP9	27.778	324	172	12	96	387	27	320	3.80e-15	74.3
Q1W4Y8	Q5ZW60	26.332	319	154	11	106	359	26	328	1.12e-11	63.2
Q1W4Y8	YP_096418_1	22.564	390	236	15	57	425	11	355	1.32e-10	59.7
Q1W4Y8	Q5ZVL4	26.119	268	131	9	94	358	295	498	2.39e-10	59.3
Q29ST3	YP_096471_1	100.000	647	0	0	1	647	1	647	0.0	1333
Q29ST3	Q5ZWI4	27.907	129	86	2	513	638	192	316	1.60e-10	58.5
Q29ST3	Q5ZSB6	38.272	81	50	0	556	636	346	426	5.93e-08	50.8
Q29ST3	D4HZV6	35.849	53	33	1	178	229	334	386	1.8	26.9
Q29ST3	Q3JL24	31.148	61	36	2	513	569	282	340	3.2	26.2
Q2F7Y9	BAF45424_1	82.493	337	12	1	1	290	1	337	3.25e-159	442
Q2F7Y9	A2A0X5	65.497	342	64	2	1	288	1	342	1.87e-136	389
Q2F7Y9	A2A0X5	90.909	209	19	0	80	288	181	389	8.95e-133	379
Q2F7Y9	A2A0X5	92.417	211	16	0	80	290	228	438	6.79e-125	359
Q2F7Y9	A4PDU9	68.159	201	57	1	1	194	1	201	7.94e-89	259
Q2F7Y9	A4PDU9	91.935	124	10	0	167	290	80	203	7.85e-78	231
Q2F7Y9	YP_003080462_1	31.915	282	105	12	1	235	1	242	6.88e-25	95.9
Q2F7Y9	YP_003080462_1	33.854	192	55	9	124	282	90	242	4.30e-13	63.2
Q2F7Y9	O84883	20.833	48	38	0	224	271	417	464	1.1	26.2
Q2F7Y9	O84883	20.833	48	38	0	130	177	417	464	1.6	25.8
Q2F7Z0	Q58I88	57.659	581	207	10	1	549	1	574	0.0	526
Q2F7Z0	ABS78353_1	28.155	103	63	3	383	480	19	115	0.35	28.9
Q2F7Z0	Q5ZVZ8	33.333	30	20	0	366	395	375	404	1.3	26.9
Q2F7Z0	Q5ZT14	31.034	29	20	0	375	403	218	246	2.2	26.2
Q2F7Z0	CAJ10235_1	31.373	51	29	1	311	355	45	95	4.3	25.0
Q2T711	P18011	30.055	549	349	8	77	623	65	580	7.37e-52	184
Q2T711	D2TZ34	27.143	420	249	13	254	623	254	666	7.73e-19	85.9
Q2T711	D2TZ34	25.688	109	73	4	48	151	229	334	0.49	28.9
Q2T711	D2TZ34	25.882	85	55	3	256	333	61	144	2.2	26.6
Q2T711	Q7DB81	29.762	84	51	3	301	379	127	207	4.47e-04	38.1
Q2T711	P37131	23.324	343	178	13	291	609	109	390	0.100	30.8
Q2T711	O84947	36.170	47	22	2	315	353	115	161	0.31	29.3
Q31SH3	Q6XVT8	68.085	564	149	6	1	540	15	571	0.0	735
Q31SH3	D0ZVG2	38.858	543	305	7	18	536	155	694	1.17e-119	364
Q31SH3	P55456	36.238	505	276	14	45	534	69	542	1.14e-80	258
Q31SH3	ZP_03368310_1	42.308	130	71	2	22	148	165	293	7.76e-24	97.4
Q31SH3	NP_783660_1	33.702	181	75	3	22	178	56	215	1.34e-19	87.4
Q31SH3	NP_783660_1	38.571	140	78	3	68	204	366	500	1.06e-16	78.6
Q31SH3	NP_783660_1	41.007	139	74	3	68	203	306	439	1.80e-16	77.8
Q31SH3	NP_783660_1	35.714	182	108	4	25	203	204	379	6.53e-16	75.9
Q31SH3	NP_783660_1	39.716	141	73	4	68	203	186	319	2.81e-14	70.9
Q31SH3	NP_783660_1	38.776	147	79	3	68	208	286	427	3.92e-14	70.5
Q31SH3	NP_783660_1	37.584	149	85	3	68	216	346	486	4.10e-14	70.1
Q326Z6	Q6XVT8	67.908	564	150	6	1	540	15	571	0.0	734
Q326Z6	D0ZVG2	38.391	547	302	6	18	536	155	694	5.08e-120	365
Q326Z6	P55456	36.183	503	279	13	45	534	69	542	6.12e-81	259
Q326Z6	ZP_03368310_1	42.308	130	71	2	22	148	165	293	6.92e-24	97.4
Q326Z6	NP_783660_1	33.702	181	75	3	22	178	56	215	6.46e-20	88.6
Q326Z6	NP_783660_1	38.571	140	78	3	68	204	366	500	4.98e-17	79.3
Q326Z6	NP_783660_1	41.007	139	74	3	68	203	306	439	8.23e-17	78.6
Q326Z6	NP_783660_1	35.714	182	108	4	25	203	204	379	2.90e-16	77.0
Q326Z6	NP_783660_1	39.716	141	73	4	68	203	186	319	9.80e-15	72.4
Q326Z6	NP_783660_1	38.776	147	79	3	68	208	286	427	1.86e-14	71.2
Q326Z6	NP_783660_1	37.584	149	85	3	68	216	346	486	1.96e-14	71.2
Q3JL23	P18011	29.784	601	377	11	25	619	19	580	5.13e-53	187
Q3JL23	D2TZ34	26.273	373	226	9	70	414	70	421	1.16e-19	88.6
Q3JL23	Q7DB81	29.762	84	51	3	297	375	127	207	7.81e-04	37.4
Q3JL23	O84951	39.583	48	23	2	335	379	62	106	0.95	27.3
Q3JL23	Q5ZWE8	37.143	35	17	2	348	382	158	187	0.98	27.7
Q3YTH5	Q6XVT8	68.440	564	147	6	1	540	15	571	0.0	743
Q3YTH5	D0ZVG2	38.391	547	302	6	18	536	155	694	2.18e-120	366
Q3YTH5	P55456	36.238	505	276	14	45	534	69	542	2.34e-81	260
Q3YTH5	ZP_03368310_1	42.308	130	71	2	22	148	165	293	6.54e-24	97.8
Q3YTH5	NP_783660_1	33.702	181	75	3	22	178	56	215	6.52e-20	88.6
Q3YTH5	NP_783660_1	38.571	140	78	3	68	204	366	500	5.07e-17	79.3
Q3YTH5	NP_783660_1	41.007	139	74	3	68	203	306	439	8.23e-17	78.6
Q3YTH5	NP_783660_1	35.714	182	108	4	25	203	204	379	3.06e-16	77.0
Q3YTH5	NP_783660_1	39.716	141	73	4	68	203	186	319	9.63e-15	72.4
Q3YTH5	NP_783660_1	38.776	147	79	3	68	208	286	427	1.76e-14	71.2
Q3YTH5	NP_783660_1	37.584	149	85	3	68	216	346	486	1.94e-14	71.2
Q4G4D0	YP_003294926_1	99.791	478	1	0	29	506	1	478	0.0	964
Q4G4D0	BAE19885_1	96.063	254	10	0	206	459	1	254	1.74e-169	474
Q4G4D0	O84947	27.187	423	269	7	94	489	57	467	6.49e-42	152
Q4G4D0	P37131	25.287	261	169	9	158	403	131	380	1.15e-05	43.1
Q4G4D0	Q8XDQ1	25.410	122	73	5	197	317	8	112	0.27	28.9
Q51451	A0FKE4	62.587	433	158	2	22	453	24	453	1.13e-176	498
Q51451	A6YCJ6	51.923	208	97	2	22	229	24	228	1.94e-59	196
Q51451	Q87GI9	44.767	172	89	3	262	429	66	235	1.06e-36	130
Q51451	Q7BRY7	29.091	165	98	6	38	195	40	192	9.96e-11	57.0
Q51451	Q5PEA9	26.562	128	89	2	107	233	169	292	2.31e-06	45.1
Q56921	Q27RI0	65.981	729	245	3	1	728	1	727	0.0	984
Q56921	Q5ZZ03	31.068	103	57	6	235	329	222	318	5.58e-06	45.1
Q56921	YP_127810_1	36.145	83	49	3	244	323	164	245	9.53e-06	43.9
Q56921	Q5ZVF7	35.385	65	38	2	263	323	219	283	1.26e-05	43.9
Q56921	CAX11132_1	50.000	32	15	1	258	289	128	158	0.029	32.7
Q56935	Q7BS06	95.604	182	8	0	1	182	1	182	1.34e-131	362
Q56935	Q5ZSH1	36.364	44	21	1	107	150	163	199	5.1	23.1
Q56935	A0KHA9	32.143	28	19	0	86	113	787	814	5.4	23.1
Q56935	U1IBD2	50.000	18	9	0	135	152	1519	1536	5.8	23.1
Q56935	Q5ZWC7	19.549	133	80	3	2	115	19	143	6.1	22.7
Q57MS9	B4SX34	96.931	782	24	0	1	782	1	782	0.0	1574
Q57MS9	D2TTX7	34.301	551	328	12	243	781	253	781	4.02e-88	291
Q57MS9	Q8ZQ59	26.000	100	70	2	212	310	144	240	0.032	32.7
Q57MS9	Q8ZQ59	22.340	94	67	2	187	276	168	259	6.6	25.0
Q57MS9	Q4UNB2	31.707	41	28	0	544	584	4	44	0.41	28.1
Q57MS9	P40722	21.875	64	50	0	54	117	28	91	0.76	28.1
Q57P56	B5F5S8	95.710	303	13	0	1	303	14	316	0.0	605
Q57P56	YP_002040480_1	24.483	290	212	3	8	291	22	310	7.97e-21	86.7
Q57P56	Q326S7	26.812	138	87	5	160	286	50	184	2.69e-04	37.0
Q57P56	Q8ZQ79	29.091	55	39	0	17	71	34	88	0.015	32.0
Q57P56	ZP_03368310_1	20.455	220	149	6	17	227	34	236	0.019	31.6
Q57PN2	ZP_03075317_1	99.275	138	1	0	1	138	1	138	2.04e-100	280
Q57PN2	ZP_02468792_1	22.314	121	94	0	5	125	9	129	5.18e-10	50.1
Q57PN2	Q5ZRK2	25.714	70	37	2	8	64	480	547	0.066	28.1
Q57PN2	NP_820621_1	26.923	130	77	6	21	136	144	269	0.090	27.7
Q57PN2	Q07833	33.333	21	14	0	8	28	1406	1426	8.3	21.9
Q57QR2	Q55286	46.970	396	205	4	166	559	146	538	2.44e-117	354
Q57QR2	Q8VQB5	30.882	68	39	2	380	447	121	180	0.46	28.5
Q57QR2	Q5ZSD5	36.585	41	24	1	426	466	613	651	0.48	28.5
Q57QR2	Q5ZSD5	29.730	37	26	0	52	88	668	704	2.1	26.6
Q57QR2	Q45882	22.353	85	60	1	258	342	46	124	1.6	26.9
Q57QR2	Q5ZTB4	31.818	44	28	1	393	434	52	95	3.2	25.8
Q5XL02	P37131	44.862	399	211	5	4	395	5	401	2.56e-108	320
Q5XL02	O84947	30.588	170	89	8	126	269	116	282	9.10e-09	52.4
Q5XL02	YP_003294926_1	29.304	273	146	12	114	373	116	354	8.83e-08	49.3
Q5XL02	Q7DB81	27.966	118	68	4	134	243	146	254	2.72e-05	41.2
Q5XL02	Q9REZ5	22.826	184	98	6	36	196	15	177	0.033	31.6
Q5XMK7	YP_002330704_1	85.714	224	32	0	1	224	1	224	1.87e-147	406
Q5XMK7	NP_820840_1	35.417	48	28	2	62	108	500	545	0.76	26.2
Q5XMK7	ABS77747_2	45.000	40	19	2	100	136	87	126	2.3	24.6
Q5XMK7	Q5ZSZ4	41.463	41	23	1	174	214	71	110	2.5	24.6
Q5XMK7	Q989R4	30.000	40	28	0	56	95	590	629	3.9	24.3
Q5ZRA8	YP_125349_1	99.082	871	8	0	1	871	1	871	0.0	1798
Q5ZRA8	Q2G1X0	50.000	24	12	0	36	59	57	80	2.3	26.9
Q5ZRA8	Q5ZWW7	24.468	94	52	3	557	649	43	118	2.7	26.2
Q5ZRA8	NP_820667_1	31.034	58	39	1	486	542	343	400	2.9	26.6
Q5ZRA8	YP_127577_1	27.059	85	51	2	187	271	229	302	5.8	25.8
Q5ZRE6	YP_125306_1	96.721	244	8	0	1	244	1	244	7.69e-179	486
Q5ZRE6	Q5ZZ81	26.786	56	35	1	155	204	28	83	1.4	25.8
Q5ZRE6	Q8XQE6	23.944	71	41	2	85	142	907	977	2.1	25.0
Q5ZRE6	Q8XQE6	50.000	16	8	0	7	22	1272	1287	3.2	24.6
Q5ZRE6	A0A0H3AIG7	40.000	35	14	2	181	208	362	396	4.8	23.9
Q5ZRE6	Q5ZSL3	31.429	35	24	0	164	198	430	464	5.5	23.9
Q5ZRJ3	YP_125249_1	97.017	637	19	0	1	637	1	637	0.0	1269
Q5ZRJ3	CAH11303_1	31.250	272	151	10	213	480	189	428	2.63e-23	99.0
Q5ZRJ3	Q5ZR83	26.519	181	110	6	252	426	336	499	3.31e-04	38.9
Q5ZRJ3	AAW71035_1	37.500	48	27	2	392	439	970	1014	0.003	36.2
Q5ZRJ3	Q5ZRS4	28.814	118	66	4	320	430	198	304	0.13	30.4
Q5ZRJ3	Q5ZRS4	40.000	40	19	2	304	339	217	255	8.0	24.6
Q5ZRP8	YP_125191_1	99.267	546	4	0	1	546	1	546	0.0	1118
Q5ZRP8	NP_820078_1	20.290	138	88	4	5	140	45	162	0.57	27.7
Q5ZRP8	Q5ZSB6	24.545	110	71	4	203	302	4	111	2.7	26.2
Q5ZRP8	A0A0H3AIG7	31.148	61	39	2	325	382	227	287	3.9	25.8
Q5ZRP8	Q44061	37.500	40	24	1	197	235	134	173	4.1	25.4
Q5ZRQ0	Q5X159	99.167	240	2	0	7	246	1	240	0.0	493
Q5ZRQ0	Q5ZYK7	24.806	129	78	3	18	144	10	121	1.5	25.4
Q5ZRQ0	Q5ZUJ5	26.829	82	47	2	128	197	3	83	1.8	25.0
Q5ZRQ0	Q5ZSU2	35.897	39	21	1	148	182	325	363	2.4	24.6
Q5ZRQ0	O33680	47.826	23	12	0	163	185	360	382	7.2	23.5
Q5ZRR5	YP_003620158_1	95.909	660	27	0	24	683	1	660	0.0	1314
Q5ZRR5	P0DPS5	25.503	149	79	7	49	169	39	183	0.30	29.3
Q5ZRR5	Q4KC90	38.000	50	22	3	562	602	67	116	2.2	26.2
Q5ZRR5	Q88BF6	34.783	46	24	3	257	297	3	47	7.4	25.0
Q5ZRR5	NP_820513_1	32.075	53	31	1	596	648	337	384	8.1	25.0
Q5ZSC8	YP_124949_1	98.204	167	1	1	1	165	1	167	3.86e-120	332
Q5ZSC8	AAW71035_1	29.412	102	51	5	61	151	842	933	0.049	29.3
Q5ZSC8	NP_819024_1	39.394	33	18	1	73	103	278	310	0.92	25.0
Q5ZSC8	NP_820705_1	28.261	46	24	2	93	129	45	90	3.3	23.5
Q5ZSC8	NP_820705_1	26.415	106	71	2	59	157	201	306	8.0	22.3
Q5ZSC8	ACJ20814_1	48.000	25	8	1	140	159	363	387	3.6	23.5
Q5ZSK6	YP_124884_1	91.785	913	66	4	5	917	1	904	0.0	1707
Q5ZSK6	ABQ56057_1	30.303	132	91	1	340	470	12	143	1.82e-13	69.3
Q5ZSK6	Q5ZSR5	27.692	65	31	1	15	63	10	74	0.007	35.4
Q5ZSK6	P55117	35.227	88	47	4	657	742	162	241	0.018	34.3
Q5ZSK6	NP_820476_2	31.250	80	41	3	213	290	423	490	1.2	28.1
Q5ZSN5	YP_096399_1	35.079	382	225	5	15	388	10	376	5.92e-79	247
Q5ZSN5	Q5ZV00	32.174	115	78	0	79	193	82	196	7.06e-14	68.6
Q5ZSN5	Q5ZYT6	24.607	191	129	3	82	258	195	384	4.62e-12	63.5
Q5ZSN5	NP_820749_1	30.128	156	94	5	82	233	7	151	5.30e-07	45.8
Q5ZSN5	A0KHZ7	22.222	108	82	1	99	204	2474	2581	0.066	31.2
Q5ZSQ3	YP_096471_1	100.000	647	0	0	1	647	1	647	0.0	1333
Q5ZSQ3	Q5ZWI4	27.907	129	86	2	513	638	192	316	1.60e-10	58.5
Q5ZSQ3	Q5ZSB6	38.272	81	50	0	556	636	346	426	5.93e-08	50.8
Q5ZSQ3	D4HZV6	35.849	53	33	1	178	229	334	386	1.8	26.9
Q5ZSQ3	Q3JL24	31.148	61	36	2	513	569	282	340	3.2	26.2
Q5ZT06	YP_124619_1	98.639	147	2	0	1	147	1	147	2.11e-102	285
Q5ZT06	AAR21118_1	30.909	55	31	1	35	89	577	624	0.052	28.9
Q5ZT06	AAW70866_1	31.373	51	35	0	94	144	66	116	0.10	27.7
Q5ZT06	Q5ZR83	41.667	36	19	1	1	36	293	326	0.69	25.4
Q5ZT06	Q5ZWE0	24.051	79	59	1	52	130	539	616	3.2	23.5
Q5ZT43	YP_127577_1	99.532	641	3	0	1	641	1	641	0.0	1325
Q5ZT43	YP_001424477_2	30.952	42	29	0	398	439	452	493	0.23	30.0
Q5ZT43	YP_001424477_2	28.846	52	37	0	398	449	419	470	2.6	26.6
Q5ZT43	YP_001424477_2	29.268	41	29	0	401	441	356	396	6.8	25.0
Q5ZT43	YP_505319_1	35.714	42	27	0	398	439	827	868	0.24	30.0
Q5ZT43	YP_505319_1	32.203	59	29	2	398	448	178	233	9.2	24.6
Q5ZT43	AAW70876_1	32.500	40	27	0	397	436	23	62	0.34	27.3
Q5ZT43	Q5ZYH0	33.898	59	34	1	384	437	484	542	0.41	28.9
Q5ZT43	Q5ZYH0	29.268	41	29	0	401	441	473	513	9.3	24.6
Q5ZT65	YP_124559_1	100.000	467	0	0	1	467	1	467	0.0	969
Q5ZT65	Q5ZYH0	38.667	75	44	1	57	129	461	535	1.40e-07	49.3
Q5ZT65	Q5ZYH0	28.358	67	46	1	25	89	462	528	0.006	34.3
Q5ZT65	YP_001424477_2	28.788	132	92	1	19	150	374	503	1.01e-06	46.6
Q5ZT65	YP_001424477_2	30.337	89	62	0	33	121	355	443	4.16e-05	41.6
Q5ZT65	YP_001424477_2	28.571	77	53	2	11	86	432	507	0.090	30.8
Q5ZT65	YP_001424477_2	23.077	78	60	0	45	122	334	411	0.25	29.3
Q5ZT65	YP_002306162_1	37.879	66	41	0	32	97	275	340	3.81e-06	44.3
Q5ZT65	YP_002306162_1	29.333	75	52	1	44	117	221	295	0.033	32.0
Q5ZT65	YP_002306162_1	35.185	54	34	1	34	86	73	126	2.6	25.8
Q5ZT65	AAW71035_1	42.222	45	26	0	58	102	368	412	0.006	34.7
Q5ZT65	AAW71035_1	33.708	89	51	3	25	110	517	600	0.007	34.3
Q5ZT65	AAW71035_1	61.538	13	5	0	58	70	725	737	5.7	25.0
Q5ZTI6	YP_096188_1	100.000	601	0	0	1	601	8	608	0.0	1253
Q5ZTI6	NP_819427_1	27.273	55	38	1	271	323	283	337	1.4	27.3
Q5ZTI6	P0DPI1	27.778	54	31	2	283	328	1007	1060	1.7	26.9
Q5ZTI6	NP_820668_1	39.474	38	18	1	393	425	698	735	1.8	26.9
Q5ZTI6	Q9Z785	55.556	18	8	0	517	534	129	146	2.6	26.2
Q5ZTK6	YP_096515_1	56.718	774	324	6	99	866	36	804	0.0	919
Q5ZTK6	D3GUW5	32.895	76	44	4	705	773	287	362	0.010	34.7
Q5ZTK6	P40722	26.374	91	61	3	218	303	194	283	0.15	30.8
Q5ZTK6	YP_095397_1	48.485	33	17	0	450	482	486	518	0.20	30.4
Q5ZTK6	Q5ZYJ7	23.256	86	51	2	695	772	58	136	0.34	29.3
Q5ZTK8	YP_096169_1	89.065	1518	156	3	1	1518	6	1513	0.0	2803
Q5ZTK8	YP_096169_1	54.583	480	200	4	1065	1527	1439	1917	1.05e-145	487
Q5ZTK8	YP_096170_1	54.872	1560	616	26	1	1533	8	1506	0.0	1616
Q5ZTK8	Q5ZSK8	32.812	256	136	11	237	469	21	263	7.70e-25	104
Q5ZTK8	YP_096167_1	32.275	189	108	7	288	469	1	176	5.61e-19	85.1
Q5ZTK8	Q5ZVE4	25.103	243	127	9	224	423	281	511	1.81e-09	57.4
Q5ZTL4	YP_096161_1	49.880	417	186	6	1	409	8	409	8.42e-134	389
Q5ZTL4	Q5ZSB6	27.184	103	62	5	225	323	250	343	0.17	29.6
Q5ZTL4	Q7PC45	23.214	56	39	1	212	263	510	565	0.30	28.9
Q5ZTL4	Q5ZWE0	34.043	47	24	1	189	228	22	68	2.1	26.2
Q5ZTL4	Q48245	29.032	62	41	1	60	121	622	680	2.8	25.8
Q5ZTL7	YP_124394_1	97.315	149	4	0	1	149	1	149	1.67e-108	302
Q5ZTL7	YP_001424477_2	30.000	70	46	1	63	132	391	457	0.004	32.7
Q5ZTL7	YP_001424477_2	39.535	43	24	1	61	103	422	462	0.034	29.6
Q5ZTL7	P26831	25.000	52	39	0	79	130	428	479	0.71	25.8
Q5ZTL7	Q5ZZ76	30.189	53	34	1	123	172	1457	1509	3.2	23.9
Q5ZTL7	O84648	23.377	77	44	2	49	125	102	163	3.3	23.5
Q5ZUA0	YP_124199_1	98.170	601	11	0	1	601	1	601	0.0	1219
Q5ZUA0	O84232	28.000	75	49	3	365	439	12	81	0.50	28.1
Q5ZUA0	NP_819125_1	32.727	55	33	1	270	320	38	92	0.80	27.7
Q5ZUA0	Q9KS43_2	44.444	27	15	0	223	249	355	381	2.6	26.2
Q5ZUA0	NP_819130_1	37.838	37	23	0	380	416	133	169	3.0	25.8
Q5ZUP1	YP_124034_1	99.010	202	2	0	14	215	1	202	2.90e-152	416
Q5ZUP1	Q5ZS27	30.000	60	38	1	115	170	17	76	0.15	27.7
Q5ZUP1	Q5ZW15	25.676	74	46	2	10	80	50	117	3.4	23.9
Q5ZUP1	Q5ZY89	37.500	24	15	0	77	100	318	341	3.4	24.3
Q5ZUP1	P23874	33.333	33	22	0	25	57	41	73	4.8	23.5
Q5ZUY1	YP_123950_1	97.581	372	9	0	1	372	1	372	0.0	733
Q5ZUY1	Q5ZY89	31.579	38	23	1	320	354	40	77	6.3	24.3
Q5ZVT4	YP_096234_1	39.510	367	211	5	1	362	3	363	1.32e-69	219
Q5ZVT4	NP_820440_1	40.000	105	58	1	90	189	118	222	5.22e-19	84.3
Q5ZVT4	NP_820440_1	41.228	114	62	1	52	160	116	229	1.05e-17	80.1
Q5ZVT4	NP_820440_1	27.230	213	131	6	87	275	66	278	2.19e-16	76.3
Q5ZVT4	NP_820440_1	26.901	171	101	2	147	317	54	200	1.77e-13	67.4
Q5ZVT4	NP_820440_1	29.197	137	84	2	220	343	54	190	1.79e-08	51.6
Q5ZVT4	ABS78590_1	28.571	91	57	2	27	110	14	103	3.86e-04	37.4
Q5ZVT4	ABS78590_1	26.263	99	71	2	57	154	7	104	2.1	25.8
Q5ZVT4	ABS78590_1	27.273	66	47	1	143	208	22	86	5.1	24.3
Q5ZVT4	NP_819338_1	22.078	77	55	2	229	304	83	155	0.41	28.1
Q5ZVT4	NP_819338_1	29.508	122	77	3	52	173	88	200	0.46	27.7
Q5ZVT4	P56957	30.357	56	38	1	265	319	665	720	0.85	26.9
Q5ZYG7	YP_122809_1	97.449	196	5	0	1	196	1	196	6.13e-144	394
Q5ZYG7	WP_005169901_1	22.936	109	70	4	70	170	170	272	0.094	28.9
Q5ZYG7	Q5ZU83	29.825	57	40	0	29	85	428	484	0.52	26.6
Q5ZYG7	ABY91230_2	33.333	36	24	0	57	92	133	168	0.85	25.8
Q5ZYG7	ABY91230_2	25.000	56	41	1	120	174	46	101	3.5	23.9
Q5ZYG7	P0CZ00	46.429	28	14	1	163	189	771	798	0.93	25.8
Q5ZZ71	CAH11303_1	97.748	444	10	0	1	444	1	444	0.0	889
Q5ZZ71	YP_125249_1	30.420	286	155	10	189	438	213	490	2.64e-21	92.0
Q5ZZ71	Q5ZR83	29.808	104	60	5	228	324	336	433	0.17	29.6
Q5ZZ71	Q5ZR83	24.419	86	51	2	146	218	150	234	3.4	25.4
Q5ZZ71	Q9REG7	21.176	85	49	3	323	398	229	304	0.38	28.5
Q5ZZ71	D8P480	24.000	50	32	2	149	198	999	1042	0.88	27.3
Q5ZZI9	YP_122373_1	98.113	159	3	0	1	159	1	159	3.72e-113	313
Q5ZZI9	O84107	38.235	34	21	0	17	50	383	416	0.10	28.1
Q5ZZI9	Q5ZRH0	42.308	26	15	0	108	133	394	419	0.15	27.7
Q5ZZI9	O84947	23.404	47	36	0	113	159	120	166	1.3	24.6
Q5ZZI9	Q5ZZ03	46.667	30	15	1	14	43	198	226	1.3	25.0
Q62B07	P18011	29.950	601	376	11	25	619	19	580	5.79e-54	189
Q62B07	D2TZ34	26.273	373	226	9	70	414	70	421	1.25e-19	88.6
Q62B07	Q7DB81	29.762	84	51	3	297	375	127	207	7.54e-04	37.7
Q62B07	O84951	39.583	48	23	2	335	379	62	106	0.99	27.3
Q62B07	Q5ZWE8	37.143	35	17	2	348	382	158	187	1.0	27.3
Q62B08	Q3JL24	99.761	419	1	0	1	419	1	419	0.0	821
Q62B08	YP_096471_1	31.148	61	36	2	282	340	513	569	1.8	26.2
Q62B08	A0A656JXQ0	30.612	49	34	0	279	327	100	148	3.5	25.0
Q62B08	C8BNW8	27.273	77	45	2	251	327	99	164	3.6	25.4
Q62B08	Q63K38	42.105	38	22	0	132	169	265	302	4.5	25.0
Q63K34	P18011	29.950	601	376	11	25	619	19	580	5.79e-54	189
Q63K34	D2TZ34	26.273	373	226	9	70	414	70	421	1.25e-19	88.6
Q63K34	Q7DB81	29.762	84	51	3	297	375	127	207	7.54e-04	37.7
Q63K34	O84951	39.583	48	23	2	335	379	62	106	0.99	27.3
Q63K34	Q5ZWE8	37.143	35	17	2	348	382	158	187	1.0	27.3
Q63K35	Q3JL24	99.761	419	1	0	1	419	1	419	0.0	821
Q63K35	YP_096471_1	31.148	61	36	2	282	340	513	569	1.8	26.2
Q63K35	A0A656JXQ0	30.612	49	34	0	279	327	100	148	3.5	25.0
Q63K35	C8BNW8	27.273	77	45	2	251	327	99	164	3.6	25.4
Q63K35	Q63K38	42.105	38	22	0	132	169	265	302	4.5	25.0
Q63K42	A2S1Q9	99.023	512	5	0	1	512	1	512	0.0	1018
Q63K42	P33546	31.443	388	249	6	2	384	3	378	5.50e-59	199
Q63K42	Q5PEA9	29.630	81	54	1	38	118	48	125	2.98e-09	54.7
Q63K42	Q7NUS9	27.941	68	46	1	432	496	285	352	0.57	28.1
Q63K42	Q9I739	33.333	30	20	0	173	202	361	390	1.2	26.9
Q663I2	ZP_06208163_1	99.394	165	1	0	1	165	1	165	5.01e-120	331
Q663I2	Q5ZZC1	25.688	109	66	3	67	160	746	854	0.28	26.9
Q663I2	Q939S9	28.571	56	38	1	27	80	268	323	0.80	25.4
Q663I2	A0KHZ7	36.842	38	19	1	6	38	4100	4137	6.3	22.7
Q663I2	A0A656JXQ0	33.333	27	18	0	79	105	53	79	8.6	22.3
Q663L9	NP_783660_1	61.228	570	157	6	1	550	1	526	0.0	590
Q663L9	D0ZVG2	41.631	233	123	6	51	272	153	383	1.65e-38	145
Q663L9	D0ZVG2	43.373	166	89	4	226	388	207	370	3.00e-24	102
Q663L9	D0ZVG2	39.024	164	95	3	386	548	225	384	2.94e-20	90.1
Q663L9	Q6XVT8	43.192	213	110	4	43	251	23	228	3.16e-34	132
Q663L9	Q6XVT8	42.857	175	85	5	265	432	82	248	2.43e-19	87.0
Q663L9	Q6XVT8	42.208	154	79	3	183	333	82	228	6.66e-17	79.3
Q663L9	Q6XVT8	38.514	148	89	1	368	515	83	228	2.07e-14	71.2
Q663L9	Q6XVT8	40.458	131	78	0	390	520	83	213	4.17e-14	70.5
Q663L9	Q6XVT8	37.805	164	95	2	347	510	82	238	5.52e-14	70.1
Q663L9	Q6XVT8	41.860	86	50	0	423	508	76	161	7.87e-10	56.6
Q663L9	Q6XVT8	37.143	70	44	0	461	530	74	143	9.21e-06	43.9
Q663L9	ZP_03368310_1	41.085	129	75	1	55	182	164	292	1.67e-22	93.6
Q663L9	ZP_03368310_1	47.561	82	42	1	403	483	206	287	1.02e-12	64.3
Q663L9	ZP_03368310_1	50.000	68	33	1	308	374	213	280	1.55e-08	51.6
Q663L9	ZP_03368310_1	35.780	109	47	2	157	264	206	292	1.87e-08	51.6
Q663L9	ZP_03368310_1	43.210	81	45	1	390	469	213	293	2.66e-08	50.8
Q663L9	ZP_03368310_1	47.059	68	35	1	226	292	213	280	1.85e-07	48.5
Q663L9	ZP_03368310_1	35.780	109	47	2	239	346	206	292	7.25e-07	46.6
Q663L9	ZP_03368310_1	38.571	70	43	0	456	525	220	289	2.53e-06	45.1
Q663L9	ZP_03368310_1	32.743	113	66	2	173	285	191	293	1.22e-05	42.7
Q663L9	ZP_03368310_1	31.858	113	67	2	337	449	191	293	1.88e-05	42.0
Q663L9	ZP_03368310_1	32.743	113	66	2	255	367	191	293	7.71e-05	40.0
Q663L9	P55456	40.260	154	78	8	82	224	70	220	1.08e-12	65.9
Q663L9	P55456	40.351	114	45	3	222	333	111	203	2.65e-11	61.2
Q663L9	P55456	41.228	114	44	3	304	415	111	203	3.44e-11	61.2
Q663L9	P55456	37.313	134	58	5	324	453	90	201	1.17e-09	56.2
Q663L9	P55456	37.008	127	56	4	396	520	101	205	4.76e-09	54.3
Q699Q8	P37131	43.970	398	211	5	4	390	5	401	5.96e-102	303
Q699Q8	O84947	32.000	125	75	2	98	212	88	212	5.39e-11	59.3
Q699Q8	YP_003294926_1	27.331	311	148	14	136	376	138	440	4.62e-08	50.1
Q699Q8	Q7DB81	28.846	156	91	5	116	267	131	270	3.14e-07	47.4
Q699Q8	Q9REZ5	23.776	143	93	4	86	212	54	196	0.023	32.0
Q6PLD0	Q93KQ5	36.397	272	156	5	21	286	26	286	4.91e-49	160
Q6PLD0	BAH47296_1	31.410	156	81	4	154	287	213	364	8.04e-15	69.7
Q6PLD0	A0FDW6	26.255	259	165	7	49	286	106	359	3.63e-12	61.6
Q6PLD0	F3FD65	24.101	278	166	12	19	283	65	310	5.03e-07	45.8
Q6PLD0	P55555	26.667	105	73	3	88	190	106	208	9.15e-07	44.7
Q6Q513	Q8XAL7	85.185	189	28	0	4	192	1	189	1.44e-121	337
Q6Q513	Q5ZVT5	30.952	84	46	4	23	102	868	943	0.98	25.8
Q6Q513	CAH11504_1	24.719	89	62	2	30	116	484	569	1.2	25.4
Q6Q513	Q5ZZF1	24.427	131	73	7	49	171	126	238	1.7	24.6
Q6Q513	Q5ZSR5	39.535	43	23	2	10	49	878	920	4.6	23.5
A0A4P7TTX1	D2AJE7	99.587	484	2	0	82	565	1	484	0.0	981
A0A4P7TTX1	D2AJ70	37.008	127	79	1	434	560	92	217	2.67e-16	73.9
A0A4P7TTX1	D2AJ70	37.864	103	63	1	389	491	92	193	2.11e-14	68.6
A0A4P7TTX1	D2AJ70	33.333	126	69	4	339	460	92	206	3.33e-08	50.1
A0A4P7TTX1	D2AJ70	39.726	73	43	1	275	347	117	188	1.09e-07	48.5
A0A4P7TTX1	D2AJ70	29.808	104	66	3	294	397	92	188	6.21e-05	40.0
A0A4P7TTX1	D2AJ70	31.646	79	54	0	471	549	85	163	9.69e-05	39.7
A0A4P7TTX1	D2AJ70	27.848	79	57	0	242	320	128	206	4.16e-04	37.7
A0A4P7TTX1	YP_002303928_1	50.000	22	11	0	278	299	175	196	2.5	26.2
A0A4P7TTX1	YP_002303928_1	45.455	22	12	0	278	299	101	122	8.5	24.6
A0A4P7TTX1	Q5ZTC3	43.750	32	18	0	142	173	609	640	3.3	26.2
A0A4P7TTX1	P56957	29.310	58	38	2	423	480	40	94	3.5	25.8
Q7BRY8	Q27RI1	55.626	471	194	5	1	466	1	461	0.0	514
Q7BRY8	Q5PEA9	31.683	202	122	7	252	451	340	527	1.18e-22	96.3
Q7BRY8	P69978	43.038	79	40	1	51	129	42	115	2.25e-13	62.4
Q7BRY8	ABY91230_2	21.569	102	69	2	42	143	2819	2909	0.75	27.7
Q7BRY8	YP_096814_1	28.571	35	24	1	401	435	229	262	2.6	25.8
Q7BRZ4	ZP_06208163_1	96.364	165	6	0	1	165	1	165	4.38e-115	319
Q7BRZ4	Q5ZZC1	27.523	109	64	3	67	160	746	854	0.55	26.2
Q7BRZ4	Q939S9	27.586	58	40	1	26	81	267	324	1.9	24.3
Q7BRZ4	Q888W3	25.275	91	56	3	79	157	53	143	5.7	22.3
Q7DB85	YP_003080462_1	100.000	248	0	0	1	248	1	248	1.05e-172	471
Q7DB85	A4PDU9	34.359	195	80	6	31	201	25	195	9.44e-19	77.4
Q7DB85	A4PDU9	35.616	73	23	3	185	242	85	148	0.002	33.9
Q7DB85	A2A0X5	33.495	206	68	9	73	242	117	289	5.89e-14	66.2
Q7DB85	A2A0X5	32.661	248	101	8	31	242	25	242	7.58e-14	65.9
Q7DB85	A2A0X5	35.119	168	49	8	73	216	258	389	1.08e-13	65.5
Q7DB85	BAF45424_1	33.333	189	60	8	90	242	171	329	4.69e-13	63.2
Q7DB85	BAF45424_1	27.937	315	121	10	1	242	1	282	2.54e-12	61.2
Q7DB85	BAF45424_1	38.298	94	31	4	73	154	251	329	1.24e-08	50.1
Q7DB85	Q156B7	25.410	122	84	3	27	148	87	201	0.22	28.1
Q7NUX3	ZP_02468792_1	50.781	128	63	0	9	136	7	134	2.04e-46	143
Q7NUX3	ZP_03075317_1	26.016	123	91	0	11	133	5	127	1.22e-12	57.0
Q7NUX3	Q5ZSL3	34.615	26	17	0	52	77	120	145	8.4	21.9
Q7NYG6	P0A2M9	76.763	241	56	0	1	241	1	241	9.32e-143	395
Q7NYG6	Q8VQB5	42.857	28	15	1	35	62	533	559	3.4	24.3
Q7NYG6	NP_066636_1	28.846	104	61	5	139	235	1288	1385	4.9	23.9
Q7NYG6	Q89N83	29.412	51	31	2	117	167	14	59	4.9	23.5
Q7NYG6	A0A6G7B150	29.730	37	26	0	21	57	25	61	7.3	23.1
Q7VWI4	Q9REZ5	96.750	400	13	0	3	402	1	400	0.0	747
Q7VWI4	P37131	24.581	358	218	15	51	399	83	397	3.21e-05	41.2
Q7VWI4	Q7DB81	26.562	128	88	3	39	165	78	200	0.001	36.2
Q7VWI4	I4L7C8	37.143	70	39	2	113	182	344	408	1.5	26.2
Q7VWI4	U1IBD2	27.778	108	68	4	181	284	1152	1253	2.7	25.8
Q7VWI4	U1IBD2	33.333	48	32	0	148	195	1319	1366	4.4	25.0
Q824H6	Q9Z7Y1	45.763	590	266	12	1	573	1	553	6.08e-125	390
Q824H6	O84462	33.476	702	320	23	168	760	294	957	2.05e-81	279
Q824H6	O84462	37.143	70	43	1	799	868	936	1004	0.001	38.1
Q824H6	Q8XQE6	27.778	54	39	0	580	633	376	429	5.4	26.2
Q824H6	Q84CS9	48.148	27	14	0	742	768	215	241	5.6	25.8
Q824H6	Q5ZT54	23.529	102	70	3	364	457	342	443	7.6	25.4
Q84GR3	Q93KQ5	99.653	288	1	0	1	288	1	288	0.0	590
Q84GR3	BAH47296_1	25.368	272	150	9	53	280	99	361	2.05e-12	62.4
Q84GR3	A0FDW6	24.123	228	144	8	53	257	106	327	7.10e-10	54.7
Q84GR3	P55555	20.690	145	110	3	53	196	69	209	3.01e-08	49.3
Q84GR3	F3FD65	22.088	249	151	9	23	257	65	284	7.28e-06	42.4
Q84GT9	NP_783660_1	100.000	526	0	0	1	526	1	526	0.0	1014
Q84GT9	D0ZVG2	41.485	229	109	4	51	276	153	359	8.13e-36	137
Q84GT9	D0ZVG2	45.283	159	79	3	227	380	205	360	6.31e-26	107
Q84GT9	D0ZVG2	44.937	158	82	3	284	439	205	359	2.92e-25	105
Q84GT9	D0ZVG2	39.779	181	104	3	344	522	205	382	3.76e-25	105
Q84GT9	D0ZVG2	36.634	202	121	3	259	453	200	401	5.74e-20	89.0
Q84GT9	D0ZVG2	48.485	33	17	0	104	136	329	361	0.24	29.6
Q84GT9	Q6XVT8	38.542	192	97	4	44	216	24	213	2.19e-24	102
Q84GT9	Q6XVT8	40.964	166	89	3	334	496	54	213	3.91e-16	76.6
Q84GT9	Q6XVT8	40.397	151	87	1	346	496	83	230	5.96e-16	76.3
Q84GT9	Q6XVT8	41.447	152	89	0	299	450	76	227	1.05e-15	75.5
Q84GT9	Q6XVT8	40.260	154	89	1	286	439	83	233	1.71e-15	74.7
Q84GT9	Q6XVT8	39.073	151	92	0	219	369	76	226	1.64e-14	71.6
Q84GT9	Q6XVT8	41.379	145	85	0	186	330	83	227	2.50e-14	70.9
Q84GT9	Q6XVT8	41.026	156	87	1	235	390	77	227	3.64e-14	70.5
Q84GT9	Q6XVT8	38.261	115	62	3	394	505	54	162	1.07e-11	62.8
Q84GT9	ZP_03368310_1	42.735	117	66	1	55	170	164	280	1.20e-20	88.2
Q84GT9	ZP_03368310_1	50.000	82	40	1	199	279	206	287	2.32e-11	60.5
Q84GT9	ZP_03368310_1	45.122	82	44	1	379	459	206	287	9.42e-11	58.5
Q84GT9	ZP_03368310_1	43.902	82	45	1	319	399	206	287	1.33e-10	58.2
Q84GT9	ZP_03368310_1	42.683	82	46	1	259	339	206	287	4.83e-10	56.2
Q84GT9	ZP_03368310_1	37.778	90	55	1	357	445	204	293	1.12e-07	48.9
Q84GT9	ZP_03368310_1	38.636	88	53	1	299	385	206	293	1.67e-07	48.5
Q84GT9	ZP_03368310_1	39.773	88	52	1	239	325	206	293	2.04e-07	48.1
Q84GT9	ZP_03368310_1	41.250	80	46	1	406	484	213	292	1.01e-06	46.2
Q84GT9	ZP_03368310_1	34.884	86	55	1	417	501	204	289	2.21e-06	45.1
Q84GT9	ZP_03368310_1	41.975	81	46	1	346	425	213	293	3.25e-06	44.3
Q84GT9	ZP_03368310_1	41.975	81	46	1	286	365	213	293	6.98e-06	43.5
Q84GT9	ZP_03368310_1	34.848	66	42	1	439	503	206	271	0.002	35.4
Q84GT9	P55456	43.885	139	64	8	82	211	70	203	8.31e-12	62.8
Q84GT9	P55456	39.216	102	59	3	352	450	101	202	5.05e-11	60.5
Q84GT9	P55456	36.364	121	56	3	272	390	101	202	6.34e-11	60.1
Q84GT9	P55456	40.196	102	58	3	232	330	101	202	1.25e-10	59.3
Q84GT9	P55456	37.190	121	53	4	192	309	101	201	5.79e-09	53.9
Q84GT9	P55456	43.689	103	55	3	372	471	101	203	7.85e-09	53.5
Q84GT9	P55456	41.748	103	57	3	252	351	101	203	1.87e-08	52.4
Q84GT9	P55456	37.349	83	50	2	412	492	101	183	3.89e-06	44.7
Q87GE5	B9A807	39.227	362	200	8	134	484	114	466	5.34e-69	223
Q87GE5	Q5ZZJ8	28.846	52	37	0	41	92	179	230	0.45	28.5
Q87GE5	YP_067323_1	27.273	154	91	7	5	146	301	445	0.50	28.1
Q87GE5	Q5ZSD5	28.395	81	36	3	265	323	455	535	3.3	25.8
Q87GE5	Q58I88	90.000	10	1	0	96	105	14	23	3.8	25.4
Q8VSC3	Q6XVT8	70.260	538	130	5	26	540	41	571	0.0	735
Q8VSC3	D0ZVG2	38.306	543	300	6	18	532	155	690	5.63e-119	362
Q8VSC3	P55456	36.238	505	276	14	45	534	69	542	8.85e-81	258
Q8VSC3	ZP_03368310_1	42.308	130	71	2	22	148	165	293	7.98e-24	97.4
Q8VSC3	NP_783660_1	33.702	181	75	3	22	178	56	215	6.29e-20	88.6
Q8VSC3	NP_783660_1	38.690	168	87	5	68	230	306	462	4.21e-17	79.7
Q8VSC3	NP_783660_1	38.571	140	78	3	68	204	366	500	4.93e-17	79.3
Q8VSC3	NP_783660_1	35.071	211	120	6	25	230	204	402	9.82e-17	78.6
Q8VSC3	NP_783660_1	38.235	170	85	6	68	230	186	342	3.48e-15	73.6
Q8VSC3	NP_783660_1	38.554	83	50	1	68	150	426	507	3.46e-08	51.6
Q8X482	A2A0X5	80.463	389	69	1	1	382	1	389	0.0	547
Q8X482	BAF45424_1	93.134	335	23	0	1	335	1	335	0.0	510
Q8X482	A4PDU9	69.154	201	55	1	1	194	1	201	4.31e-88	261
Q8X482	A4PDU9	91.129	124	11	0	261	384	80	203	8.24e-74	224
Q8X482	A4PDU9	87.705	122	15	0	167	288	80	201	7.50e-71	217
Q8X482	A4PDU9	85.246	122	18	0	214	335	80	201	2.51e-68	210
Q8X482	YP_003080462_1	31.915	282	105	12	1	235	1	242	2.31e-23	93.6
Q8X482	YP_003080462_1	35.338	133	44	6	265	376	90	201	2.57e-08	50.1
Q8X482	Q07833	21.918	73	57	0	6	78	143	215	3.2	25.4
Q8XBX7	YP_002330704_1	99.554	224	1	0	1	224	1	224	4.47e-169	460
Q8XBX7	P0A3W8	25.000	96	60	3	20	103	269	364	0.095	28.9
Q8XBX7	Q989R4	32.000	50	33	1	47	95	580	629	0.26	27.7
Q8XBX7	NP_820840_1	33.333	36	23	1	73	108	511	545	2.3	24.6
Q8XBX7	P09167	28.767	73	42	4	47	119	13	75	2.6	24.6
Q8Z4Z6	C6BHF2	57.391	115	43	4	8	120	7	117	2.67e-37	119
Q8Z4Z6	Q5ZUB9	35.000	40	24	1	13	50	148	187	0.39	25.8
Q8Z4Z6	NP_819821_1	35.135	37	20	1	8	40	87	123	2.0	23.1
Q8Z4Z6	A0A656JXF7	32.500	40	21	1	79	112	29	68	2.6	23.1
Q8Z4Z6	Q7PC42	25.000	48	36	0	19	66	1241	1288	3.3	23.1
Q8Z6L6	O84947	95.248	484	23	0	1	484	1	484	0.0	945
Q8Z6L6	YP_003294926_1	28.846	416	271	7	57	467	66	461	3.52e-46	163
Q8Z6L6	BAE19885_1	26.953	256	171	4	185	437	12	254	1.58e-23	95.1
Q8Z6L6	Q7DB81	32.323	99	61	4	78	172	93	189	7.45e-06	43.5
Q8Z6L6	P37131	31.034	87	50	2	129	211	138	218	8.08e-06	43.5
Q8Z969	B1YTK4	44.697	132	66	4	1	132	1	125	3.45e-31	103
Q8Z969	A1TMA4	28.906	128	71	4	11	133	33	145	2.11e-10	51.2
Q8Z969	Q939S9	41.379	29	17	0	67	95	12	40	0.11	27.3
Q8Z969	D4I0Q7	41.667	24	14	0	108	131	135	158	3.1	22.7
Q8Z969	AAS20351_1	34.286	35	23	0	48	82	904	938	3.4	23.1
Q8ZMI3	Q93KQ5	57.292	288	121	2	15	301	1	287	6.36e-119	339
Q8ZMI3	BAH47296_1	25.869	259	144	8	46	271	78	321	5.26e-11	58.2
Q8ZMI3	P55555	22.759	145	107	3	67	210	69	209	2.00e-08	49.7
Q8ZMI3	A0FDW6	24.464	233	141	7	65	271	104	327	3.11e-06	43.5
Q8ZMI3	D4HVP7	25.108	231	136	12	48	269	153	355	1.03e-04	38.9
Q8ZN18	Q8X782	31.435	439	275	4	55	493	32	444	5.85e-74	236
Q8ZN18	D0ZVG2	27.815	151	100	3	61	209	217	360	4.24e-08	51.2
Q8ZN18	D0ZVG2	24.167	120	78	4	140	257	198	306	1.1	27.3
Q8ZN18	NP_783660_1	30.857	175	104	8	65	234	319	481	1.53e-06	45.8
Q8ZN18	NP_783660_1	27.481	262	156	11	36	274	66	316	2.29e-06	45.4
Q8ZN18	NP_783660_1	28.000	75	53	1	65	139	439	512	0.002	36.2
Q8ZN18	D2TTX7	33.000	100	59	5	34	128	32	128	2.88e-06	45.4
Q8ZN18	D2TTX7	32.759	58	37	1	217	274	68	123	3.30e-04	38.5
Q8ZN18	D2TTX7	34.545	55	33	2	155	206	92	146	0.54	28.1
Q8ZN18	ZP_03368310_1	29.060	117	76	4	33	146	172	284	8.44e-06	43.1
Q8ZN18	ZP_03368310_1	42.857	49	27	1	64	112	246	293	5.40e-04	37.4
Q8ZN18	ZP_03368310_1	35.294	68	43	1	61	128	223	289	0.004	34.7
Q8ZNP4	B7UI21	56.678	307	127	2	43	347	27	329	2.94e-125	358
Q8ZNP4	YP_002302734_1	24.615	130	95	1	170	299	468	594	0.31	28.5
Q8ZNP4	YP_505319_1	24.390	82	59	1	116	197	115	193	1.0	26.9
Q8ZNP4	C7BKP9_2	28.125	64	42	2	234	294	2271	2333	2.4	25.8
Q8ZNP4	ABS77885_2	20.833	48	38	0	36	83	64	111	2.9	25.0
Q8ZNR3	B4SX34	99.361	782	5	0	1	782	1	782	0.0	1620
Q8ZNR3	D2TTX7	34.120	551	329	12	243	781	253	781	1.17e-86	286
Q8ZNR3	Q8ZQ59	27.083	96	61	2	212	306	144	231	0.049	32.0
Q8ZNR3	Q8ZQ59	22.340	94	67	2	187	276	168	259	6.8	25.0
Q8ZNR3	P40722	21.875	64	50	0	54	117	28	91	1.5	27.3
Q8ZNR3	Q9L6W3	28.947	38	27	0	180	217	557	594	3.3	26.6
Q8ZQC8	P40722	43.260	319	178	2	1	319	1	316	1.84e-94	279
Q8ZQC8	YP_002040480_1	24.627	134	81	5	1	133	1	115	0.046	30.8
Q8ZQC8	Q9FD10	25.000	68	43	2	34	101	31	90	0.27	28.1
Q8ZQC8	AAR21118_1	30.000	40	28	0	175	214	1549	1588	4.5	24.6
Q8ZQC8	P18010	32.653	49	21	3	40	83	79	120	6.7	23.9
Q93KQ6	Q27RI0	66.529	729	242	2	1	729	1	727	0.0	996
Q93KQ6	YP_127810_1	36.145	83	49	3	244	323	164	245	8.83e-06	44.3
Q93KQ6	Q5ZZ03	30.097	103	58	6	235	329	222	318	1.19e-05	44.3
Q93KQ6	Q5ZZ03	42.105	38	18	1	389	422	96	133	9.9	24.6
Q93KQ6	Q5ZVF7	35.385	65	38	2	263	323	219	283	1.24e-05	43.9
Q93KQ6	CAX11132_1	50.000	32	15	1	258	289	128	158	0.030	32.7
Q93KU8	NP_783660_1	67.209	369	99	2	1	349	22	388	1.71e-152	436
Q93KU8	NP_783660_1	64.336	286	98	2	82	367	245	526	5.26e-102	307
Q93KU8	NP_783660_1	42.353	85	49	0	75	159	438	522	3.71e-11	59.7
Q93KU8	D0ZVG2	37.778	270	142	9	30	294	153	401	3.45e-35	132
Q93KU8	D0ZVG2	42.754	138	78	1	195	331	216	353	2.42e-22	94.4
Q93KU8	D0ZVG2	36.264	91	56	2	260	348	200	290	3.35e-08	50.8
Q93KU8	Q6XVT8	34.457	267	145	7	23	269	24	280	3.73e-29	114
Q93KU8	Q6XVT8	41.985	131	76	0	207	337	83	213	4.45e-16	75.1
Q93KU8	Q6XVT8	39.355	155	92	1	165	319	83	235	2.27e-14	69.7
Q93KU8	Q6XVT8	38.750	80	49	0	267	346	83	162	4.22e-12	62.8
Q93KU8	Q6XVT8	41.860	86	50	0	240	325	76	161	1.83e-09	54.7
Q93KU8	Q6XVT8	33.333	72	48	0	278	349	74	145	1.23e-05	42.4
Q93KU8	ZP_03368310_1	39.316	117	70	1	34	149	164	280	8.89e-18	78.6
Q93KU8	ZP_03368310_1	47.561	82	42	1	220	300	206	287	1.54e-11	60.1
Q93KU8	ZP_03368310_1	40.909	88	51	1	200	286	206	293	9.31e-09	51.6
Q93KU8	ZP_03368310_1	36.905	84	52	1	260	342	206	289	1.00e-07	48.5
Q93KU8	ZP_03368310_1	36.264	91	55	2	156	245	204	292	1.70e-06	44.7
Q93KU8	ZP_03368310_1	34.286	70	45	1	280	348	206	275	4.47e-04	37.0
Q93KU8	P55456	39.855	138	58	4	74	207	106	222	3.05e-13	66.2
Q93KU8	P55456	36.719	128	55	4	153	278	103	206	2.39e-11	60.5
Q93KU8	P55456	41.837	98	54	3	197	291	105	202	2.73e-11	60.1
Q93KU8	P55456	39.623	106	59	4	129	232	101	203	1.76e-08	51.6
Q93KU8	P55456	40.777	103	58	3	213	312	101	203	1.84e-08	51.2
Q93KU8	P55456	37.349	83	50	2	253	333	101	183	9.47e-06	42.7
Q93KU8	P55456	33.333	54	35	1	297	349	105	158	0.051	30.8
Q93Q17	A0FKE4	72.537	477	105	2	1	475	1	453	0.0	661
Q93Q17	A6YCJ6	71.368	234	65	1	1	232	1	234	5.36e-107	320
Q93Q17	Q87GI9	45.455	176	91	3	280	452	63	236	5.45e-39	137
Q93Q17	Q7BRY7	29.944	177	107	7	28	194	25	194	1.52e-11	59.7
Q93Q17	Q5PEA9	30.172	116	80	1	103	217	168	283	2.16e-09	55.1
Q93RN4	O68703	99.689	322	1	0	1	322	1	322	0.0	671
Q93RN4	Q84H14	52.218	293	130	2	28	320	27	309	7.79e-113	325
Q93RN4	BAH47297_1	26.144	153	107	4	136	283	120	271	0.001	35.4
Q93RN4	A0KHZ7	34.211	76	39	4	258	322	2961	3036	0.001	35.8
Q93RN4	NP_642922_1	32.673	101	48	5	98	185	178	271	0.089	30.0
Q9I788	A0FKE4	68.627	459	136	3	1	457	1	453	0.0	588
Q9I788	A6YCJ6	54.430	237	100	3	1	235	1	231	1.06e-68	221
Q9I788	Q87GI9	45.665	173	87	4	265	433	66	235	3.84e-39	137
Q9I788	Q7BRY7	33.133	166	97	6	38	200	40	194	1.09e-14	68.9
Q9I788	Q5PEA9	26.852	108	78	1	110	216	169	276	2.19e-06	45.4
Q9KWH9	Q58I88	57.679	586	202	12	1	552	1	574	0.0	533
Q9KWH9	YP_095153_1	31.373	51	31	1	258	304	527	577	2.9	26.2
Q9KWH9	YP_095153_1	33.846	65	36	3	258	316	476	539	4.1	25.4
Q9KWH9	NP_819412_1	28.571	35	25	0	469	503	94	128	3.2	25.8
Q9KWH9	CAJ10235_1	35.849	53	26	2	304	350	40	90	4.6	25.0
Q9KWH9	Q5ZVZ8	30.000	30	21	0	366	395	375	404	5.9	25.0
Q9L9J3	B7UI21	61.765	306	117	0	26	331	24	329	7.41e-141	398
Q9L9J3	C7BKP9_2	39.216	51	28	2	218	265	2271	2321	0.28	28.5
Q9L9J3	Q5ZSR5	33.333	39	23	1	33	71	813	848	1.1	26.6
Q9L9J3	ABY91230_2	40.541	37	17	2	71	107	1315	1346	2.0	25.8
Q9L9J3	Q5ZTB8	39.286	28	17	0	195	222	880	907	2.7	25.4
Q9RI12	Q27RI0	65.844	729	247	2	4	732	1	727	0.0	978
Q9RI12	Q5ZVF7	30.108	93	61	2	266	354	219	311	9.01e-06	44.3
Q9RI12	YP_127810_1	34.940	83	50	3	247	326	164	245	1.14e-05	43.9
Q9RI12	Q5ZZ03	27.642	123	75	6	238	352	222	338	1.18e-05	44.3
Q9RI12	Q5ZZ03	42.105	38	18	1	392	425	96	133	9.6	25.0
Q9RI12	CAX11132_1	53.125	32	14	1	261	292	128	158	0.021	33.5
Q9S4P4	B4SX34	98.338	782	13	0	1	782	1	782	0.0	1602
Q9S4P4	D2TTX7	33.757	551	331	12	243	781	253	781	8.72e-86	284
Q9S4P4	Q8ZQ59	26.042	96	62	2	212	306	144	231	0.37	29.3
Q9S4P4	Q8ZQ59	22.340	94	67	2	187	276	168	259	3.9	25.8
Q9S4P4	P40722	21.875	64	50	0	54	117	28	91	1.5	27.3
Q9S4P4	Q9L6W3	28.947	38	27	0	180	217	557	594	3.3	26.6
Q9Z7Q6	O84534	35.135	296	173	8	38	328	16	297	1.14e-45	153
Q9Z7Q6	C6BHF2	36.842	38	23	1	119	155	18	55	0.29	27.3
Q9Z7Q6	A0KHZ7	33.803	71	43	2	259	326	3908	3977	1.8	26.2
Q9Z7Q6	NP_819077_1	40.909	22	13	0	41	62	185	206	3.6	25.0
Q9Z7Q6	NP_642922_1	25.000	48	36	0	204	251	352	399	5.7	24.3
Q9Z8L4	CAP03784_1	47.244	381	199	2	14	394	14	392	1.17e-110	327
Q9Z8L4	Q5ZU58	25.000	120	74	5	202	311	90	203	0.22	28.9
Q9Z8L4	P18010	32.381	105	59	6	215	317	165	259	1.6	26.2
Q9Z8L4	Q5ZYT6	33.333	42	22	2	1	42	537	572	1.8	26.2
Q9Z8L4	B0VVE2	40.000	25	15	0	237	261	22	46	2.3	25.4
Q46669	A4F298	49.817	273	125	4	1	268	1	266	4.56e-84	248
Q46669	ACJ18792_1	23.333	90	61	2	79	168	110	191	0.79	26.6
Q46669	A0KHZ7	25.000	68	50	1	163	229	2242	2309	1.2	26.2
Q46669	Q5ZXN6	27.160	81	47	3	133	205	679	755	1.4	25.8
Q46669	Q9AN16	42.424	33	18	1	211	243	93	124	2.9	24.6
Q8Z6A7	A4F298	48.201	278	116	5	1	264	1	264	5.34e-79	236
Q8Z6A7	NP_819448_1	43.478	46	25	1	141	185	379	424	0.020	31.6
Q8Z6A7	NP_819950_2	28.750	80	44	5	66	133	396	474	0.46	27.3
Q8Z6A7	Q887D0	30.303	66	33	3	153	213	468	525	1.9	25.4
Q8Z6A7	YP_002302734_1	41.667	24	14	0	184	207	133	156	4.9	24.3
Q9S676	A4F298	46.909	275	132	6	9	281	4	266	1.79e-77	232
Q9S676	P17452	34.146	41	27	0	108	148	1013	1053	0.52	27.3
Q9S676	D4I0Q7	25.806	62	42	2	49	107	24	84	1.5	25.0
Q9S676	YP_418361_1	37.143	35	22	0	149	183	32	66	3.0	24.3
Q9S676	Q48BE0	42.105	38	18	1	99	132	191	228	4.4	24.3
Q46101	A4F298	67.293	266	85	1	1	264	1	266	1.49e-130	366
Q46101	Q07833	25.000	84	58	2	23	101	442	525	3.3	24.6
Q46101	Q5ZSJ1	19.118	68	50	1	163	230	242	304	5.1	23.9
Q46101	U1IBD2	33.333	51	31	1	150	197	476	526	6.9	23.5
Q46101	Q5ZYJ6	41.667	24	14	0	1	24	68	91	8.8	23.5
A0A0A8J2Q4	A4F298	49.635	274	121	5	1	267	1	264	3.51e-80	239
A0A0A8J2Q4	D8P4R3	26.316	76	45	2	30	98	957	1028	0.23	28.5
A0A0A8J2Q4	NP_819448_1	37.500	48	29	1	136	182	374	421	0.49	27.3
A0A0A8J2Q4	AAS20351_1	23.288	73	51	2	36	106	1095	1164	4.2	24.3
A0A0A8J2Q4	YP_002302734_1	35.714	28	18	0	188	215	137	164	7.4	23.5
A4F2C8	A4F298	58.271	266	107	2	1	262	1	266	4.91e-106	304
A4F2C8	P13835	37.500	24	15	0	204	227	23	46	5.1	23.9
A4F2C8	Q9L4L8	33.333	42	25	1	62	100	18	59	5.1	23.9
A4F2C8	YP_096169_1	37.500	32	20	0	47	78	90	121	7.2	23.5
A4F2C8	Q68A49	53.846	26	11	1	129	154	200	224	7.4	23.5
Q46220	C4B698	31.422	436	260	14	44	453	4	426	3.60e-46	161
Q46220	A0KHA9	24.155	207	113	7	265	447	716	902	3.26e-06	45.1
Q46220	QGS36096_1	38.710	31	19	0	1	31	1	31	0.33	26.6
Q46220	H9L477	25.146	171	87	6	287	435	401	552	0.86	27.3
Q46220	A0KHZ7	30.435	69	38	3	346	412	2905	2965	0.96	27.3
P21454	H9L477	99.323	591	4	0	1	591	1	591	0.0	1211
P21454	Q7N8B1_2	60.504	238	89	3	353	590	175	407	9.65e-91	281
P21454	D5FW92	43.417	357	187	5	15	356	9	365	7.39e-71	244
P21454	A0KHA9	50.935	214	104	1	377	589	714	927	6.63e-63	219
P21454	Q27RI0	28.947	76	51	2	456	529	346	420	0.76	28.1
Q5EK40	P11439	32.612	693	385	22	1	666	1	638	1.62e-100	317
Q5EK40	ABS78590_1	52.381	21	10	0	570	590	195	215	0.74	28.1
Q5EK40	N1LIK5	35.821	67	36	3	569	635	499	558	1.6	27.3
Q5EK40	Q5ZUX2	25.000	76	53	1	593	664	212	287	4.7	25.4
Q5EK40	Q89BB8	28.814	59	26	2	464	512	857	909	6.2	25.4
P17450	H9L477	99.492	591	3	0	1	591	1	591	0.0	1218
P17450	Q7N8B1_2	60.504	238	89	3	353	590	175	407	1.30e-91	284
P17450	D5FW92	43.417	357	187	5	15	356	9	365	5.84e-72	247
P17450	A0KHA9	51.402	214	103	1	377	589	714	927	4.10e-64	222
P17450	Q88BP8	27.027	111	74	5	444	549	152	260	0.67	27.7
A0A0N2IV24	A0A3T0PDD9	100.000	1451	0	0	1	1451	14	1464	0.0	2927
A0A0N2IV24	B6A881	26.400	250	167	6	1171	1407	699	944	2.61e-14	73.6
A0A0N2IV24	WP_123778901_1	26.154	195	130	8	1250	1440	824	1008	1.96e-10	60.8
A0A0N2IV24	B9A810	23.630	292	187	12	1166	1446	105	371	1.16e-09	57.4
A0A0N2IV24	C7BKP9_2	27.723	101	69	1	811	911	2033	2129	4.89e-07	50.1
A0A0N2IV24	C7BKP9_2	25.197	127	83	3	649	774	1572	1687	3.43e-04	40.8
Q7W4W3	A0A3T0PDD9	99.317	1464	10	0	1	1464	1	1464	0.0	2932
Q7W4W3	B6A881	26.400	250	167	6	1184	1420	699	944	3.05e-14	73.6
Q7W4W3	WP_123778901_1	26.263	198	132	8	1260	1453	821	1008	4.35e-11	63.2
Q7W4W3	B9A810	23.630	292	187	12	1179	1459	105	371	1.10e-09	57.4
Q7W4W3	C7BKP9_2	27.723	101	69	1	824	924	2033	2129	3.14e-07	50.8
Q7W4W3	C7BKP9_2	24.409	127	84	3	662	787	1572	1687	4.97e-04	40.0
A0A0K5ZZ47	WP_123778901_1	68.047	1014	323	1	1	1013	1	1014	0.0	1461
A0A0K5ZZ47	P17452	24.691	567	364	18	2	527	36	580	2.29e-43	167
A0A0K5ZZ47	D4HZV6	22.886	402	264	13	9	397	255	623	3.13e-14	72.8
A0A0K5ZZ47	B6A881	25.523	239	147	8	727	956	690	906	1.02e-11	64.3
A0A0K5ZZ47	A0A3T0PDD9	32.090	134	88	3	823	955	1263	1394	1.66e-11	63.9
A0A0C6PDA9	A0A3T0PDD9	99.317	1464	10	0	1	1464	1	1464	0.0	2934
A0A0C6PDA9	B6A881	26.400	250	167	6	1184	1420	699	944	3.02e-14	73.6
A0A0C6PDA9	WP_123778901_1	26.263	198	132	8	1260	1453	821	1008	4.27e-11	63.2
A0A0C6PDA9	B9A810	23.630	292	187	12	1179	1459	105	371	1.10e-09	57.4
A0A0C6PDA9	C7BKP9_2	27.723	101	69	1	824	924	2033	2129	3.11e-07	50.8
A0A0C6PDA9	C7BKP9_2	25.197	127	83	3	662	787	1572	1687	3.46e-04	40.8
Q46962	WP_123778901_1	60.630	1016	396	4	1	1014	1	1014	0.0	1265
Q46962	P17452	26.172	512	327	15	4	481	38	532	8.81e-46	174
Q46962	D4HZV6	23.497	366	240	11	45	398	286	623	5.49e-17	81.6
Q46962	A0A3T0PDD9	31.159	138	92	3	820	956	1259	1394	7.53e-14	71.6
Q46962	B9A810	24.912	285	162	12	732	998	105	355	4.14e-12	64.7
O32586	A4F298	50.549	273	123	4	1	268	1	266	2.33e-85	252
O32586	P56957	22.400	125	78	3	95	203	390	511	1.4	25.8
O32586	ACJ18792_1	23.333	90	61	2	79	168	110	191	2.1	25.0
O32586	A0KHZ7	27.778	36	25	1	163	198	2242	2276	4.8	24.3
O32586	Q9AN16	42.424	33	18	1	211	243	93	124	5.0	23.9
C5ZZQ2	WP_123778901_1	61.024	1016	392	4	1	1014	1	1014	0.0	1269
C5ZZQ2	P17452	25.919	517	326	16	2	481	36	532	4.99e-45	172
C5ZZQ2	D4HZV6	23.716	409	261	14	3	398	253	623	1.76e-16	80.1
C5ZZQ2	A0A3T0PDD9	32.609	138	90	3	820	956	1259	1394	3.19e-15	76.3
C5ZZQ2	B6A881	27.074	229	149	8	737	957	688	906	7.44e-15	74.7
Q0E668	WP_123778901_1	67.949	1014	324	1	1	1013	1	1014	0.0	1460
Q0E668	P17452	24.868	567	363	18	2	527	36	580	5.48e-44	169
Q0E668	D4HZV6	22.886	402	264	13	9	397	255	623	2.97e-14	72.8
Q0E668	B6A881	25.523	239	147	8	727	956	690	906	9.29e-12	64.7
Q0E668	A0A3T0PDD9	32.090	134	88	3	823	955	1263	1394	1.59e-11	63.9
A0A2X1ZPD4	WP_123778901_1	58.979	1019	409	8	1	1015	1	1014	0.0	1236
A0A2X1ZPD4	P17452	26.419	511	331	17	2	481	36	532	3.53e-45	173
A0A2X1ZPD4	B6A881	31.250	176	112	5	817	991	769	936	1.56e-16	80.1
A0A2X1ZPD4	A0A3T0PDD9	33.113	151	91	4	820	964	1259	1405	1.74e-16	80.1
A0A2X1ZPD4	D4HZV6	23.404	282	189	8	19	288	262	528	8.35e-16	77.8
Q841V4	P22522	42.857	105	58	1	1	105	1	103	8.07e-21	75.9
Q841V4	P24022	42.857	35	16	2	16	49	18	49	1.3	22.7
Q841V4	N2A3B2	42.105	19	11	0	1	19	16	34	1.4	22.7
Q841V4	Q83TS1	30.435	46	25	2	1	39	1	46	1.7	22.7
Q841V4	Q9Z877	30.000	50	34	1	8	57	460	508	2.6	22.7
P0A312	P35518	46.032	63	34	0	1	63	1	63	6.06e-15	58.9
P0A312	P80493	37.931	29	18	0	42	70	13	41	0.68	22.3
P0A312	Q87X57	42.308	26	13	1	40	65	147	170	1.8	22.3
P0A312	ACJ17619_1	40.909	22	13	0	42	63	235	256	3.1	21.6
P0A312	O32831	41.176	17	10	0	6	22	13	29	3.4	20.8
P38578	P38580	52.381	42	12	2	1	42	1	34	1.85e-06	37.0
P38578	P0A310	37.879	66	33	3	1	65	1	59	5.11e-05	33.1
P38578	Q46313	38.889	54	30	2	1	54	1	51	8.64e-05	32.3
P38578	Q6TGQ7	43.182	44	21	2	4	46	1	41	0.030	26.2
P38578	ACJ17864_1	42.857	28	16	0	32	59	221	248	0.66	23.5
O34017	P38580	65.000	20	7	0	1	20	1	20	0.005	28.1
O34017	Q46313	66.667	18	6	0	1	18	1	18	0.007	27.7
O34017	P0A310	32.812	64	36	1	1	64	1	57	0.017	26.9
O34017	P80214	42.857	21	12	0	1	21	5	25	0.14	24.3
O34017	Q6TGQ7	50.000	16	8	0	4	19	1	16	0.15	24.3
P29430	Q6TGQ7	63.636	55	20	0	4	58	1	55	1.05e-19	70.1
P29430	P38580	51.282	39	19	0	1	39	1	39	1.17e-09	44.7
P29430	P0A310	40.000	55	32	1	1	54	1	55	1.69e-07	39.3
P29430	QGS36096_1	36.364	66	28	2	1	52	1	66	5.00e-07	38.5
P29430	WP_154581617_1	48.571	35	16	1	20	52	12	46	1.34e-05	34.3
P35618	Q6TGQ7	66.667	54	18	0	6	59	3	56	1.99e-21	74.3
P35618	P38580	47.500	40	21	0	1	40	1	40	9.09e-09	42.7
P35618	P80493	50.000	40	20	0	19	58	2	41	1.09e-08	42.0
P35618	P0A310	41.818	55	31	1	1	54	1	55	6.95e-08	40.0
P35618	QGS36096_1	38.095	63	28	2	1	52	4	66	8.93e-08	40.0
P80569	Q6TGQ7	76.786	56	13	0	4	59	1	56	2.43e-27	89.4
P80569	P38580	57.500	40	17	0	1	40	1	40	7.94e-12	50.4
P80569	P0A310	52.500	40	18	1	1	39	1	40	3.79e-07	38.5
P80569	P80493	47.500	40	21	0	19	58	2	41	5.29e-07	37.7
P80569	WP_154581617_1	54.545	33	13	1	20	50	12	44	5.91e-07	37.7
Q47784	P80493	60.976	41	16	0	24	64	2	42	3.29e-13	53.5
Q47784	P0A310	44.068	59	29	1	1	59	1	55	1.60e-09	44.3
Q47784	P38580	36.508	63	35	1	1	63	1	58	2.06e-09	44.3
Q47784	Q6TGQ7	41.667	60	30	1	4	63	1	55	9.91e-09	42.4
Q47784	QGS36096_1	48.837	43	19	2	25	65	32	73	4.44e-08	41.2
P38577	Q6TGQ7	60.000	35	14	0	11	45	2	36	6.08e-12	50.4
P38577	P38580	42.308	52	26	1	9	56	3	54	1.91e-09	44.3
P38577	B1NRV2	56.667	30	13	0	26	55	31	60	8.66e-08	40.0
P38577	P80493	63.636	22	8	0	25	46	2	23	1.33e-05	33.9
P38577	P0A310	38.298	47	28	1	11	56	5	51	5.86e-05	32.7
P34034	Q6TGQ7	49.091	55	24	1	11	61	2	56	5.34e-13	53.1
P34034	P38580	44.231	52	25	1	9	56	3	54	9.34e-11	47.8
P34034	B1NRV2	66.667	27	9	0	26	52	31	57	1.25e-08	42.4
P34034	P80493	61.905	21	8	0	25	45	2	22	4.51e-05	32.7
P34034	P0A310	36.170	47	29	1	11	56	5	51	6.83e-05	32.7
O30434	P0A310	64.815	54	18	1	16	69	7	59	5.67e-19	68.6
O30434	B1NRV2	56.863	51	20	2	1	50	1	50	9.20e-14	55.8
O30434	P80493	56.757	37	16	0	29	65	1	37	1.07e-11	49.7
O30434	QGS36096_1	38.806	67	36	3	1	63	1	66	7.05e-07	38.1
O30434	P38580	50.000	44	18	2	32	71	21	64	1.15e-06	37.7
A9Q0M7	Q6TGQ7	48.077	52	25	1	15	66	9	58	1.63e-10	47.0
A9Q0M7	P0A310	39.683	63	28	2	7	67	1	55	1.90e-09	44.7
A9Q0M7	P80493	50.000	38	18	1	23	60	1	37	2.90e-08	41.2
A9Q0M7	B1NRV2	68.421	19	6	0	26	44	32	50	1.03e-06	37.7
A9Q0M7	P38580	36.232	69	39	3	1	69	1	64	2.13e-06	37.0
P84962	P80493	78.571	42	7	1	1	40	1	42	3.50e-16	60.1
P84962	B1NRV2	80.000	20	4	0	3	22	31	50	3.94e-08	40.4
P84962	P0A310	64.000	25	9	0	2	26	20	44	3.37e-07	37.7
P84962	Q6TGQ7	72.000	25	7	0	2	26	16	40	3.97e-07	37.4
P84962	WP_154581617_1	46.512	43	20	2	1	40	10	52	3.50e-06	35.0
Q6WRX0	Q6WRW3	87.047	193	24	1	216	408	167	358	4.49e-115	336
Q6WRX0	Q6WRW3	100.000	24	0	0	1	24	1	24	1.29e-08	51.6
Q6WRX0	P06716	51.675	209	92	1	200	408	427	626	8.02e-61	203
Q6WRX0	H8YUQ0	52.809	178	84	0	231	408	261	438	1.83e-60	198
Q6WRX0	P04479	50.000	180	90	0	229	408	447	626	3.06e-56	191
Q6WRX0	Q9I4Y4	47.727	176	92	0	231	406	320	495	8.55e-52	176
Q47502	Q47125	72.783	327	75	1	236	548	164	490	1.17e-151	439
Q47502	H8YUQ0	35.604	323	182	5	245	548	123	438	8.75e-52	179
Q47502	P04479	30.030	333	188	5	216	548	339	626	1.36e-38	145
Q47502	Q6WRW3	35.602	191	121	1	360	548	168	358	1.55e-32	124
Q47502	P06716	30.030	333	188	5	216	548	339	626	7.81e-32	125
P02978	Q47125	52.807	481	180	6	45	522	54	490	1.99e-123	366
P02978	H8YUQ0	46.067	178	96	0	345	522	261	438	2.50e-46	163
P02978	P04479	36.598	194	119	1	329	522	437	626	1.85e-34	132
P02978	P06716	38.418	177	109	0	346	522	450	626	1.27e-31	124
P02978	Q9I4Y4	36.932	176	111	0	345	520	320	495	1.52e-31	123
T2D1N2	P05819	70.667	225	62	2	402	626	291	511	1.21e-106	327
T2D1N2	P04480	46.448	366	157	4	276	629	254	592	4.19e-92	292
T2D1N2	Q9XB47	61.340	194	75	0	436	629	306	499	1.82e-80	259
T2D1N2	P08083	54.255	188	85	1	437	624	196	382	7.59e-67	219
T2D1N2	I4L7C8	35.567	194	117	3	390	579	234	423	7.68e-26	106
P55128	P55117	41.328	1009	470	24	13	988	7	926	0.0	626
P55128	U1IBD2	27.630	713	423	20	218	857	1150	1842	2.50e-58	215
P55128	J7QLC0	31.304	575	338	15	258	820	558	1087	6.87e-50	188
P55128	J7QLC0	27.500	320	129	9	707	948	1388	1682	1.31e-19	90.5
P55128	J7QLC0	35.252	139	65	2	699	820	1222	1352	5.13e-15	75.5
P55128	J7QLC0	36.893	103	44	2	773	864	1012	1104	2.73e-09	56.6
P55128	J7QLC0	41.818	55	32	0	727	781	1134	1188	7.59e-06	45.4
P55128	J7QLC0	39.759	83	42	1	738	820	1136	1210	1.39e-05	44.7
P55128	J7QLC0	37.705	61	38	0	712	772	1128	1188	0.001	38.5
P55128	P0DKX7	31.304	575	338	15	258	820	558	1087	6.87e-50	188
P55128	P0DKX7	27.500	320	129	9	707	948	1388	1682	1.31e-19	90.5
P55128	P0DKX7	35.252	139	65	2	699	820	1222	1352	5.13e-15	75.5
P55128	P0DKX7	36.893	103	44	2	773	864	1012	1104	2.73e-09	56.6
P55128	P0DKX7	41.818	55	32	0	727	781	1134	1188	7.59e-06	45.4
P55128	P0DKX7	39.759	83	42	1	738	820	1136	1210	1.39e-05	44.7
P55128	P0DKX7	37.705	61	38	0	712	772	1128	1188	0.001	38.5
P55128	A0KHZ7	26.636	214	111	9	725	896	4382	4591	4.15e-08	53.1
P55128	A0KHZ7	30.534	131	66	5	768	889	4318	4432	1.90e-05	44.3
P55128	A0KHZ7	32.000	100	54	4	748	836	4333	4429	4.71e-04	39.7
B2YGA4	A0A6G7B150	54.786	491	216	2	32	516	29	519	0.0	532
B2YGA4	B4XHJ7	37.475	499	301	4	18	507	12	508	1.05e-122	365
B2YGA4	S3JSS5	24.478	335	209	12	82	395	123	434	3.27e-19	86.3
B2YGA4	A6GVU3	26.176	340	201	15	73	384	47	364	1.52e-15	73.9
B2YGA4	M3B575	26.613	248	155	11	111	346	109	341	1.15e-10	59.3
P0DF96	B4XHJ7	64.392	469	165	1	102	568	44	512	0.0	632
P0DF96	A0A6G7B150	38.095	483	297	2	84	564	28	510	3.16e-122	366
P0DF96	A6GVU3	22.462	325	222	9	148	457	69	378	1.57e-11	61.6
P0DF96	S3JSS5	23.718	312	187	12	165	452	150	434	1.01e-09	56.6
P0DF96	C1CWG1	24.723	271	173	12	196	457	126	374	3.07e-08	51.6
Q53957	B4XHJ7	63.214	473	172	1	101	571	40	512	0.0	623
Q53957	A0A6G7B150	37.888	483	298	2	87	567	28	510	8.60e-121	362
Q53957	A6GVU3	21.683	309	214	8	151	444	69	364	3.19e-10	57.8
Q53957	C1CWG1	25.094	267	173	10	199	458	126	372	3.60e-09	54.7
Q53957	S3JSS5	26.147	218	129	10	251	455	236	434	6.39e-08	50.8
Q0TUS0	B4XHJ7	72.763	503	128	2	4	497	10	512	0.0	764
Q0TUS0	A0A6G7B150	42.094	468	269	2	28	493	43	510	4.27e-132	389
Q0TUS0	S3JSS5	22.442	303	202	9	94	381	150	434	7.02e-14	69.3
Q0TUS0	A6GVU3	22.397	317	204	12	77	371	69	365	1.25e-11	61.6
Q0TUS0	M3B575	24.254	268	180	9	80	336	91	346	1.84e-09	55.1
P23564	B4XHJ7	73.861	505	121	2	6	499	8	512	0.0	771
P23564	A0A6G7B150	41.685	463	268	2	36	496	49	511	3.92e-132	389
P23564	S3JSS5	21.639	305	202	10	96	383	150	434	2.44e-12	64.7
P23564	A6GVU3	22.684	313	208	11	79	373	69	365	1.98e-09	54.7
P23564	M3B575	24.348	230	148	9	80	297	87	302	9.41e-06	43.5
P0C2J9	A0A6G7B150	54.060	468	214	1	5	471	52	519	0.0	524
P0C2J9	B4XHJ7	42.637	455	258	2	10	462	55	508	2.30e-142	414
P0C2J9	S3JSS5	24.662	296	189	10	70	350	158	434	1.33e-13	68.2
P0C2J9	C1CWG1	24.762	210	145	7	148	353	172	372	4.02e-09	53.9
P0C2J9	M3B575	23.132	281	180	12	40	302	78	340	1.16e-08	52.8
P31831	A0A6G7B150	42.828	495	271	3	42	525	25	518	9.17e-146	425
P31831	B4XHJ7	45.182	467	252	3	53	517	44	508	3.83e-144	421
P31831	S3JSS5	25.902	305	194	11	125	413	159	447	3.18e-17	80.1
P31831	C1CWG1	29.379	177	113	6	236	408	204	372	2.86e-13	67.4
P31831	A6GVU3	28.956	297	162	15	123	394	92	364	2.04e-12	64.3
A0A0F7RBI7	B4XHJ7	77.734	512	112	1	1	510	1	512	0.0	833
A0A0F7RBI7	A0A6G7B150	41.048	458	268	2	51	506	53	510	7.22e-128	379
A0A0F7RBI7	S3JSS5	23.611	360	231	14	61	394	93	434	3.32e-13	67.4
A0A0F7RBI7	M3B575	25.103	243	154	9	78	309	78	303	1.36e-11	62.0
A0A0F7RBI7	A6GVU3	22.635	296	188	12	116	389	94	370	1.90e-08	51.6
D7BPC7	A0A6G7B150	42.405	474	262	5	100	569	53	519	2.52e-123	369
D7BPC7	B4XHJ7	40.126	476	280	4	86	560	37	508	3.07e-116	350
D7BPC7	S3JSS5	26.688	311	187	12	165	456	159	447	1.48e-18	84.7
D7BPC7	C1CWG1	29.825	171	103	5	287	453	217	374	6.57e-13	66.6
D7BPC7	A6GVU3	22.476	307	196	11	157	443	86	370	8.80e-11	59.3
A0A3Q9GLK9	A0A6G7B150	42.918	473	261	3	65	534	52	518	2.94e-129	383
A0A3Q9GLK9	B4XHJ7	38.248	468	286	2	59	526	44	508	3.95e-112	338
A0A3Q9GLK9	S3JSS5	25.469	373	236	14	76	423	93	448	4.56e-16	76.6
A0A3Q9GLK9	A6GVU3	26.367	311	183	13	122	410	85	371	5.38e-15	72.4
A0A3Q9GLK9	C1CWG1	28.249	177	115	6	244	419	209	374	1.71e-11	62.0
P09616	Q2G1X0	99.373	319	2	0	1	319	1	319	0.0	650
P09616	O05387	30.794	315	205	6	8	318	12	317	1.36e-46	158
P09616	I6VBE8	30.827	266	168	7	54	313	53	308	2.89e-35	126
P09616	P0A074	26.582	316	204	13	9	317	7	301	1.55e-20	85.9
P09616	YP_125349_1	31.148	61	35	2	22	80	4	59	0.59	27.3
Q46308	I6VBE8	33.219	292	176	7	47	333	35	312	2.15e-44	150
Q46308	Q2G1X0	27.019	322	188	10	1	304	1	293	4.20e-27	104
Q46308	O05387	24.706	340	212	11	7	334	10	317	1.95e-21	90.1
Q46308	P0A074	24.345	267	179	9	70	333	55	301	7.81e-15	69.7
Q46308	A1JQ83	29.358	109	65	3	55	151	54	162	0.040	31.2
Q9EVA1	O05387	36.036	333	195	7	1	332	1	316	1.52e-63	203
Q9EVA1	I6VBE8	30.149	335	194	9	8	329	2	309	1.17e-40	140
Q9EVA1	Q2G1X0	30.201	298	186	9	39	332	38	317	1.80e-32	119
Q9EVA1	P0A074	26.923	286	183	10	8	291	2	263	3.72e-24	96.3
Q9EVA1	O84648	29.167	48	27	1	60	107	21	61	1.1	26.2
A8ULG6	I6VBE8	44.753	324	158	5	5	320	4	314	2.11e-90	268
A8ULG6	O05387	30.931	333	198	10	1	318	1	316	1.26e-41	145
A8ULG6	Q2G1X0	31.641	256	156	9	77	318	67	317	3.40e-35	125
A8ULG6	P0A074	25.776	322	200	10	12	319	6	302	9.75e-22	89.4
A8ULG6	P19247	29.268	82	47	4	132	205	144	222	0.14	29.3
Q53747	Q2G1X0	28.302	318	208	6	5	307	1	313	1.44e-39	137
Q53747	P0A074	29.968	317	201	11	4	313	1	303	4.24e-33	120
Q53747	O05387	27.219	338	217	9	1	321	1	326	4.39e-29	111
Q53747	I6VBE8	28.793	323	208	13	1	312	2	313	3.81e-25	99.0
Q53747	A7JZC6	21.560	218	144	9	106	311	118	320	0.11	29.6
P0A077	Q2G1X0	30.312	320	211	7	3	313	1	317	1.66e-43	148
P0A077	P0A074	29.841	315	204	9	6	315	1	303	2.64e-39	136
P0A077	O05387	28.829	333	218	9	1	322	1	325	6.52e-31	116
P0A077	I6VBE8	29.927	274	174	10	48	314	51	313	1.91e-30	113
P0A077	A7JZC6	21.393	201	124	8	85	266	87	272	0.49	27.3
B5D5T8	P0A074	66.124	307	101	2	1	307	1	304	2.15e-158	440
B5D5T8	I6VBE8	25.301	332	210	15	1	309	1	317	1.90e-21	88.2
B5D5T8	O05387	21.472	326	228	10	1	306	1	318	3.13e-15	71.2
B5D5T8	Q2G1X0	22.360	322	217	14	7	304	5	317	2.26e-13	65.1
B5D5T8	A7JZC6	22.699	163	110	7	107	258	118	275	0.028	31.2
P15377	P55117	65.453	961	318	9	2	956	3	955	0.0	1200
P15377	U1IBD2	27.920	702	429	20	122	809	1102	1740	1.73e-57	212
P15377	J7QLC0	30.249	562	354	10	258	811	558	1089	5.86e-50	188
P15377	J7QLC0	30.144	209	124	7	704	895	1247	1450	5.25e-13	68.9
P15377	J7QLC0	34.177	158	91	3	728	885	1529	1673	2.05e-12	67.0
P15377	J7QLC0	27.368	190	127	3	616	804	1309	1488	1.27e-08	54.3
P15377	J7QLC0	29.577	71	39	1	739	809	1396	1455	0.048	32.7
P15377	P0DKX7	30.249	562	354	10	258	811	558	1089	5.86e-50	188
P15377	P0DKX7	30.144	209	124	7	704	895	1247	1450	5.25e-13	68.9
P15377	P0DKX7	34.177	158	91	3	728	885	1529	1673	2.05e-12	67.0
P15377	P0DKX7	27.368	190	127	3	616	804	1309	1488	1.27e-08	54.3
P15377	P0DKX7	29.577	71	39	1	739	809	1396	1455	0.048	32.7
P15377	A0KHZ7	30.337	178	83	8	736	885	4480	4644	5.08e-08	52.8
P15377	A0KHZ7	31.325	83	44	2	719	790	4352	4432	0.033	33.5
P15377	A0KHZ7	30.612	98	50	5	723	812	4347	4434	1.1	28.5
P0C2E9	B4XHJ7	72.763	503	128	2	4	497	10	512	0.0	764
P0C2E9	A0A6G7B150	42.094	468	269	2	28	493	43	510	3.29e-132	389
P0C2E9	S3JSS5	22.442	303	202	9	94	381	150	434	6.43e-14	69.7
P0C2E9	A6GVU3	22.397	317	204	12	77	371	69	365	1.12e-11	62.0
P0C2E9	M3B575	24.254	268	180	9	80	336	91	346	1.77e-09	55.5
Q815P0	B4XHJ7	79.883	512	101	1	1	510	1	512	0.0	851
Q815P0	A0A6G7B150	41.189	454	265	2	55	506	57	510	3.94e-126	374
Q815P0	S3JSS5	22.581	341	213	12	79	394	120	434	8.26e-12	62.8
Q815P0	M3B575	24.126	286	186	10	78	349	78	346	9.95e-12	62.4
Q815P0	A6GVU3	22.671	322	207	12	90	389	69	370	1.25e-09	55.5
P0C0I3	B4XHJ7	64.392	469	165	1	102	568	44	512	0.0	632
P0C0I3	A0A6G7B150	38.095	483	297	2	84	564	28	510	3.16e-122	366
P0C0I3	A6GVU3	22.462	325	222	9	148	457	69	378	1.57e-11	61.6
P0C0I3	S3JSS5	23.718	312	187	12	165	452	150	434	1.01e-09	56.6
P0C0I3	C1CWG1	24.723	271	173	12	196	457	126	374	3.07e-08	51.6
P13128	A0A6G7B150	42.945	489	273	3	43	526	31	518	7.18e-144	420
P13128	B4XHJ7	43.710	469	256	4	54	518	44	508	9.70e-143	417
P13128	S3JSS5	25.000	308	193	11	126	414	159	447	4.25e-15	73.6
P13128	A6GVU3	27.575	301	165	14	122	395	90	364	5.91e-13	65.9
P13128	C1CWG1	27.179	195	127	4	220	409	188	372	2.01e-12	64.7
O85102	A0A6G7B150	50.538	465	227	3	33	495	53	516	7.08e-161	462
O85102	B4XHJ7	39.917	481	284	4	12	489	30	508	3.87e-130	384
O85102	A6GVU3	26.599	297	181	13	90	367	86	364	6.29e-18	80.9
O85102	S3JSS5	25.407	307	196	11	86	378	147	434	6.53e-15	72.8
O85102	C1CWG1	27.950	161	107	5	223	381	219	372	5.59e-11	60.1
O31241	A0A6G7B150	42.797	472	261	3	66	534	53	518	2.55e-128	380
O31241	B4XHJ7	38.669	481	291	3	47	526	31	508	6.83e-114	343
O31241	S3JSS5	25.737	373	235	13	76	423	93	448	2.44e-17	80.5
O31241	A6GVU3	25.974	308	188	13	122	410	85	371	1.84e-14	70.5
O31241	C1CWG1	28.249	177	115	6	244	419	209	374	2.41e-11	61.2
Q9LCB8	A0A6G7B150	51.800	500	231	2	31	529	29	519	0.0	528
Q9LCB8	B4XHJ7	37.393	468	290	2	55	520	42	508	1.10e-120	360
Q9LCB8	S3JSS5	25.607	453	266	16	28	428	26	459	1.33e-19	87.8
Q9LCB8	A6GVU3	27.645	293	178	12	124	398	89	365	4.77e-16	75.5
Q9LCB8	M3B575	25.874	286	168	13	124	395	109	364	7.57e-10	56.6
U6S4M9	A0A6G7B150	39.744	468	281	1	32	498	49	516	4.41e-132	389
U6S4M9	B4XHJ7	38.677	499	292	7	4	492	14	508	2.23e-116	348
U6S4M9	S3JSS5	23.053	321	219	8	72	380	130	434	7.23e-12	63.2
U6S4M9	C1CWG1	25.926	162	105	3	262	421	256	404	4.04e-10	57.4
U6S4M9	A6GVU3	21.017	295	189	11	100	371	93	366	7.31e-09	53.1
H1Q242	A6GVU3	33.770	382	232	9	1	367	1	376	1.48e-68	216
H1Q242	S3JSS5	25.714	280	182	9	88	355	158	423	1.72e-13	67.0
H1Q242	B4XHJ7	21.951	369	258	13	4	355	30	385	7.35e-09	52.8
H1Q242	A0A6G7B150	24.126	286	185	10	88	356	118	388	1.57e-08	51.6
H1Q242	Q5ZXU7	39.474	38	18	2	5	37	364	401	1.2	26.6
F9YPV7	A6GVU3	31.854	383	241	11	1	367	1	379	3.80e-57	187
F9YPV7	S3JSS5	23.588	301	190	11	67	352	148	423	2.82e-13	66.6
F9YPV7	B4XHJ7	22.601	323	213	14	65	366	95	401	6.83e-07	46.2
F9YPV7	A0A6G7B150	19.863	292	201	10	79	353	113	388	2.21e-06	44.7
F9YPV7	Q5ZTK1	21.429	154	97	5	137	272	320	467	0.41	28.1
P09545	Q08677	45.455	594	282	13	37	608	1	574	6.42e-163	479
P09545	P19247	28.784	403	237	16	196	570	51	431	6.21e-35	134
P09545	I6VBE8	24.057	212	133	6	287	483	118	316	8.76e-06	43.9
P09545	O05387	23.776	143	92	4	210	352	57	182	0.19	30.0
P09545	P15917	24.648	142	88	3	8	148	177	300	0.22	30.0
D1J6Q5	Q08677	37.748	604	312	15	37	602	1	578	9.83e-127	381
D1J6Q5	P19247	28.602	465	279	18	140	578	4	441	9.05e-42	153
D1J6Q5	I6VBE8	31.343	67	45	1	283	349	118	183	4.18e-06	44.3
D1J6Q5	O05387	27.536	69	49	1	281	349	116	183	0.057	31.6
D1J6Q5	Q5ZVF2	25.000	76	53	1	453	528	85	156	0.094	31.2
Q9REG6	Q47877	99.035	311	3	0	65	375	1	311	0.0	631
Q9REG6	Q9REG7	26.485	404	238	11	2	356	1	394	4.23e-28	109
Q9REG6	Q2TM57	21.053	190	123	5	8	185	3	177	1.35e-04	38.9
Q9REG6	Q9L4L8	26.415	212	122	9	1	204	1	186	5.65e-04	37.0
Q9REG6	Q5ZYD6	27.632	76	43	3	114	183	168	237	0.50	27.3
Q2TM55	Q9REG7	30.941	404	231	6	1	358	1	402	1.92e-54	180
Q2TM55	Q47877	26.259	278	191	4	90	357	26	299	4.83e-29	110
Q2TM55	Q2TM57	19.484	349	233	7	7	319	3	339	3.70e-10	56.2
Q2TM55	A5N119	21.552	232	158	7	115	322	93	324	0.14	29.3
Q2TM55	Q07061	28.395	81	46	3	193	269	868	940	0.28	28.5
Q63CS3	Q9REG7	40.194	413	216	9	1	394	1	401	1.72e-80	249
Q63CS3	Q47877	28.616	318	190	8	74	383	1	289	4.08e-34	124
Q63CS3	Q2TM57	19.733	375	276	5	7	373	3	360	1.91e-17	79.0
Q63CS3	Q9L4L8	26.531	147	94	3	111	255	84	218	7.79e-04	37.0
Q63CS3	Q5ZWA2	32.222	90	53	3	226	311	452	537	0.003	35.0
Q63CS4	Q2TM57	97.927	386	8	0	1	386	1	386	0.0	770
Q63CS4	Q9L4L8	28.296	311	194	6	1	296	1	297	2.56e-20	87.8
Q63CS4	Q9REG7	19.259	135	98	2	3	127	7	140	3.81e-05	40.8
Q63CS4	Q47877	20.470	298	186	9	61	345	1	260	0.001	35.8
Q63CS4	P18010	25.490	102	73	2	26	125	480	580	0.59	27.7
P09983	P55117	43.704	961	429	22	9	947	14	884	0.0	675
P09983	U1IBD2	29.420	724	408	23	180	849	1139	1813	7.00e-60	220
P09983	J7QLC0	29.338	634	387	17	261	851	558	1173	7.30e-50	188
P09983	J7QLC0	34.021	194	69	3	713	848	1252	1444	3.73e-17	82.4
P09983	P0DKX7	29.338	634	387	17	261	851	558	1173	7.30e-50	188
P09983	P0DKX7	34.021	194	69	3	713	848	1252	1444	3.73e-17	82.4
P09983	Q5ZXT6	50.820	61	23	2	809	868	526	580	1.47e-08	53.9
P09983	Q5ZXT6	52.632	38	18	0	763	800	529	566	7.22e-04	38.9
P09983	Q5ZXT6	43.750	48	27	0	754	801	529	576	0.001	38.1
P09983	Q5ZXT6	40.909	44	26	0	739	782	532	575	0.001	38.1
P09983	Q5ZXT6	64.286	28	10	0	762	789	6	33	0.001	37.7
P09983	Q5ZXT6	38.710	62	24	2	774	835	531	578	0.004	36.2
P09983	Q5ZXT6	48.649	37	19	0	766	802	1	37	0.004	36.2
P09983	Q5ZXT6	48.649	37	19	0	814	850	1	37	0.013	34.7
P09983	Q5ZXT6	51.515	33	16	0	753	785	6	38	0.017	34.3
P09983	Q5ZXT6	45.946	37	20	0	737	773	539	575	0.020	33.9
P09983	Q5ZXT6	42.857	35	20	0	741	775	3	37	0.17	31.2
P09983	Q5ZXT6	41.026	39	23	0	823	861	1	39	0.24	30.4
P09983	Q5ZXT6	44.828	29	16	0	811	839	7	35	2.3	27.3
A8QWG8	P55117	41.171	1008	477	23	1	974	5	930	0.0	650
A8QWG8	U1IBD2	29.297	669	388	20	166	815	1139	1741	4.69e-64	233
A8QWG8	J7QLC0	30.757	647	374	15	248	833	558	1191	3.69e-54	201
A8QWG8	J7QLC0	31.174	247	109	8	713	914	1426	1656	3.85e-19	89.0
A8QWG8	J7QLC0	28.231	294	125	9	605	830	1169	1444	3.39e-13	69.3
A8QWG8	J7QLC0	28.899	218	89	4	697	850	1133	1348	5.71e-09	55.8
A8QWG8	J7QLC0	27.619	210	128	7	602	806	1431	1621	3.20e-07	50.1
A8QWG8	J7QLC0	27.907	215	120	7	724	910	1136	1343	0.004	36.6
A8QWG8	P0DKX7	30.757	647	374	15	248	833	558	1191	3.69e-54	201
A8QWG8	P0DKX7	31.174	247	109	8	713	914	1426	1656	3.85e-19	89.0
A8QWG8	P0DKX7	28.231	294	125	9	605	830	1169	1444	3.39e-13	69.3
A8QWG8	P0DKX7	28.899	218	89	4	697	850	1133	1348	5.71e-09	55.8
A8QWG8	P0DKX7	27.619	210	128	7	602	806	1431	1621	3.20e-07	50.1
A8QWG8	P0DKX7	27.907	215	120	7	724	910	1136	1343	0.004	36.6
A8QWG8	A0KHZ7	28.163	245	140	8	689	900	4369	4610	1.87e-09	57.4
A8QWG8	A0KHZ7	32.231	121	70	3	728	838	4319	4437	3.75e-05	43.1
A8QWG8	A0KHZ7	26.606	109	61	3	586	684	590	689	0.12	31.6
P16462	P55117	42.023	1028	464	23	28	1037	25	938	0.0	667
P16462	U1IBD2	27.967	615	364	12	297	847	1234	1833	3.12e-62	228
P16462	J7QLC0	28.738	602	335	17	318	851	620	1195	3.58e-50	189
P16462	J7QLC0	28.698	338	144	8	629	902	1342	1646	2.16e-25	109
P16462	J7QLC0	33.508	191	87	6	630	819	1201	1352	3.78e-17	82.4
P16462	J7QLC0	31.220	205	71	3	712	846	1128	1332	1.61e-14	73.9
P16462	J7QLC0	41.237	97	46	1	772	857	1267	1363	1.22e-10	61.2
P16462	P0DKX7	28.738	602	335	17	318	851	620	1195	3.58e-50	189
P16462	P0DKX7	28.698	338	144	8	629	902	1342	1646	2.16e-25	109
P16462	P0DKX7	33.508	191	87	6	630	819	1201	1352	3.78e-17	82.4
P16462	P0DKX7	31.220	205	71	3	712	846	1128	1332	1.61e-14	73.9
P16462	P0DKX7	41.237	97	46	1	772	857	1267	1363	1.22e-10	61.2
P16462	A0KHZ7	27.234	235	101	9	727	894	4357	4588	6.86e-08	52.4
P16462	A0KHZ7	34.454	119	61	6	761	867	4318	4431	0.001	38.1
P16462	A0KHZ7	30.625	160	66	9	748	867	4333	4487	0.013	35.0
P16462	A0KHZ7	30.208	96	57	2	746	839	34	121	0.067	32.7
A1YKW7	P55117	50.208	960	453	12	1	954	5	945	0.0	882
A1YKW7	U1IBD2	31.010	703	409	17	185	874	1145	1784	6.67e-71	253
A1YKW7	J7QLC0	30.722	651	395	16	257	886	558	1173	9.24e-59	215
A1YKW7	J7QLC0	28.788	264	141	5	558	803	1118	1352	4.05e-17	82.4
A1YKW7	J7QLC0	33.333	141	85	1	709	849	1516	1647	1.08e-13	70.9
A1YKW7	J7QLC0	27.568	185	97	5	613	793	1040	1191	1.78e-10	60.5
A1YKW7	P0DKX7	30.722	651	395	16	257	886	558	1173	9.24e-59	215
A1YKW7	P0DKX7	28.788	264	141	5	558	803	1118	1352	4.05e-17	82.4
A1YKW7	P0DKX7	33.333	141	85	1	709	849	1516	1647	1.08e-13	70.9
A1YKW7	P0DKX7	27.568	185	97	5	613	793	1040	1191	1.78e-10	60.5
A1YKW7	Q5ZXT6	46.296	54	26	1	755	805	531	584	4.00e-06	45.8
A1YKW7	Q5ZXT6	63.333	30	11	0	743	772	6	35	8.99e-04	38.5
A1YKW7	Q5ZXT6	47.222	36	19	0	761	796	6	41	0.002	37.0
A1YKW7	Q5ZXT6	54.286	35	16	0	747	781	1	35	0.003	36.6
A1YKW7	Q5ZXT6	29.897	97	60	2	693	781	479	575	0.005	35.8
A1YKW7	Q5ZXT6	48.485	33	17	0	765	797	1	33	0.16	31.2
A1YKW7	Q5ZXT6	46.667	30	16	0	736	765	8	37	2.3	27.3
A1YKW7	Q5ZXT6	38.095	42	24	1	774	815	1	40	2.3	27.3
A1YKW7	Q5ZXT6	36.957	46	22	1	780	818	529	574	6.2	25.8
A1YKW7	Q5ZXT6	39.474	38	20	1	617	651	545	582	7.3	25.8
P15713	P06200	42.204	744	345	23	6	688	9	728	6.76e-167	493
P15713	Q5ZSS2	34.286	35	23	0	20	54	30	64	1.8	26.6
P15713	Q5ZT14	19.298	57	46	0	1	57	192	248	2.7	26.2
P15713	Q989R4	35.088	57	33	2	435	490	652	705	3.7	26.2
P15713	P19247	27.027	111	51	5	472	569	266	359	4.9	25.4
Q9RGS8	P06200	41.667	744	361	18	6	700	9	728	2.30e-174	512
Q9RGS8	C1CWG1	34.545	55	31	2	226	278	397	448	5.0	25.8
Q9RGS8	A0KHA9	41.935	31	18	0	290	320	7	37	8.9	25.0
P11889	Q2FWP1	59.016	305	117	3	24	328	31	327	7.98e-125	357
P11889	P59116	48.829	299	135	9	33	326	151	436	2.75e-83	260
P11889	Q8X4X1	28.070	57	35	2	69	120	131	186	1.3	25.8
P11889	A6YCJ6	35.897	39	23	1	91	127	339	377	2.6	25.4
P11889	A4SUE7	29.070	86	41	3	146	224	191	263	3.0	25.0
P14262	P08954	97.568	329	8	0	1	329	1	329	0.0	664
P14262	I1WVY3	37.143	35	21	1	263	297	1417	1450	0.81	26.9
P14262	A8YQR4	47.826	23	12	0	189	211	148	170	2.2	25.0
P14262	Q2G1X0	23.529	34	24	1	282	313	174	207	2.6	25.0
P14262	P33437	33.333	36	15	1	90	125	161	187	3.6	24.6
Q9RF12	Q0TV31	83.166	398	67	0	1	398	1	398	0.0	701
Q9RF12	Q84FI6	30.144	209	116	7	1	192	1	196	5.10e-19	82.0
Q9RF12	O84144	28.788	66	31	3	133	197	118	168	0.037	31.2
Q9RF12	P09883	26.250	80	56	3	320	397	471	549	1.7	26.2
Q9RF12	WP_076706633_1	34.286	35	23	0	51	85	212	246	6.1	24.3
P20419	Q0TV31	51.139	395	189	2	5	396	4	397	2.36e-149	424
P20419	Q84FI6	34.302	172	95	5	28	195	43	200	3.93e-22	91.3
P20419	A1KWQ2	28.814	59	40	1	263	321	223	279	0.94	26.9
P20419	Q9HYC5	50.000	18	9	0	233	250	9	26	1.7	26.2
P20419	H9L477	28.889	90	43	4	37	112	206	288	3.0	25.4
Q46150	Q0TV31	60.705	397	156	0	1	397	1	397	0.0	518
Q46150	Q84FI6	29.341	167	101	6	30	192	43	196	1.40e-14	69.3
Q46150	B1NRV2	42.424	33	17	1	1	31	1	33	3.6	23.5
Q46150	D5CBA0	40.909	22	13	0	355	376	1529	1550	7.1	24.3
Q46150	P06716	26.531	49	31	2	57	102	125	171	7.6	24.3
A0A2X2Q5N2	P06200	40.537	745	371	20	6	701	9	730	2.50e-167	494
A0A2X2Q5N2	Q5ZR84	30.682	88	45	5	91	168	85	166	2.0	26.6
A0A2X2Q5N2	Q47765	28.889	45	30	1	369	413	20	62	4.6	24.6
A0A2X2Q5N2	A0KHA9	41.935	31	18	0	288	318	7	37	9.2	25.0
A0A2X2Q5N2	I1WVY3	35.294	34	22	0	675	708	1015	1048	9.9	25.0
P59115	P59116	56.149	618	221	7	25	596	10	623	0.0	655
P59115	Q2FWP1	42.053	302	169	4	111	409	30	328	1.19e-71	229
P59115	A4SUE7	28.723	94	50	4	246	334	209	290	0.47	28.5
P59115	Q4K3N9	21.429	70	49	1	230	299	7	70	4.5	25.4
P59115	P06717	41.935	31	16	2	300	330	30	58	5.3	25.0
Q72P44	P59116	56.149	618	221	7	24	595	10	623	0.0	656
Q72P44	Q2FWP1	42.053	302	169	4	110	408	30	328	1.23e-71	229
Q72P44	A4SUE7	28.723	94	50	4	245	333	209	290	0.45	28.9
Q72P44	Q4K3N9	21.429	70	49	1	229	298	7	70	4.3	25.4
Q72P44	P06717	41.935	31	16	2	299	329	30	58	5.1	25.0
P17627	P59116	56.891	624	197	4	3	556	2	623	0.0	706
P17627	Q2FWP1	47.368	304	151	5	72	370	29	328	7.77e-88	270
P17627	Q5ZWC7	28.767	73	51	1	223	294	135	207	0.28	28.9
P17627	Q5ZWB9	28.571	49	32	1	91	139	387	432	1.6	26.9
P17627	A4SUE7	30.000	70	37	3	205	274	206	263	2.7	26.2
A0A2P0ZHP7	I6VBE8	44.753	324	158	5	7	322	4	314	2.16e-90	268
A0A2P0ZHP7	O05387	30.631	333	199	10	3	320	1	316	3.66e-41	144
A0A2P0ZHP7	Q2G1X0	31.641	256	156	9	79	320	67	317	3.14e-35	126
A0A2P0ZHP7	P0A074	25.776	322	200	10	14	321	6	302	1.30e-21	89.0
A0A2P0ZHP7	P19247	29.268	82	47	4	134	207	144	222	0.12	29.3
Q45747	Q45716	62.203	1180	416	11	1	1160	1	1170	0.0	1453
Q45747	Q06117	34.228	596	345	16	30	591	68	650	9.74e-94	310
Q45747	P56956	27.617	554	338	14	499	1021	584	1105	6.56e-50	188
Q45747	P56956	21.269	268	165	7	49	270	82	349	3.32e-08	53.1
Q45747	P56956	39.024	41	24	1	1121	1160	1127	1167	0.14	31.6
Q45747	Q45882	29.362	470	269	21	55	489	43	484	6.89e-34	134
Q45747	N1LIK5	26.894	528	285	18	59	519	75	568	2.89e-33	133
Q45754	P56956	49.792	480	217	5	751	1226	705	1164	1.36e-142	459
Q45754	P56956	24.901	755	411	34	7	644	7	722	1.72e-26	113
Q45754	Q45716	28.429	503	275	17	745	1197	599	1066	1.63e-46	177
Q45754	Q45716	24.144	613	376	29	64	626	31	604	9.89e-20	91.3
Q45754	Q06117	23.481	609	377	23	68	616	70	649	5.86e-20	91.3
Q45754	Q45882	25.000	264	149	9	72	301	14	262	4.70e-13	68.9
Q45754	N1LIK5	21.639	305	183	7	43	299	21	317	6.07e-13	68.6
Q45748	Q45716	63.131	1188	399	13	4	1172	3	1170	0.0	1460
Q45748	Q06117	31.707	574	349	14	56	598	89	650	1.11e-86	290
Q45748	P56956	28.445	566	336	17	497	1028	575	1105	5.79e-52	195
Q45748	P56956	22.145	289	162	10	42	273	70	352	0.001	38.5
Q45748	Q45882	25.049	507	314	21	61	527	47	527	1.75e-28	117
Q45748	O05102	24.324	592	353	21	62	597	64	616	5.67e-22	97.4
Q45739	Q45716	61.667	1200	384	18	46	1229	31	1170	0.0	1422
Q45739	Q06117	38.796	598	344	11	56	642	66	652	3.83e-135	423
Q45739	P56956	28.471	569	313	17	545	1078	585	1094	1.90e-51	193
Q45739	P56956	24.199	281	170	9	57	297	74	351	2.00e-11	63.9
Q45739	P56956	35.000	40	25	1	1191	1229	1128	1167	0.64	29.6
Q45739	Q45882	26.821	563	332	19	85	606	48	571	3.29e-47	175
Q45739	N1LIK5	26.953	653	368	29	47	639	39	642	9.45e-38	147
O87404	Q45716	42.049	654	337	11	76	719	50	671	1.35e-149	461
O87404	Q06117	36.292	631	368	12	34	645	37	652	1.20e-131	400
O87404	Q45882	30.169	295	175	9	89	375	48	319	5.65e-30	121
O87404	Q45882	28.205	195	112	6	465	631	402	596	1.37e-12	66.2
O87404	N1LIK5	28.529	333	187	9	51	344	39	359	4.81e-28	115
O87404	N1LIK5	28.070	171	103	5	480	642	484	642	2.05e-11	62.4
O87404	O05102	24.510	612	345	23	89	642	64	616	1.08e-23	101
P56955	P56956	34.439	1176	639	35	71	1192	66	1163	2.23e-179	556
P56955	Q45755	28.393	722	417	33	9	670	9	690	1.03e-48	182
P56955	Q45716	28.132	455	275	14	728	1143	598	1039	4.00e-42	163
P56955	Q45716	24.779	226	147	9	95	316	49	255	1.40e-05	44.7
P56955	Q06117	24.254	268	169	10	80	339	73	314	2.30e-08	53.5
P56955	Q06117	28.000	100	46	5	583	670	564	649	1.4	28.5
P56955	Q45743	24.299	214	140	7	114	320	83	281	2.51e-08	53.5
Q9XDL1	Q45716	41.418	705	362	15	32	719	1	671	5.31e-163	496
Q9XDL1	Q06117	38.365	636	366	12	25	645	28	652	2.71e-142	427
Q9XDL1	N1LIK5	29.936	628	330	26	77	642	63	642	4.35e-54	192
Q9XDL1	Q45882	34.146	246	151	6	89	325	48	291	9.95e-35	135
Q9XDL1	Q45882	29.775	178	99	5	465	616	402	579	4.50e-12	64.7
Q9XDL1	O05102	24.708	599	360	23	89	642	64	616	1.80e-25	107
O85805	Q45716	59.117	1201	411	15	46	1227	31	1170	0.0	1359
O85805	Q06117	37.604	601	341	14	56	638	66	650	1.28e-118	379
O85805	P56956	27.730	577	307	15	543	1076	585	1094	1.08e-49	188
O85805	P56956	25.172	290	156	12	57	297	74	351	1.34e-07	51.6
O85805	P56956	33.333	39	25	1	1190	1227	1129	1167	3.0	27.3
O85805	Q45882	26.425	579	328	21	85	611	48	580	9.30e-46	171
O85805	N1LIK5	29.341	334	183	11	47	340	39	359	4.58e-30	123
O85805	N1LIK5	30.719	153	99	7	487	637	495	642	2.39e-08	53.5
Q9RMG3	Q45743	75.513	633	144	6	1	633	1	622	0.0	935
Q9RMG3	Q45716	25.909	220	148	6	50	259	32	246	1.09e-17	82.8
Q9RMG3	Q06117	26.396	197	126	5	79	262	97	287	1.71e-17	81.6
Q9RMG3	N1LIK5	25.888	197	138	4	45	236	45	238	1.04e-15	75.9
Q9RMG3	Q45882	24.306	144	97	4	127	262	103	242	1.58e-09	56.2
Q9S515	Q45716	61.643	1181	428	8	6	1176	5	1170	0.0	1444
Q9S515	Q06117	32.323	594	343	17	51	608	82	652	1.68e-85	287
Q9S515	P56956	27.440	543	336	14	510	1027	585	1094	4.42e-49	186
Q9S515	P56956	22.105	285	164	11	38	270	70	348	4.82e-08	52.8
Q9S515	P56956	31.707	41	27	1	1137	1176	1127	1167	2.5	27.7
Q9S515	Q45882	23.835	558	361	19	60	582	48	576	1.85e-27	114
Q9S515	N1LIK5	27.826	345	195	9	36	330	54	394	2.76e-25	108
Q9S515	N1LIK5	32.031	128	67	6	486	605	527	642	8.74e-06	45.1
Q45712	P56956	43.144	1247	583	34	7	1217	7	1163	0.0	872
Q45712	Q45755	30.769	741	397	25	10	695	11	690	4.98e-84	288
Q45712	Q45716	24.135	1156	643	46	82	1168	49	1039	3.68e-57	212
Q45712	Q06117	25.185	270	163	7	77	346	77	307	3.57e-15	75.9
Q45712	Q06117	27.000	100	46	6	609	695	564	649	2.2	27.7
Q45712	Q45882	28.369	141	96	3	218	353	130	270	3.80e-07	49.7
Q45746	Q45716	62.416	1192	400	13	1	1166	1	1170	0.0	1439
Q45746	Q06117	35.726	585	327	18	47	594	80	652	6.51e-99	324
Q45746	P56956	28.027	603	366	18	451	1022	540	1105	1.49e-53	200
Q45746	P56956	30.282	142	84	6	153	281	228	367	6.09e-05	42.7
Q45746	P56956	31.707	41	27	1	1127	1166	1127	1167	2.0	27.7
Q45746	N1LIK5	25.118	633	375	24	25	591	43	642	1.03e-35	140
Q45746	Q45882	27.379	515	297	23	100	565	93	579	5.56e-34	135
Q45738	Q45716	81.624	1170	212	2	1	1167	1	1170	0.0	1988
Q45738	Q06117	34.375	576	344	13	50	596	82	652	3.52e-99	325
Q45738	P56956	28.738	602	361	18	454	1023	540	1105	3.06e-57	211
Q45738	P56956	30.435	138	91	3	157	289	231	368	1.50e-06	47.8
Q45738	P56956	37.500	40	24	1	1129	1167	1128	1167	0.17	31.2
Q45738	N1LIK5	22.871	599	371	19	57	593	73	642	1.72e-27	115
Q45738	Q45882	29.778	225	145	6	59	272	44	266	4.25e-27	113
Q45738	Q45882	31.293	147	82	4	441	568	433	579	7.97e-12	64.7
Q03749	Q45716	44.231	1040	516	19	75	1088	50	1051	0.0	805
Q03749	Q45716	70.000	40	12	0	1097	1136	1131	1170	1.99e-11	63.9
Q03749	Q06117	36.850	673	369	17	1	638	1	652	2.23e-132	413
Q03749	P56956	29.791	621	377	18	537	1136	585	1167	3.93e-61	224
Q03749	P56956	24.199	281	165	9	63	297	70	348	4.38e-14	72.4
Q03749	N1LIK5	25.955	628	374	18	63	635	51	642	8.41e-46	171
Q03749	Q45882	25.524	572	326	17	88	604	48	574	4.85e-38	147
P06575	P05516	98.649	370	5	0	1	370	1	370	0.0	757
P06575	Q939S9	22.050	322	227	7	52	359	44	355	4.63e-14	68.2
P06575	YP_001424216_1	30.769	52	36	0	281	332	148	199	0.076	30.0
P06575	D5CBA0	25.000	92	69	0	242	333	2088	2179	0.092	30.4
P06575	YP_002305058_1	28.846	52	37	0	281	332	36	87	0.37	27.7
P57091	Q45743	38.889	648	335	17	47	675	17	622	1.49e-125	382
P57091	N1LIK5	27.273	176	118	4	108	275	78	251	1.23e-14	72.8
P57091	Q45716	22.648	287	199	6	116	390	70	345	1.01e-13	70.1
P57091	Q06117	23.041	217	152	5	81	290	76	284	4.52e-12	64.7
P57091	Q45882	22.973	148	107	3	147	289	93	238	1.20e-07	50.1
Q45358	Q45743	38.804	652	337	16	78	706	10	622	1.90e-125	382
Q45358	N1LIK5	28.902	173	115	2	140	308	72	240	6.13e-17	80.1
Q45358	Q45716	29.208	202	121	8	141	332	57	246	8.35e-16	77.0
Q45358	Q06117	23.041	217	152	5	123	332	76	284	1.49e-12	66.2
Q45358	Q45882	23.737	198	141	5	142	331	43	238	5.73e-11	60.8
P57092	Q45743	39.130	644	345	18	62	695	16	622	7.05e-126	383
P57092	N1LIK5	24.125	257	153	7	88	306	44	296	1.35e-14	72.8
P57092	Q45716	21.273	597	362	19	132	690	70	596	5.90e-13	67.8
P57092	Q06117	24.312	218	148	7	97	306	76	284	1.19e-11	63.2
P57092	Q45882	22.973	148	107	3	163	305	93	238	1.36e-07	50.1
Q04470	P0A383	44.845	194	98	4	51	236	49	241	4.46e-49	158
Q04470	I1WVY3	36.170	47	28	1	93	139	154	198	0.24	28.1
Q04470	AAS66853_1	32.787	61	31	2	112	162	149	209	0.94	26.2
Q04470	AAW70656_1	47.619	21	11	0	115	135	91	111	1.0	26.2
Q04470	P0DPI1	26.667	90	57	2	178	258	325	414	3.0	24.6
P0A382	P0A383	99.598	249	1	0	1	249	1	249	0.0	502
P0A382	NP_819338_1	23.810	63	46	1	47	107	360	422	3.4	24.3
P0A382	YP_002040480_1	42.308	26	15	0	20	45	89	114	7.9	23.1
P94594	P0A383	86.000	250	34	1	1	250	1	249	3.61e-161	442
P94594	Q07833	23.404	94	62	4	42	128	931	1021	3.0	24.6
P94594	Q9Z8G9	31.148	61	32	2	157	215	99	151	5.0	23.5
P94594	NP_820552_1	38.462	26	16	0	47	72	294	319	5.1	23.9
P94594	YP_002040480_1	46.154	26	14	0	20	45	89	114	7.1	23.1
Q45723	P0A383	41.584	202	109	4	52	245	49	249	2.39e-44	146
Q45723	Q5ZZA8	23.611	72	39	3	105	169	69	131	0.72	26.6
Q45723	B6A878	42.857	21	12	0	18	38	657	677	2.1	25.4
Q45723	P26831	22.857	105	57	3	34	130	1421	1509	2.7	25.0
Q45723	Q5ZT67	26.316	57	32	3	89	136	32	87	6.8	23.5
C7BKP9	C7BKP9_2	100.000	2957	0	0	1	2957	1	2957	0.0	6113
C7BKP9	Q8ZQ79	65.556	180	62	0	2465	2644	134	313	1.02e-77	257
C7BKP9	Q5ZU30	30.481	187	94	7	2162	2335	28	191	1.84e-10	62.0
C7BKP9	A0A3T0PDD9	27.723	101	69	1	2033	2129	824	924	1.06e-06	50.1
C7BKP9	A0A3T0PDD9	25.197	127	83	3	1572	1687	662	787	5.66e-04	40.8
C7BKP9	AAR21118_1	27.632	152	94	8	1851	1994	773	916	4.83e-06	47.8
O32322	P0A383	39.474	228	123	6	27	242	25	249	1.42e-43	144
O32322	B6A878	41.176	34	18	1	15	46	657	690	0.20	28.5
O32322	P43153	21.429	126	88	4	61	185	986	1101	1.0	26.2
O32322	Q5ZR83	22.222	144	95	5	87	230	298	424	2.6	25.0
O32322	AAW70656_1	54.167	24	7	1	120	143	98	117	4.5	23.9
Q45790	P0A383	64.609	243	86	0	19	261	6	248	3.63e-119	337
Q45790	D2AJ46	26.667	45	33	0	96	140	30	74	2.3	25.0
Q45790	ZP_03355405_1	42.857	21	12	0	215	235	17	37	3.1	23.9
Q45790	Q9HU94	39.130	23	14	0	86	108	72	94	3.4	24.6
Q45790	AAW70705_1	25.581	86	56	1	187	264	33	118	3.8	23.9
N1LT74	N1LIK5	29.809	681	401	22	32	688	15	642	5.37e-79	261
N1LT74	Q06117	28.076	634	381	20	81	688	65	649	7.60e-57	200
N1LT74	Q45716	26.667	645	357	23	73	688	37	594	9.52e-47	174
N1LT74	Q45882	22.151	623	356	20	100	670	44	589	3.08e-24	103
N1LT74	O05102	30.612	245	129	6	104	339	64	276	9.04e-19	85.9
N1LT74	O05102	25.000	220	121	12	502	689	410	617	5.99e-06	44.7
Q9F9Z2	D5FW92	96.078	1428	56	0	1	1428	1	1428	0.0	2804
Q9F9Z2	H9L477	43.697	357	186	4	9	365	15	356	1.26e-74	256
Q9F9Z2	Q5ZRH5	29.825	57	38	1	945	1001	138	192	3.0	27.3
Q9F9Z2	P17452	31.034	29	20	0	760	788	164	192	4.2	26.9
Q9F9Z2	Q57PP1	36.170	47	25	2	666	708	48	93	9.8	25.0
B6A880	D5FW92	48.225	1493	693	14	1	1483	1	1423	0.0	1333
B6A880	H9L477	46.648	358	175	5	9	366	15	356	3.05e-86	290
B6A880	B7UI21	31.034	58	38	1	1368	1423	240	297	1.3	28.5
B6A880	Q5ZSW0	29.032	62	37	2	103	157	216	277	1.9	28.1
B6A880	Q5ZU55	27.059	85	48	3	1324	1401	475	552	4.7	26.9
A0A0R4FRR9	D3UYN1	72.911	1484	386	3	1	1470	1	1482	0.0	2138
A0A0R4FRR9	D5CBA0	31.495	562	304	22	28	535	30	564	2.68e-41	162
A0A0R4FRR9	D5CBA0	22.378	286	184	8	505	788	2102	2351	1.19e-06	48.9
A0A0R4FRR9	I1WVY3	33.108	296	172	11	6	289	44	325	2.12e-28	120
A0A0R4FRR9	I1WVY3	40.299	67	39	1	1244	1309	2440	2506	1.68e-04	41.6
A0A0R4FRR9	Q5PEA9	28.767	73	51	1	528	600	221	292	0.039	33.5
A0A0R4FRR9	Q5ZSU1	32.787	61	36	1	937	992	199	259	3.0	27.3
A0A068QWU7	D3UYN1	72.568	1480	384	3	1	1458	1	1480	0.0	2122
A0A068QWU7	D5CBA0	32.462	459	250	16	28	450	30	464	1.11e-41	164
A0A068QWU7	D5CBA0	22.300	287	185	8	503	787	2102	2352	2.51e-07	50.8
A0A068QWU7	D5CBA0	21.486	619	342	19	198	803	1971	2458	3.27e-04	40.8
A0A068QWU7	D5CBA0	30.233	43	30	0	1251	1293	2647	2689	0.91	29.3
A0A068QWU7	I1WVY3	33.645	321	162	13	6	310	44	329	2.67e-33	136
A0A068QWU7	I1WVY3	37.615	109	62	3	1244	1349	2447	2552	5.37e-07	50.1
A0A068QWU7	I1WVY3	23.344	317	205	10	497	807	1892	2176	0.009	36.2
A0A068QWU7	I1WVY3	22.414	290	192	12	257	524	1951	2229	4.7	26.9
A0A068QWU7	A0KHZ7	31.081	74	45	2	1220	1289	146	217	0.90	29.3
A0A068QWU7	YP_067323_1	22.819	149	91	6	1314	1447	295	434	5.2	26.6
A0A068QYK9	D3UYN1	69.724	1483	425	4	1	1460	1	1482	0.0	2034
A0A068QYK9	D5CBA0	31.227	538	309	20	28	530	30	541	6.08e-42	164
A0A068QYK9	D5CBA0	25.543	184	100	5	437	597	2161	2330	0.17	31.6
A0A068QYK9	I1WVY3	32.961	358	216	13	6	348	44	392	1.10e-35	144
A0A068QYK9	I1WVY3	38.806	67	40	1	1235	1300	2440	2506	8.64e-05	42.7
A0A068QYK9	I1WVY3	26.140	329	200	12	955	1279	317	606	0.28	31.2
A0A068QYK9	Q5PEA9	30.137	73	50	1	527	599	221	292	1.0	28.9
A0A068QYK9	A0KHZ7	30.769	52	35	1	1136	1186	371	422	2.6	27.7
N1NTT4	D3UYN1	72.776	1484	388	3	1	1470	1	1482	0.0	2133
N1NTT4	D5CBA0	31.317	562	305	22	28	535	30	564	1.35e-40	160
N1NTT4	D5CBA0	22.378	286	184	8	505	788	2102	2351	1.29e-06	48.5
N1NTT4	I1WVY3	33.108	296	172	11	6	289	44	325	2.40e-28	120
N1NTT4	I1WVY3	40.299	67	39	1	1244	1309	2440	2506	1.69e-04	41.6
N1NTT4	Q5PEA9	28.767	73	51	1	528	600	221	292	0.040	33.5
N1NTT4	Q5ZSU1	32.787	61	36	1	937	992	199	259	3.0	27.3
W1J5H1	D3UYN1	70.715	1482	411	5	1	1459	1	1482	0.0	2070
W1J5H1	D5CBA0	32.972	461	245	20	28	450	30	464	2.15e-40	159
W1J5H1	D5CBA0	20.698	401	265	11	415	802	2007	2367	1.14e-05	45.4
W1J5H1	D5CBA0	25.651	269	151	9	1125	1388	2538	2762	0.006	36.6
W1J5H1	I1WVY3	29.912	565	305	22	6	532	44	555	5.89e-35	141
W1J5H1	I1WVY3	33.117	154	71	4	1235	1388	2443	2564	1.92e-08	54.7
W1J5H1	D8P480	61.111	18	7	0	1088	1105	898	915	4.4	26.9
W1J5H1	Q9KNE5	37.500	32	20	0	210	241	648	679	4.8	26.9
B6VK49	Q7N0V1	87.338	616	75	2	4	618	1	614	0.0	1094
B6VK49	Q9Z7K3	20.984	305	197	7	256	522	567	865	1.88e-09	56.2
B6VK49	O33680	29.231	65	32	4	101	152	190	253	1.4	26.9
B6VK49	Q5ZWD1	34.146	41	26	1	452	492	177	216	1.6	26.9
B6VK49	D4HZV6	27.835	97	55	4	24	111	363	453	2.1	26.9
P9WF09	P69348	49.351	77	39	0	9	85	8	84	4.85e-28	92.8
P9WF09	Q7A225	28.333	60	39	1	21	80	32	87	0.028	26.9
P9WF09	Q47149	31.429	35	24	0	39	73	42	76	0.11	25.4
P9WF09	AAW70606_1	32.787	61	35	2	12	72	93	147	0.11	25.8
P9WF09	Q5ZTB8	40.000	25	15	0	49	73	916	940	1.2	23.1
P33647	P0AE70	38.835	103	56	4	1	102	1	97	1.53e-12	55.5
P33647	P96622	33.333	111	57	7	8	108	4	107	2.90e-06	38.9
P33647	P0CZ00	35.714	28	18	0	30	57	724	751	0.50	25.4
P33647	Q87P32	26.866	67	44	1	35	96	228	294	3.4	22.7
P33647	Q5ZZC1	28.205	39	28	0	77	115	591	629	3.8	22.7
Q4QNL7	Q4UNB2	37.313	134	84	0	1	134	1	134	1.52e-28	97.8
Q4QNL7	Q5ZUX2	40.000	20	12	0	81	100	101	120	0.37	25.8
Q4QNL7	P15917	36.364	33	20	1	62	93	291	323	0.57	25.4
Q4QNL7	Q5X443	29.787	47	25	2	16	61	518	557	3.2	23.1
Q4QNL7	O05102	27.381	84	54	3	8	86	78	159	3.3	23.1
P64646	P64453	63.158	57	21	0	1	57	1	57	6.61e-23	77.8
P64646	A0KHZ7	35.484	31	19	1	19	49	3515	3544	2.8	21.2
P64646	NP_819338_1	32.353	34	21	1	24	55	251	284	9.0	19.6
P64646	Q89N83	32.143	28	19	0	12	39	91	118	10.0	19.6
Q7N8B1	Q7N8B1_2	100.000	408	0	0	1	408	1	408	0.0	851
Q7N8B1	H9L477	60.504	238	89	2	175	407	353	590	3.71e-90	280
Q7N8B1	Q7MYD1	80.741	135	26	0	1	135	2	136	9.24e-71	221
Q7N8B1	Q7MYD1	60.526	38	15	0	137	174	203	240	1.74e-08	51.2
Q7N8B1	A0KHA9	52.857	210	98	1	198	406	718	927	4.65e-66	222
Q7N8B1	Q87GI9	26.901	171	75	10	214	373	72	203	1.0	26.6
