ID;species;type;target
G0CIT6;Xanthomonas campestris;Unknown;Non-Vertebrate
B6A882;Yersinia entomophaga;Unknown;Non-Vertebrate
B6A881;Yersinia entomophaga;Unknown;Non-Vertebrate
P22522;Escherichia coli;TypeII_PFT_bacteria;Non-Vertebrate
Q841V4;Escherichia coli;TypeII_PFT_bacteria;Non-Vertebrate
Q83TS1;Escherichia coli;TypeII_PFT_bacteria;Non-Vertebrate
A7GJP5;Clostridium botulinum;TypeII_PFT_bacteria;Non-Vertebrate
P0A312;Lactococcus lactis;TypeII_PFT_bacteria;Non-Vertebrate
P35518;Lactococcus lactis;TypeII_PFT_bacteria;Non-Vertebrate
P38578;Carnobacterium maltaromaticum;TypeII_PFT_bacteria;Non-Vertebrate
O34017;Enterococcus faecium;TypeII_PFT_bacteria;Non-Vertebrate
P80323;Lactobacillus curvatus;TypeII_PFT_bacteria;Non-Vertebrate
P80214;Lactobacillus plantarum;TypeII_PFT_bacteria;Non-Vertebrate
Q6VMM8;Streptococcus equinus;TypeII_PFT_bacteria;Non-Vertebrate
P80696;Lactobacillus amylovorus;TypeII_PFT_bacteria;Non-Vertebrate
Q46313;Carnobacterium maltaromaticum;TypeII_PFT_bacteria;Non-Vertebrate
P29430;Pediococcus acidilactici;TypeII_PFT_bacteria;Non-Vertebrate
P35618;Lactobacillus sakei;TypeII_PFT_bacteria;Non-Vertebrate
P80569;Carnobacterium maltaromaticum;TypeII_PFT_bacteria;Non-Vertebrate
Q47784;Enterococcus faecium;TypeII_PFT_bacteria;Non-Vertebrate
P38577;Leuconostoc mesenteroides;TypeII_PFT_bacteria;Non-Vertebrate
P34034;Leuconostoc gelidum;TypeII_PFT_bacteria;Non-Vertebrate
P38580;Carnobacterium maltaromaticum;TypeII_PFT_bacteria;Non-Vertebrate
P0A310;Lactobacillus sakei;TypeII_PFT_bacteria;Non-Vertebrate
P80493;Lactobacillus sakei;TypeII_PFT_bacteria;Non-Vertebrate
O30434;Enterococcus faecium;TypeII_PFT_bacteria;Non-Vertebrate
A9Q0M7;Streptococcus uberis;TypeII_PFT_bacteria;Non-Vertebrate
B1NRV2;Enterococcus faecalis;TypeII_PFT_bacteria;Non-Vertebrate
P84962;Carnobacterium divergens;TypeII_PFT_bacteria;Non-Vertebrate
P83002;Lactococcus lactis;TypeII_PFT_bacteria;Non-Vertebrate
Q6TGQ7;Enterococcus mundtii;TypeII_PFT_bacteria;Non-Vertebrate
P24022;Lactobacillus johnsonii;TypeII_PFT_bacteria;Non-Vertebrate
Q3SAX6;Carnobacterium divergens;TypeII_PFT_bacteria;Non-Vertebrate
P71469;Lactobacillus plantarum;TypeII_PFT_bacteria;Non-Vertebrate
R2S6C2;Enterococcus pallens;TypeII_PFT_bacteria;Non-Vertebrate
P71460;Lactobacillus plantarum;TypeII_PFT_bacteria;Non-Vertebrate
B9ZZY0;Lactococcus sp.;TypeII_PFT_bacteria;Non-Vertebrate
U2JAA3;Streptococcus sobrinus;TypeII_PFT_bacteria;Non-Vertebrate
O32831;Lactobacillus plantarum;TypeII_PFT_bacteria;Non-Vertebrate
O32830;Lactobacillus plantarum;TypeII_PFT_bacteria;Non-Vertebrate
Q2MDB2;Bacillus cereus;TypeII_PFT_bacteria;Non-Vertebrate
Q47765;Enterococcus faecalis;TypeII_PFT_bacteria;Non-Vertebrate
Q8GB47;Clostridium beijerinckii;TypeII_PFT_bacteria;Non-Vertebrate
E7G765;Coprobacillus cateniformis;TypeII_PFT_bacteria;Non-Vertebrate
O24790;Lactobacillus gasseri;TypeII_PFT_bacteria;Non-Vertebrate
Q9ZGP5;Butyrivibrio fibrisolvens;TypeII_PFT_bacteria;Non-Vertebrate
O07623;Bacillus subtilis;TypeII_PFT_bacteria;Non-Vertebrate
F9P995;Streptococcus constellatus;TypeII_PFT_bacteria;Non-Vertebrate
B2MVM5;Carnobacterium maltaromaticum;TypeII_PFT_bacteria;Non-Vertebrate
D2KC49;Lactococcus garvieae;TypeII_PFT_bacteria;Non-Vertebrate
A5H1G9;Streptococcus uberis;TypeII_PFT_bacteria;Non-Vertebrate
A0RKJ6;Bacillus thuringiensis;TypeII_PFT_bacteria;Non-Vertebrate
P06716;Escherichia coli;Unknown;Non-Vertebrate
P04479;Escherichia coli;TypeII_PFT_bacteria;Non-Vertebrate
Q6WRX0;Hafnia alvei;TypeII_PFT_bacteria;Non-Vertebrate
Q6WRW3;Hafnia alvei;TypeII_PFT_bacteria;Non-Vertebrate
H8YUQ0;Yersinia frederiksenii;TypeII_PFT_bacteria;Non-Vertebrate
Q9I4Y4;Pseudomonas aeruginosa;TypeII_PFT_bacteria;Non-Vertebrate
Q47502;Escherichia coli;TypeII_PFT_bacteria;Non-Vertebrate
P02978;Escherichia coli;TypeII_PFT_bacteria;Non-Vertebrate
Q47125;Escherichia coli;TypeII_PFT_bacteria;Non-Vertebrate
P04480;Citrobacter freundii;TypeII_PFT_bacteria;Non-Vertebrate
P05819;Escherichia coli;Unknown;Non-Vertebrate
P08083;Escherichia coli;TypeII_PFT_bacteria;Non-Vertebrate
Q9XB47;Escherichia coli;TypeII_PFT_bacteria;Non-Vertebrate
T2D1N2;Escherichia coli;TypeII_PFT_bacteria;Non-Vertebrate
I4L7C8;Pseudomonas synxantha;TypeII_PFT_bacteria;Non-Vertebrate
P09883;Escherichia coli;TypeII_PFT_bacteria;Non-Vertebrate
Q06584;Pseudomonas aeruginosa;TypeII_PFT_bacteria;Non-Vertebrate
Q45757;Bacillus thuringiensis;TypeII_PFT_bacteria;Non-Vertebrate
Q45747;Bacillus thuringiensis;Unknown;Non-Vertebrate
Q45754;Bacillus thuringiensis;Unknown;Non-Vertebrate
Q45716;Bacillus thuringiensis;Unknown;Non-Vertebrate
Q45748;Bacillus thuringiensis;Unknown;Non-Vertebrate
Q45739;Bacillus thuringiensis;Unknown;Non-Vertebrate
Q45758;Bacillus thuringiensis;Unknown;Non-Vertebrate
Q06117;Bacillus thuringiensis;Unknown;Non-Vertebrate
O87404;Bacillus thuringiensis;Unknown;Non-Vertebrate
P56955;Bacillus thuringiensis;Unknown;Non-Vertebrate
P56956;Bacillus thuringiensis;Unknown;Non-Vertebrate
P56957;Bacillus thuringiensis;Unknown;Non-Vertebrate
Q45743;Bacillus thuringiensis;Unknown;Non-Vertebrate
Q9XDL1;Bacillus thuringiensis;Unknown;Non-Vertebrate
O85805;Bacillus thuringiensis;Unknown;Non-Vertebrate
P96315;Bacillus thuringiensis;Unknown;Non-Vertebrate
Q939T0;Bacillus thuringiensis;Unknown;Non-Vertebrate
Q9RMG3;Bacillus thuringiensis;Unknown;Non-Vertebrate
Q9S515;Bacillus thuringiensis;Unknown;Non-Vertebrate
Q45712;Bacillus thuringiensis;Unknown;Non-Vertebrate
Q45755;Bacillus thuringiensis;Unknown;Non-Vertebrate
Q939S9;Bacillus thuringiensis;Unknown;Non-Vertebrate
Q45746;Bacillus thuringiensis;Unknown;Non-Vertebrate
Q45738;Bacillus thuringiensis;Unknown;Non-Vertebrate
Q03749;Bacillus thuringiensis;Unknown;Non-Vertebrate
P06575;Lysinibacillus sphaericus;Unknown;Non-Vertebrate
P57091;Paenibacillus popilliae;Unknown;Non-Vertebrate
Q45358;Paenibacillus popilliae;Unknown;Non-Vertebrate
P57092;Paenibacillus popilliae;Unknown;Non-Vertebrate
Q45882;Paraclostridium bifermentans;Unknown;Non-Vertebrate
O05102;Paraclostridium bifermentans;Unknown;Non-Vertebrate
Q04470;Bacillus thuringiensis;Unknown;Non-Vertebrate
P0A382;Bacillus thuringiensis;Unknown;Non-Vertebrate
P0A383;Bacillus thuringiensis;Unknown;Non-Vertebrate
P94594;Bacillus thuringiensis;Unknown;Non-Vertebrate
Q45723;Bacillus thuringiensis;Unknown;Non-Vertebrate
C7BKP9;Photorhabdus asymbiotica;Unknown;Non-Vertebrate
C7BKP9;Photorhabdus asymbiotica;Unknown;Vertebrate
O32322;Bacillus thuringiensis;Unknown;Non-Vertebrate
Q45790;Bacillus thuringiensis;Unknown;Non-Vertebrate
N1LT74;Bacillus sp.;Unknown;Non-Vertebrate
N1LIK5;Bacillus sp.;Unknown;Non-Vertebrate
A0A433LTT9;Bacillus sp.;Unknown;Non-Vertebrate
Q1I8U1;Pseudomonas entomophila;Unknown;Non-Vertebrate
F0V195;Vibrio nigripulchritudo;Unknown;Non-Vertebrate
Q9F9Z2;Serratia entomophila;Unknown;Non-Vertebrate
D5FW92;Serratia proteamaculans;Unknown;Non-Vertebrate
B6A880;Yersinia entomophaga;Unknown;Non-Vertebrate
P39798;Bacillus subtilis;Unknown;Non-Vertebrate
D3UYN1;Xenorhabdus bovienii;Unknown;Non-Vertebrate
A0A0R4FRR9;Xenorhabdus nematophila;Unknown;Non-Vertebrate
A0A068QWU7;Xenorhabdus doucetiae;Unknown;Non-Vertebrate
A0A068QYK9;Xenorhabdus poinarii;Unknown;Non-Vertebrate
N1NTT4;Xenorhabdus nematophila;Unknown;Non-Vertebrate
W1J5H1;Xenorhabdus szentirmaii;Unknown;Non-Vertebrate
D3VB22;Xenorhabdus nematophila;Unknown;Non-Vertebrate
Q84H14;Photorhabdus luminescens;Unknown;Non-Vertebrate
Q7N0V1;Photorhabdus laumondii;Unknown;Non-Vertebrate
B6VK49;Photorhabdus asymbiotica;Unknown;Non-Vertebrate
A0A0R4FQ94;Xenorhabdus nematophila;Unknown;Non-Vertebrate
AAR21118.1;Photorhabdus luminescens;Unknown;Non-Vertebrate
ABY91230.2;Pseudomonas protegens;Unknown;Non-Vertebrate
WP_154581617.1;Chlamydia trachomatis;TypeII_PFT_bacteria;Non-Vertebrate
QGS36096.1;Aerococcus viridans;TypeII_PFT_bacteria;Non-Vertebrate
WP_003646471.1;Lactobacillus plantarum;TypeII_PFT_bacteria;Non-Vertebrate
AAO18426.1;Lactobacillus plantarum;TypeII_PFT_bacteria;Non-Vertebrate
WP_003643800.1;Lactobacillus plantarum;TypeII_PFT_bacteria;Non-Vertebrate
WP_023098797.1;Pseudomonas;TypeII_PFT_bacteria;Non-Vertebrate
P0C077;Escherichia coli;Unknown;Non-Vertebrate
P64524;Escherichia coli;Unknown;Non-Vertebrate
P0AE70;Escherichia coli;Unknown;Non-Vertebrate
Q46865;Escherichia coli;Unknown;Non-Vertebrate
Q47149;Escherichia coli;Unknown;Non-Vertebrate
P9WF09;Mycobacterium tuberculosis;Unknown;Non-Vertebrate
P23874;Escherichia coli;Unknown;Non-Vertebrate
I1WVY3;Burkholderia pseudomallei;Unknown;Non-Vertebrate
Q8EIX3;Shewanella oneidensis;Unknown;Non-Vertebrate
Q97QZ1;Streptococcus pneumoniae;Unknown;Non-Vertebrate
P33647;Escherichia coli;Unknown;Non-Vertebrate
P69348;Escherichia coli;Unknown;Non-Vertebrate
B8X8Z0;Pectobacterium atrosepticum;Unknown;Non-Vertebrate
Q7A225;Proteus vulgaris;Unknown;Non-Vertebrate
P96622;Bacillus subtilis;Unknown;Non-Vertebrate
O34344;Bacillus subtilis;Unknown;Non-Vertebrate
Q4QNL7;Haemophilus influenzae;Unknown;Non-Vertebrate
P9WLP9;Mycobacterium tuberculosis;Unknown;Non-Vertebrate
Q07833;Bacillus subtilis;Unknown;Non-Vertebrate
A0A0C5XL88;Sphingobium sp.;Unknown;Non-Vertebrate
Q54944;Streptococcus pyogenes;Unknown;Non-Vertebrate
P0AGL5;Escherichia coli;Unknown;Non-Vertebrate
O34853;Bacillus subtilis;Unknown;Non-Vertebrate
Q47157;Escherichia coli;Unknown;Non-Vertebrate
P64646;Escherichia coli;Unknown;Non-Vertebrate
Q9I739;Pseudomonas aeruginosa;Type_III;Non-Vertebrate
Q79EC5;Escherichia coli;Unknown;Non-Vertebrate
P64453;Escherichia coli;Unknown;Non-Vertebrate
B6A878;Yersinia entomophaga;Unknown;Non-Vertebrate
D5CBA0;Enterobacter cloacae;Unknown;Non-Vertebrate
P52129;Escherichia coli;Unknown;Non-Vertebrate
Q9ZJ19;Lactococcus lactis;Unknown;Non-Vertebrate
Q9HYC5;Pseudomonas aeruginosa;TypeIII_controlToxin;Non-Vertebrate
H9T8G6;Burkholderia pseudomallei;Unknown;Non-Vertebrate
P05516;Lysinibacillus sphaericus;Unknown;Non-Vertebrate
A0A0H3CC30;Caulobacter vibrioides;Unknown;Non-Vertebrate
A0A0H3KDT7;Staphylococcus aureus;Unknown;Non-Vertebrate
Q4UNB2;Rickettsia felis;Unknown;Non-Vertebrate
Q9KNE5;Vibrio cholerae;Type_III;Non-Vertebrate
Q7N8B1;Photorhabdus laumondii;Unknown;Non-Vertebrate
Q7N8B1;Photorhabdus laumondii;Unknown;Vertebrate
Q79LY0;Pseudomonas syringae;TypeIII_controlToxin;Non-Vertebrate
Q4ZX82;Pseudomonas syringae;TypeIII_controlToxin;Non-Vertebrate
Q4ZMD6;Pseudomonas syringae;TypeIII_controlToxin;Non-Vertebrate
Q52430;Pseudomonas savastanoi;TypeIII_controlToxin;Non-Vertebrate
Q48DU8;Pseudomonas savastanoi;TypeIII_controlToxin;Non-Vertebrate
Q48B61;Pseudomonas savastanoi;TypeIII_controlToxin;Non-Vertebrate
Q2QCI9;Pseudomonas syringae;TypeIII_controlToxin;Non-Vertebrate
YP_025680.1;Pseudomonas syringae;TypeIII_controlToxin;Non-Vertebrate
ZP_05639859.1;Pseudomonas syringae;TypeIII_controlToxin;Non-Vertebrate
ZP_06481941.1;Pseudomonas syringae;TypeIII_controlToxin;Non-Vertebrate
ACU65043.1;Pseudomonas syringae;TypeIII_controlToxin;Non-Vertebrate
ACU65060.1;Pseudomonas syringae;TypeIII_controlToxin;Non-Vertebrate
ACU65062.1;Pseudomonas syringae;TypeIII_controlToxin;Non-Vertebrate
ACY60554.1;Yersinia pestis;TypeIII;Vertebrate
AAF71481.2;Pseudomonas syringae;TypeIII_controlToxin;Non-Vertebrate
AAP31245.1;Pseudomonas syringae;TypeIII_controlToxin;Non-Vertebrate
AAT35179.1;Pseudomonas syringae;TypeIII_controlToxin;Non-Vertebrate
Q6LAD6;Pseudomonas syringae;TypeIII_controlToxin;Non-Vertebrate
Q7PC62;Pseudomonas syringae;TypeIII_controlToxin;Non-Vertebrate
Q87W65;Pseudomonas syringae;TypeIII_controlToxin;Non-Vertebrate
Q887D0;Pseudomonas syringae;TypeIII_controlToxin;Non-Vertebrate
Q888Y8;Pseudomonas syringae;TypeIII_controlToxin;Non-Vertebrate
Q8RK06;Pseudomonas savastanoi;TypeIII_controlToxin;Non-Vertebrate
Q8RK07;Pseudomonas savastanoi;TypeIII_controlToxin;Non-Vertebrate
Q8RK09;Pseudomonas savastanoi;TypeIII_controlToxin;Non-Vertebrate
Q8RK12;Pseudomonas savastanoi;TypeIII_controlToxin;Non-Vertebrate
Q8RP04;Pseudomonas syringae;TypeIII_controlToxin;Non-Vertebrate
Q8RP17;Pseudomonas syringae;TypeIII_controlToxin;Non-Vertebrate
Q8RSY1;Pseudomonas syringae;TypeIII_controlToxin;Non-Vertebrate
Q9F3T6;Pseudomonas savastanoi;TypeIII_controlToxin;Non-Vertebrate
Q9RBW3;Pseudomonas savastanoi;TypeIII_controlToxin;Non-Vertebrate
Q4K5B7;Pseudomonas fluorescens;TypeIII_controlToxin;Non-Vertebrate
Q4KC90;Pseudomonas fluorescens;TypeIII_controlToxin;Non-Vertebrate
Q9I0E0;Pseudomonas aeruginosa;Type_III;Non-Vertebrate
Q9I0E0;Pseudomonas aeruginosa;Type_III;Vertebrate
Q9I0F4;Pseudomonas aeruginosa;TypeIII_controlToxin;Non-Vertebrate
Q9I2Q1;Pseudomonas aeruginosa;TypeIII_controlToxin;Non-Vertebrate
Q9I3K2;Pseudomonas aeruginosa;TypeIII_controlToxin;Non-Vertebrate
A0FDW2;Pseudomonas amygdali;TypeIII_controlToxin;Non-Vertebrate
A0FDW6;Pseudomonas coronafaciens;TypeIII_controlToxin;Non-Vertebrate
A0FDW7;Pseudomonas syringae;TypeIII_controlToxin;Non-Vertebrate
A0FDW8;Pseudomonas amygdali;TypeIII_controlToxin;Non-Vertebrate
A0FDX1;Pseudomonas syringae;TypeIII_controlToxin;Non-Vertebrate
A2BCU8;Pseudomonas savastanoi;TypeIII_controlToxin;Non-Vertebrate
A3QQZ4;Pseudomonas syringae;TypeIII_controlToxin;Non-Vertebrate
A3QQZ7;Pseudomonas syringae;TypeIII_controlToxin;Non-Vertebrate
A3QQZ8;Pseudomonas syringae;TypeIII_controlToxin;Non-Vertebrate
A3QQZ9;Pseudomonas syringae;TypeIII_controlToxin;Non-Vertebrate
A3QR00;Pseudomonas syringae;TypeIII_controlToxin;Non-Vertebrate
A3QR01;Pseudomonas syringae;TypeIII_controlToxin;Non-Vertebrate
C8BNV1;Pseudomonas syringae;TypeIII_controlToxin;Non-Vertebrate
C8BNW8;Pseudomonas syringae;TypeIII_controlToxin;Non-Vertebrate
E5G0U5;Pseudomonas amygdali;TypeIII_controlToxin;Non-Vertebrate
E7PH30;Pseudomonas savastanoi;TypeIII_controlToxin;Non-Vertebrate
E7PJ45;Pseudomonas savastanoi;TypeIII_controlToxin;Non-Vertebrate
E7PKT3;Pseudomonas savastanoi;TypeIII_controlToxin;Non-Vertebrate
E7PKW2;Pseudomonas savastanoi;TypeIII_controlToxin;Non-Vertebrate
E7PLP1;Pseudomonas savastanoi;TypeIII_controlToxin;Non-Vertebrate
E7PP21;Pseudomonas savastanoi;TypeIII_controlToxin;Non-Vertebrate
A0A656G4D5;Pseudomonas amygdali;TypeIII_controlToxin;Non-Vertebrate
A0A656GG29;Pseudomonas amygdali;TypeIII_controlToxin;Non-Vertebrate
A0A656GNA3;Pseudomonas amygdali;TypeIII_controlToxin;Non-Vertebrate
F3FCB6;Pseudomonas syringae;TypeIII_controlToxin;Non-Vertebrate
F3FD33;Pseudomonas syringae;TypeIII_controlToxin;Non-Vertebrate
F3FD38;Pseudomonas syringae;TypeIII_controlToxin;Non-Vertebrate
F3FD65;Pseudomonas syringae;TypeIII_controlToxin;Non-Vertebrate
F3G1H5;Pseudomonas syringae;TypeIII_controlToxin;Non-Vertebrate
F3G207;Pseudomonas syringae;TypeIII_controlToxin;Non-Vertebrate
F3G208;Pseudomonas syringae;TypeIII_controlToxin;Non-Vertebrate
F3G242;Pseudomonas syringae;TypeIII_controlToxin;Non-Vertebrate
F3G248;Pseudomonas syringae;TypeIII_controlToxin;Non-Vertebrate
F3G4A3;Pseudomonas syringae;TypeIII_controlToxin;Non-Vertebrate
F3GCB9;Pseudomonas syringae;TypeIII_controlToxin;Non-Vertebrate
F3GEH5;Pseudomonas syringae;TypeIII_controlToxin;Non-Vertebrate
F3GEX7;Pseudomonas syringae;TypeIII_controlToxin;Non-Vertebrate
A0A656GRZ5;Pseudomonas syringae;TypeIII_controlToxin;Non-Vertebrate
A0A656GSU4;Pseudomonas syringae;TypeIII_controlToxin;Non-Vertebrate
A0A656GSX5;Pseudomonas syringae;TypeIII_controlToxin;Non-Vertebrate
A0A656H0U7;Pseudomonas syringae;TypeIII_controlToxin;Non-Vertebrate
A0A656H641;Pseudomonas syringae;TypeIII_controlToxin;Non-Vertebrate
A0A656H5T7;Pseudomonas syringae;TypeIII_controlToxin;Non-Vertebrate
A0A656H7M6;Pseudomonas syringae;TypeIII_controlToxin;Non-Vertebrate
A0A656H7U2;Pseudomonas syringae;TypeIII_controlToxin;Non-Vertebrate
F3HEG0;Pseudomonas syringae;TypeIII_controlToxin;Non-Vertebrate
F3HEG5;Pseudomonas syringae;TypeIII_controlToxin;Non-Vertebrate
F3HEJ8;Pseudomonas syringae;TypeIII_controlToxin;Non-Vertebrate
F3HH80;Pseudomonas syringae;TypeIII_controlToxin;Non-Vertebrate
F3HH81;Pseudomonas syringae;TypeIII_controlToxin;Non-Vertebrate
F3HH82;Pseudomonas syringae;TypeIII_controlToxin;Non-Vertebrate
F3HM16;Pseudomonas syringae;TypeIII_controlToxin;Non-Vertebrate
F3HNN9;Pseudomonas syringae;TypeIII_controlToxin;Non-Vertebrate
F3HPT6;Pseudomonas syringae;TypeIII_controlToxin;Non-Vertebrate
F3HQV5;Pseudomonas syringae;TypeIII_controlToxin;Non-Vertebrate
F3HQV6;Pseudomonas syringae;TypeIII_controlToxin;Non-Vertebrate
F3HV48;Pseudomonas syringae;TypeIII_controlToxin;Non-Vertebrate
F3ICX9;Pseudomonas amygdali;TypeIII_controlToxin;Non-Vertebrate
F3IDL2;Pseudomonas amygdali;TypeIII_controlToxin;Non-Vertebrate
F3IDS2;Pseudomonas amygdali;TypeIII_controlToxin;Non-Vertebrate
F3IDS7;Pseudomonas amygdali;TypeIII_controlToxin;Non-Vertebrate
F3IHD9;Pseudomonas amygdali;TypeIII_controlToxin;Non-Vertebrate
F3IJ53;Pseudomonas amygdali;TypeIII_controlToxin;Non-Vertebrate
F3IJD5;Pseudomonas amygdali;TypeIII_controlToxin;Non-Vertebrate
F3IJD6;Pseudomonas amygdali;TypeIII_controlToxin;Non-Vertebrate
F3INB8;Pseudomonas amygdali;TypeIII_controlToxin;Non-Vertebrate
F3INY7;Pseudomonas amygdali;TypeIII_controlToxin;Non-Vertebrate
F3INZ6;Pseudomonas amygdali;TypeIII_controlToxin;Non-Vertebrate
F3IP81;Pseudomonas amygdali;TypeIII_controlToxin;Non-Vertebrate
F3IP82;Pseudomonas amygdali;TypeIII_controlToxin;Non-Vertebrate
F3IP83;Pseudomonas amygdali;TypeIII_controlToxin;Non-Vertebrate
F3IRM5;Pseudomonas amygdali;TypeIII_controlToxin;Non-Vertebrate
F3IRM7;Pseudomonas amygdali;TypeIII_controlToxin;Non-Vertebrate
G3XDB9;Pseudomonas syringae;TypeIII_controlToxin;Non-Vertebrate
G9I6Y2;Pseudomonas syringae;TypeIII_controlToxin;Non-Vertebrate
I1V8A5;Pseudomonas syringae;TypeIII_controlToxin;Non-Vertebrate
I1V8A6;Pseudomonas syringae;TypeIII_controlToxin;Non-Vertebrate
I1V8A7;Pseudomonas syringae;TypeIII_controlToxin;Non-Vertebrate
I1V8A8;Pseudomonas syringae;TypeIII_controlToxin;Non-Vertebrate
I1V8A9;Pseudomonas syringae;TypeIII_controlToxin;Non-Vertebrate
I1V8B0;Pseudomonas syringae;TypeIII_controlToxin;Non-Vertebrate
J7I9B3;Pseudomonas syringae;TypeIII_controlToxin;Non-Vertebrate
J7I9B7;Pseudomonas syringae;TypeIII_controlToxin;Non-Vertebrate
J7I9E2;Pseudomonas syringae;TypeIII_controlToxin;Non-Vertebrate
J7I9R7;Pseudomonas syringae;TypeIII_controlToxin;Non-Vertebrate
J7I9V0;Pseudomonas syringae;TypeIII_controlToxin;Non-Vertebrate
J7I9V5;Pseudomonas syringae;TypeIII_controlToxin;Non-Vertebrate
J7I9W3;Pseudomonas syringae;TypeIII_controlToxin;Non-Vertebrate
J7I9W8;Pseudomonas syringae;TypeIII_controlToxin;Non-Vertebrate
J7IA88;Pseudomonas syringae;TypeIII_controlToxin;Non-Vertebrate
J7IDH5;Pseudomonas syringae;TypeIII_controlToxin;Non-Vertebrate
J7IDX1;Pseudomonas syringae;TypeIII_controlToxin;Non-Vertebrate
J7IE52;Pseudomonas syringae;TypeIII_controlToxin;Non-Vertebrate
J7IG74;Pseudomonas syringae;TypeIII_controlToxin;Non-Vertebrate
J7IG80;Pseudomonas syringae;TypeIII_controlToxin;Non-Vertebrate
J7IGK1;Pseudomonas syringae;TypeIII_controlToxin;Non-Vertebrate
J7IGZ7;Pseudomonas syringae;TypeIII_controlToxin;Non-Vertebrate
J7IHF0;Pseudomonas syringae;TypeIII_controlToxin;Non-Vertebrate
J7IHF5;Pseudomonas syringae;TypeIII_controlToxin;Non-Vertebrate
J7IHN8;Pseudomonas syringae;TypeIII_controlToxin;Non-Vertebrate
O30529;Pseudomonas aeruginosa;TypeIII_controlToxin;Non-Vertebrate
O85094;Pseudomonas savastanoi;TypeIII_controlToxin;Non-Vertebrate
O87327;Pseudomonas syringae;TypeIII_controlToxin;Non-Vertebrate
O87653;Pseudomonas syringae;TypeIII_controlToxin;Non-Vertebrate
P11437;Pseudomonas savastanoi;TypeIII_controlToxin;Non-Vertebrate
P13835;Pseudomonas savastanoi;TypeIII_controlToxin;Non-Vertebrate
P35674;Pseudomonas syringae;TypeIII_controlToxin;Non-Vertebrate
Q08242;Pseudomonas syringae;TypeIII_controlToxin;Non-Vertebrate
Q08370;Pseudomonas syringae;TypeIII_controlToxin;Non-Vertebrate
Q08678;Xanthomonas euvesicatoria;TypeIII_controlToxin;Non-Vertebrate
Q48B68;Pseudomonas savastanoi;TypeIII_controlToxin;Non-Vertebrate
Q48B92;Pseudomonas savastanoi;TypeIII_controlToxin;Non-Vertebrate
Q48BC6;Pseudomonas savastanoi;TypeIII_controlToxin;Non-Vertebrate
Q48BE0;Pseudomonas savastanoi;TypeIII_controlToxin;Non-Vertebrate
Q48DQ9;Pseudomonas savastanoi;TypeIII_controlToxin;Non-Vertebrate
Q48M17;Pseudomonas savastanoi;TypeIII_controlToxin;Non-Vertebrate
Q48M45;Pseudomonas savastanoi;TypeIII_controlToxin;Non-Vertebrate
Q4K3N3;Pseudomonas fluorescens;TypeIII_controlToxin;Non-Vertebrate
Q4K3N4;Pseudomonas fluorescens;TypeIII_controlToxin;Non-Vertebrate
Q4K3N5;Pseudomonas fluorescens;TypeIII_controlToxin;Non-Vertebrate
Q4K3N9;Pseudomonas fluorescens;TypeIII_controlToxin;Non-Vertebrate
Q4ZNB6;Pseudomonas syringae;TypeIII_controlToxin;Non-Vertebrate
Q4ZP52;Pseudomonas syringae;TypeIII_controlToxin;Non-Vertebrate
Q4ZV89;Pseudomonas syringae;TypeIII_controlToxin;Non-Vertebrate
Q4ZX47;Pseudomonas syringae;TypeIII_controlToxin;Non-Vertebrate
Q4ZX48;Pseudomonas syringae;TypeIII_controlToxin;Non-Vertebrate
Q4ZX80;Pseudomonas syringae;TypeIII_controlToxin;Non-Vertebrate
Q4ZX85;Pseudomonas syringae;TypeIII_controlToxin;Non-Vertebrate
Q4ZXP9;Pseudomonas syringae;TypeIII_controlToxin;Non-Vertebrate
Q4ZYH0;Pseudomonas syringae;TypeIII_controlToxin;Non-Vertebrate
Q52394;Pseudomonas savastanoi;TypeIII_controlToxin;Non-Vertebrate
Q52420;Pseudomonas syringae;TypeIII_controlToxin;Non-Vertebrate
Q52432;Pseudomonas syringae;TypeIII_controlToxin;Non-Vertebrate
Q52473;Pseudomonas syringae;TypeIII_controlToxin;Non-Vertebrate
Q52480;Pseudomonas savastanoi;TypeIII_controlToxin;Non-Vertebrate
Q52481;Pseudomonas savastanoi;TypeIII_controlToxin;Non-Vertebrate
Q52530;Pseudomonas savastanoi;TypeIII_controlToxin;Non-Vertebrate
Q52537;Pseudomonas syringae;TypeIII_controlToxin;Non-Vertebrate
Q5DI80;Pseudomonas savastanoi;TypeIII_controlToxin;Non-Vertebrate
Q5EN61;Xanthomonas euvesicatoria;TypeIII_controlToxin;Non-Vertebrate
Q60235;Pseudomonas syringae;TypeIII_controlToxin;Non-Vertebrate
Q60236;Pseudomonas syringae;TypeIII_controlToxin;Non-Vertebrate
Q6J2E6;Pseudomonas syringae;TypeIII_controlToxin;Non-Vertebrate
Q7BE94;Pseudomonas syringae;TypeIII_controlToxin;Non-Vertebrate
Q7BM43;Pseudomonas syringae;TypeIII_controlToxin;Non-Vertebrate
Q7PC42;Pseudomonas syringae;TypeIII_controlToxin;Non-Vertebrate
Q7PC45;Pseudomonas syringae;TypeIII_controlToxin;Non-Vertebrate
Q83YM3;Pseudomonas syringae;TypeIII_controlToxin;Non-Vertebrate
Q83YM6;Pseudomonas amygdali;TypeIII_controlToxin;Non-Vertebrate
Q83YN7;Pseudomonas syringae;TypeIII_controlToxin;Non-Vertebrate
Q840G7;Pseudomonas syringae;TypeIII_controlToxin;Non-Vertebrate
Q87UE5;Pseudomonas syringae;TypeIII_controlToxin;Non-Vertebrate
Q87V79;Pseudomonas syringae;TypeIII_controlToxin;Non-Vertebrate
Q87W07;Pseudomonas syringae;TypeIII_controlToxin;Non-Vertebrate
Q87W42;Pseudomonas syringae;TypeIII_controlToxin;Non-Vertebrate
Q87W46;Pseudomonas syringae;TypeIII_controlToxin;Non-Vertebrate
Q87W48;Pseudomonas syringae;TypeIII_controlToxin;Non-Vertebrate
Q87WF4;Pseudomonas syringae;TypeIII_controlToxin;Non-Vertebrate
Q87WF6;Pseudomonas syringae;TypeIII_controlToxin;Non-Vertebrate
Q87WF7;Pseudomonas syringae;TypeIII_controlToxin;Non-Vertebrate
Q87WF8;Pseudomonas syringae;TypeIII_controlToxin;Non-Vertebrate
Q87WG2;Pseudomonas syringae;TypeIII_controlToxin;Non-Vertebrate
Q87X57;Pseudomonas syringae;TypeIII_controlToxin;Non-Vertebrate
Q87XS5;Pseudomonas syringae;TypeIII_controlToxin;Non-Vertebrate
Q87ZX9;Pseudomonas syringae;TypeIII_controlToxin;Non-Vertebrate
Q87ZY0;Pseudomonas syringae;TypeIII_controlToxin;Non-Vertebrate
Q881L7;Pseudomonas syringae;TypeIII_controlToxin;Non-Vertebrate
Q882F0;Pseudomonas syringae;TypeIII_controlToxin;Non-Vertebrate
Q886L1;Pseudomonas syringae;TypeIII_controlToxin;Non-Vertebrate
Q887B7;Pseudomonas syringae;TypeIII_controlToxin;Non-Vertebrate
Q887C9;Pseudomonas syringae;TypeIII_controlToxin;Non-Vertebrate
Q888W0;Pseudomonas syringae;TypeIII_controlToxin;Non-Vertebrate
Q888W3;Pseudomonas syringae;TypeIII_controlToxin;Non-Vertebrate
Q888Y1;Pseudomonas syringae;TypeIII_controlToxin;Non-Vertebrate
Q888Y7;Pseudomonas syringae;TypeIII_controlToxin;Non-Vertebrate
Q889A9;Pseudomonas syringae;TypeIII_controlToxin;Non-Vertebrate
Q88A09;Pseudomonas syringae;TypeIII_controlToxin;Non-Vertebrate
Q88A90;Pseudomonas syringae;TypeIII_controlToxin;Non-Vertebrate
Q88AB8;Pseudomonas syringae;TypeIII_controlToxin;Non-Vertebrate
Q88BF6;Pseudomonas syringae;TypeIII_controlToxin;Non-Vertebrate
Q88BP7;Pseudomonas syringae;TypeIII_controlToxin;Non-Vertebrate
Q88BP8;Pseudomonas syringae;TypeIII_controlToxin;Non-Vertebrate
Q88BQ2;Pseudomonas syringae;TypeIII_controlToxin;Non-Vertebrate
Q8RNY8;Pseudomonas syringae;TypeIII_controlToxin;Non-Vertebrate
Q8RP03;Pseudomonas syringae;TypeIII_controlToxin;Non-Vertebrate
Q8RP09;Pseudomonas syringae;TypeIII_controlToxin;Non-Vertebrate
Q8RP13;Pseudomonas syringae;TypeIII_controlToxin;Non-Vertebrate
Q8VPK4;Pseudomonas fluorescens;TypeIII_controlToxin;Non-Vertebrate
Q9F0B1;Pseudomonas savastanoi;TypeIII_controlToxin;Non-Vertebrate
Q9F0H3;Pseudomonas syringae;TypeIII_controlToxin;Non-Vertebrate
Q9F3T4;Pseudomonas syringae;TypeIII_controlToxin;Non-Vertebrate
Q9F3T5;Pseudomonas syringae;TypeIII_controlToxin;Non-Vertebrate
Q9JP32;Pseudomonas syringae;TypeIII_controlToxin;Non-Vertebrate
Q9K2L5;Pseudomonas savastanoi;TypeIII_controlToxin;Non-Vertebrate
Q9L6W3;Pseudomonas syringae;TypeIII_controlToxin;Non-Vertebrate
Q9L6W4;Pseudomonas syringae;TypeIII_controlToxin;Non-Vertebrate
S3MPF6;Pseudomonas syringae;TypeIII_controlToxin;Non-Vertebrate
S3MY93;Pseudomonas syringae;TypeIII_controlToxin;Non-Vertebrate
S3NG26;Pseudomonas syringae;TypeIII_controlToxin;Non-Vertebrate
S3NG30;Pseudomonas syringae;TypeIII_controlToxin;Non-Vertebrate
A0A656JK29;Pseudomonas syringae;TypeIII_controlToxin;Non-Vertebrate
S6SR13;Pseudomonas syringae;TypeIII_controlToxin;Non-Vertebrate
S6SWN6;Pseudomonas syringae;TypeIII_controlToxin;Non-Vertebrate
S6SWQ6;Pseudomonas syringae;TypeIII_controlToxin;Non-Vertebrate
A0A656JMP9;Pseudomonas syringae;TypeIII_controlToxin;Non-Vertebrate
S6T863;Pseudomonas syringae;TypeIII_controlToxin;Non-Vertebrate
A0A656JP60;Pseudomonas syringae;TypeIII_controlToxin;Non-Vertebrate
S6TTJ9;Pseudomonas syringae;TypeIII_controlToxin;Non-Vertebrate
S6TW99;Pseudomonas syringae;TypeIII_controlToxin;Non-Vertebrate
S6TWG5;Pseudomonas syringae;TypeIII_controlToxin;Non-Vertebrate
S6TWP0;Pseudomonas syringae;TypeIII_controlToxin;Non-Vertebrate
A0A656JKR5;Pseudomonas syringae;TypeIII_controlToxin;Non-Vertebrate
A0A656JL30;Pseudomonas syringae;TypeIII_controlToxin;Non-Vertebrate
S6U3U1;Pseudomonas syringae;TypeIII_controlToxin;Non-Vertebrate
S6U6V3;Pseudomonas syringae;TypeIII_controlToxin;Non-Vertebrate
A0A656JKS4;Pseudomonas syringae;TypeIII_controlToxin;Non-Vertebrate
A0A656JMC6;Pseudomonas syringae;TypeIII_controlToxin;Non-Vertebrate
A0A656JUW2;Pseudomonas syringae;TypeIII_controlToxin;Non-Vertebrate
S6V7U9;Pseudomonas syringae;TypeIII_controlToxin;Non-Vertebrate
S6VA78;Pseudomonas syringae;TypeIII_controlToxin;Non-Vertebrate
S6VCW1;Pseudomonas syringae;TypeIII_controlToxin;Non-Vertebrate
A0A656K2Q9;Pseudomonas syringae;TypeIII_controlToxin;Non-Vertebrate
S6VK55;Pseudomonas syringae;TypeIII_controlToxin;Non-Vertebrate
A0A656JUY3;Pseudomonas syringae;TypeIII_controlToxin;Non-Vertebrate
A0A656K6U3;Pseudomonas syringae;TypeIII_controlToxin;Non-Vertebrate
A0A656JUP1;Pseudomonas syringae;TypeIII_controlToxin;Non-Vertebrate
A0A656JUZ9;Pseudomonas syringae;TypeIII_controlToxin;Non-Vertebrate
A0A656JXQ0;Pseudomonas syringae;TypeIII_controlToxin;Non-Vertebrate
S6W322;Pseudomonas syringae;TypeIII_controlToxin;Non-Vertebrate
A0A656JXF7;Pseudomonas syringae;TypeIII_controlToxin;Non-Vertebrate
S6WC57;Pseudomonas syringae;TypeIII_controlToxin;Non-Vertebrate
S6WD38;Pseudomonas syringae;TypeIII_controlToxin;Non-Vertebrate
A0A656K4D4;Pseudomonas syringae;TypeIII_controlToxin;Non-Vertebrate
A0A656K8M8;Pseudomonas syringae;TypeIII_controlToxin;Non-Vertebrate
A0A656K4E5;Pseudomonas syringae;TypeIII_controlToxin;Non-Vertebrate
A0A656K491;Pseudomonas syringae;TypeIII_controlToxin;Non-Vertebrate
A0A656K4J3;Pseudomonas syringae;TypeIII_controlToxin;Non-Vertebrate
NP_642922.1;Xanthomonas axonopodis;TypeIII_controlToxin;Non-Vertebrate
ZP_06486078.1;Xanthomonas campestris;TypeIII_controlToxin;Non-Vertebrate
ZP_06489150.1;Xanthomonas campestris;TypeIII_controlToxin;Non-Vertebrate
AAP34334.1;Xanthomonas citri;TypeIII_controlToxin;Non-Vertebrate
AAQ60244.1;Chromobacterium violaceum;TypeIII_controlToxin;Non-Vertebrate
ABG23671.1;Xanthomonas oryzae;TypeIII_controlToxin;Non-Vertebrate
P14727;Xanthomonas euvesicatoria;TypeIII_controlToxin;Non-Vertebrate
D4T148;Xanthomonas citri;TypeIII_controlToxin;Non-Vertebrate
D4T570;Xanthomonas citri;TypeIII_controlToxin;Non-Vertebrate
D4I1J6;Erwinia amylovora;TypeIII_controlToxin;Non-Vertebrate
G7TIR4;Xanthomonas oryzae;TypeIII_controlToxin;Non-Vertebrate
G9L9K6;Xanthomonas campestris;TypeIII_controlToxin;Non-Vertebrate
H2BNU5;Xanthomonas arboricola;TypeIII_controlToxin;Non-Vertebrate
H2BNU9;Xanthomonas arboricola;TypeIII_controlToxin;Non-Vertebrate
H2BNV7;Xanthomonas campestris;TypeIII_controlToxin;Non-Vertebrate
H2EMV1;Xanthomonas citri;TypeIII_controlToxin;Non-Vertebrate
H6UWS2;Xanthomonas oryzae;TypeIII_controlToxin;Non-Vertebrate
Q07061;Xanthomonas vesicatoria;TypeIII_controlToxin;Non-Vertebrate
Q156B7;Xanthomonas oryzae;TypeIII_controlToxin;Non-Vertebrate
Q3BM44;Xanthomonas campestris;TypeIII_controlToxin;Non-Vertebrate
Q3BRD8;Xanthomonas campestris;TypeIII_controlToxin;Non-Vertebrate
Q3BRE0;Xanthomonas campestris;TypeIII_controlToxin;Non-Vertebrate
Q3BSU7;Xanthomonas campestris;TypeIII_controlToxin;Non-Vertebrate
Q3BTM6;Xanthomonas campestris;TypeIII_controlToxin;Non-Vertebrate
Q3BW96;Xanthomonas campestris;TypeIII_controlToxin;Non-Vertebrate
Q3BWS7;Xanthomonas campestris;TypeIII_controlToxin;Non-Vertebrate
Q3BY51;Xanthomonas campestris;TypeIII_controlToxin;Non-Vertebrate
Q3BY60;Xanthomonas campestris;TypeIII_controlToxin;Non-Vertebrate
Q3BYG1;Xanthomonas campestris;TypeIII_controlToxin;Non-Vertebrate
Q3BYJ5;Xanthomonas campestris;TypeIII_controlToxin;Non-Vertebrate
Q3BYL8;Xanthomonas campestris;TypeIII_controlToxin;Non-Vertebrate
Q3C000;Xanthomonas campestris;TypeIII_controlToxin;Non-Vertebrate
Q5QA86;Xanthomonas euvesicatoria;TypeIII_controlToxin;Non-Vertebrate
Q5QA88;Xanthomonas euvesicatoria;TypeIII_controlToxin;Non-Vertebrate
Q5QA89;Xanthomonas euvesicatoria;TypeIII_controlToxin;Non-Vertebrate
Q5QA92;Xanthomonas euvesicatoria;TypeIII_controlToxin;Non-Vertebrate
Q5RJF5;Xanthomonas euvesicatoria;TypeIII_controlToxin;Non-Vertebrate
Q6IV70;Xanthomonas euvesicatoria;TypeIII_controlToxin;Non-Vertebrate
Q6TQF0;Xanthomonas euvesicatoria;TypeIII_controlToxin;Non-Vertebrate
Q6WEG4;Pectobacterium carotovorum;TypeIII_controlToxin;Non-Vertebrate
Q83XF9;Xanthomonas campestris;TypeIII_controlToxin;Non-Vertebrate
Q8RJQ0;Xanthomonas euvesicatoria;TypeIII_controlToxin;Non-Vertebrate
Q9Z3F4;Xanthomonas euvesicatoria;TypeIII_controlToxin;Non-Vertebrate
R4TJS0;Xanthomonas oryzae;TypeIII_controlToxin;Non-Vertebrate
D4HZV6;Erwinia amylovora;TypeIII_controlToxin;Non-Vertebrate
B2VH84;Erwinia tasmaniensis;TypeIII_controlToxin;Non-Vertebrate
D4HVP7;Erwinia amylovora;TypeIII_controlToxin;Non-Vertebrate
D4HVQ0;Erwinia amylovora;TypeIII_controlToxin;Non-Vertebrate
D4HWC7;Erwinia amylovora;TypeIII_controlToxin;Non-Vertebrate
D4HWL8;Erwinia amylovora;TypeIII_controlToxin;Non-Vertebrate
D4I0Q7;Erwinia amylovora;TypeIII_controlToxin;Non-Vertebrate
Q01099;Erwinia amylovora;TypeIII_controlToxin;Non-Vertebrate
Q6RK53;Pectobacterium atrosepticum;TypeIII_controlToxin;Non-Vertebrate
AAS20351.1;Pectobacterium atrosepticum;TypeIII_controlToxin;Non-Vertebrate
NP_066636.1;Agrobacterium rhizogenes;TypeIII_controlToxin;Non-Vertebrate
NP_066727.1;Agrobacterium rhizogenes;TypeIII_controlToxin;Non-Vertebrate
NP_066749.1;Agrobacterium rhizogenes;TypeIII_controlToxin;Non-Vertebrate
NP_066752.1;Agrobacterium rhizogenes;TypeIII_controlToxin;Non-Vertebrate
NP_066581.1;Agrobacterium rhizogenes;TypeIII_controlToxin;Non-Vertebrate
NP_059814.1;Agrobacterium tumefaciens;TypeIII_controlToxin;Non-Vertebrate
NP_059817.1;Agrobacterium tumefaciens;TypeIII_controlToxin;Non-Vertebrate
NP_059819.1;Agrobacterium tumefaciens;TypeIII_controlToxin;Non-Vertebrate
NP_059820.1;Agrobacterium tumefaciens;TypeIII_controlToxin;Non-Vertebrate
NP_059824.1;Agrobacterium tumefaciens;TypeIII_controlToxin;Non-Vertebrate
NP_396503.1;Agrobacterium tumefaciens;TypeIII_controlToxin;Non-Vertebrate
NP_396506.1;Agrobacterium tumefaciens;TypeIII_controlToxin;Non-Vertebrate
NP_396510.1;Agrobacterium tumefaciens;TypeIII_controlToxin;Non-Vertebrate
NP_396511.1;Agrobacterium tumefaciens;TypeIII_controlToxin;Non-Vertebrate
NP_396676.1;Agrobacterium tumefaciens;TypeIII_controlToxin;Non-Vertebrate
YP_001961003.1;Agrobacterium rhizogenes;TypeIII_controlToxin;Non-Vertebrate
YP_001961089.1;Agrobacterium rhizogenes;TypeIII_controlToxin;Non-Vertebrate
YP_001961113.1;Agrobacterium rhizogenes;TypeIII_controlToxin;Non-Vertebrate
YP_001961116.1;Agrobacterium rhizogenes;TypeIII_controlToxin;Non-Vertebrate
YP_001961118.1;Agrobacterium rhizogenes;TypeIII_controlToxin;Non-Vertebrate
A9CFH2;Agrobacterium fabrum;TypeIII_controlToxin;Non-Vertebrate
A9CGH1;Agrobacterium fabrum;TypeIII_controlToxin;Non-Vertebrate
E0SAK8;Dickeya dadantii;TypeIII_controlToxin;Non-Vertebrate
Q1MFR3;Rhizobium leguminosarum;TypeIII_controlToxin;Non-Vertebrate
O33680;Rhizobium meliloti;TypeIII_controlToxin;Non-Vertebrate
P33208;Rhizobium fredii;TypeIII_controlToxin;Non-Vertebrate
Q50EL2;Rhizobium fredii;TypeIII_controlToxin;Non-Vertebrate
Q5Y4S2;Rhizobium fredii;TypeIII_controlToxin;Non-Vertebrate
Q7BMF3;Rhizobium fredii;TypeIII_controlToxin;Non-Vertebrate
P06668;Rhizobium radiobacter;TypeIII_controlToxin;Non-Vertebrate
P0A3W8;Rhizobium radiobacter;TypeIII_controlToxin;Non-Vertebrate
Q44445;Rhizobium radiobacter;TypeIII_controlToxin;Non-Vertebrate
Q79AT3;Rhizobium radiobacter;TypeIII_controlToxin;Non-Vertebrate
Q9R6B6;Rhizobium radiobacter;TypeIII_controlToxin;Non-Vertebrate
A1TI59;Acidovorax citrulli;TypeIII_controlToxin;Non-Vertebrate
A1TMA4;Acidovorax citrulli;TypeIII_controlToxin;Non-Vertebrate
A1TPV9;Acidovorax citrulli;TypeIII_controlToxin;Non-Vertebrate
A1TWF0;Acidovorax citrulli;TypeIII_controlToxin;Non-Vertebrate
F0QCN5;Acidovorax avenae;TypeIII_controlToxin;Non-Vertebrate
Q2AC60;Acidovorax avenae;TypeIII_controlToxin;Non-Vertebrate
A2I8A1;Pantoea agglomerans;TypeIII_controlToxin;Non-Vertebrate
A2I8A2;Pantoea agglomerans;TypeIII_controlToxin;Non-Vertebrate
O85666;Pantoea agglomerans;TypeIII_controlToxin;Non-Vertebrate
Q9FCY7;Pantoea stewartii;TypeIII_controlToxin;Non-Vertebrate
AAG01467.2;Pantoea stewartii;TypeIII_controlToxin;Non-Vertebrate
C0SPP7;Ralstonia solanacearum;TypeIII_controlToxin;Non-Vertebrate
C0SPP9;Ralstonia solanacearum;TypeIII_controlToxin;Non-Vertebrate
C0SPQ0;Ralstonia solanacearum;TypeIII_controlToxin;Non-Vertebrate
C0SPQ1;Ralstonia solanacearum;TypeIII_controlToxin;Non-Vertebrate
C0SPQ2;Ralstonia solanacearum;TypeIII_controlToxin;Non-Vertebrate
C0SPQ3;Ralstonia solanacearum;TypeIII_controlToxin;Non-Vertebrate
C0SPQ6;Ralstonia solanacearum;TypeIII_controlToxin;Non-Vertebrate
C4PL71;Bradyrhizobium elkanii;TypeIII_controlToxin;Non-Vertebrate
C4PL72;Bradyrhizobium elkanii;TypeIII_controlToxin;Non-Vertebrate
C4PL85;Bradyrhizobium elkanii;TypeIII_controlToxin;Non-Vertebrate
D8P480;Ralstonia solanacearum;TypeIII_controlToxin;Non-Vertebrate
D8P4R3;Ralstonia solanacearum;TypeIII_controlToxin;Non-Vertebrate
D8P729;Ralstonia solanacearum;TypeIII_controlToxin;Non-Vertebrate
Q52497;Ralstonia solanacearum;TypeIII_controlToxin;Non-Vertebrate
Q68A49;Ralstonia solanacearum;TypeIII_controlToxin;Non-Vertebrate
Q6R8C3;Sodalis glossinidius;TypeIII_controlToxin;Non-Vertebrate
Q6R8C5;Sodalis glossinidius;TypeIII_controlToxin;Non-Vertebrate
Q6TLM0;Aeromonas hydrophila;TypeIII_controlToxin;Non-Vertebrate
Q700V9;Ralstonia solanacearum;TypeIII_controlToxin;Non-Vertebrate
Q700W1;Ralstonia solanacearum;TypeIII_controlToxin;Non-Vertebrate
Q79UN8;Bradyrhizobium diazoefficiens;TypeIII_controlToxin;Non-Vertebrate
Q8XQE6;Ralstonia solanacearum;TypeIII_controlToxin;Non-Vertebrate
Q8XTK9;Ralstonia solanacearum;TypeIII_controlToxin;Non-Vertebrate
Q8XYE3;Ralstonia solanacearum;TypeIII_controlToxin;Non-Vertebrate
Q8Y125;Ralstonia solanacearum;TypeIII_controlToxin;Non-Vertebrate
Q9RBS0;Ralstonia solanacearum;TypeIII_controlToxin;Non-Vertebrate
Q9RBS1;Ralstonia solanacearum;TypeIII_controlToxin;Non-Vertebrate
Q9RBS2;Ralstonia solanacearum;TypeIII_controlToxin;Non-Vertebrate
BAH47294.1;Ralstonia solanacearum;TypeIII_controlToxin;Non-Vertebrate
BAH47295.1;Ralstonia solanacearum;TypeIII_controlToxin;Non-Vertebrate
BAH47296.1;Ralstonia solanacearum;TypeIII_controlToxin;Non-Vertebrate
BAH47297.1;Ralstonia solanacearum;TypeIII_controlToxin;Non-Vertebrate
BAH47298.1;Ralstonia solanacearum;TypeIII_controlToxin;Non-Vertebrate
BAH47300.1;Ralstonia solanacearum;TypeIII_controlToxin;Non-Vertebrate
P55724;Sinorhizobium fredii;TypeIII_controlToxin;Non-Vertebrate
P55456;Sinorhizobium fredii;TypeIII_controlToxin;Non-Vertebrate
P55555;Sinorhizobium fredii;TypeIII_controlToxin;Non-Vertebrate
P55704;Sinorhizobium fredii;TypeIII_controlToxin;Non-Vertebrate
P55711;Sinorhizobium fredii;TypeIII_controlToxin;Non-Vertebrate
P55713;Sinorhizobium fredii;TypeIII_controlToxin;Non-Vertebrate
P55730;Sinorhizobium fredii;TypeIII_controlToxin;Non-Vertebrate
Q89BB8;Bradyrhizobium diazoefficiens;TypeIII_controlToxin;Non-Vertebrate
Q89N83;Bradyrhizobium diazoefficiens;TypeIII_controlToxin;Non-Vertebrate
Q89TL5;Bradyrhizobium diazoefficiens;TypeIII_controlToxin;Non-Vertebrate
Q89TP9;Bradyrhizobium diazoefficiens;TypeIII_controlToxin;Non-Vertebrate
Q89TT5;Bradyrhizobium diazoefficiens;TypeIII_controlToxin;Non-Vertebrate
Q89TW7;Bradyrhizobium diazoefficiens;TypeIII_controlToxin;Non-Vertebrate
Q89TX4;Bradyrhizobium diazoefficiens;TypeIII_controlToxin;Non-Vertebrate
Q989M4;Mesorhizobium japonicum;TypeIII_controlToxin;Non-Vertebrate
Q989P6;Mesorhizobium japonicum;TypeIII_controlToxin;Non-Vertebrate
Q989P8;Mesorhizobium japonicum;TypeIII_controlToxin;Non-Vertebrate
Q989R4;Mesorhizobium japonicum;TypeIII_controlToxin;Non-Vertebrate
Q9AMW4;Bradyrhizobium diazoefficiens;TypeIII_controlToxin;Non-Vertebrate
Q9AN16;Bradyrhizobium japonicum;TypeIII_controlToxin;Non-Vertebrate
D2TZV2;Arsenophonus nasoniae;TypeIII_controlToxin;Non-Vertebrate
YP_001972768.1;Stenotrophomonas maltophilia;TypeIII_controlToxin;Non-Vertebrate
AAW70606.1;Wolbachia endosymbiont;TypeIII_controlToxin;Non-Vertebrate
AAW70624.1;Wolbachia endosymbiont;TypeIII_controlToxin;Non-Vertebrate
AAW70636.1;Wolbachia endosymbiont;TypeIII_controlToxin;Non-Vertebrate
AAW70649.1;Wolbachia endosymbiont;TypeIII_controlToxin;Non-Vertebrate
AAW70656.1;Wolbachia endosymbiont;TypeIII_controlToxin;Non-Vertebrate
AAW70662.1;Wolbachia endosymbiont;TypeIII_controlToxin;Non-Vertebrate
AAW70668.1;Wolbachia endosymbiont;TypeIII_controlToxin;Non-Vertebrate
AAW70705.1;Wolbachia endosymbiont;TypeIII_controlToxin;Non-Vertebrate
AAW70866.1;Wolbachia endosymbiont;TypeIII_controlToxin;Non-Vertebrate
AAW70876.1;Wolbachia endosymbiont;TypeIII_controlToxin;Non-Vertebrate
AAW71035.1;Wolbachia endosymbiont;TypeIII_controlToxin;Non-Vertebrate
Q2NVH6;Sodalis glossinidius;TypeIII_controlToxin;Non-Vertebrate
Q47278;Dickeya chrysanthemi;TypeIII_controlToxin;Non-Vertebrate
AAS66851.1;Sodalis glossinidius;TypeIII_controlToxin;Non-Vertebrate
AAS66853.1;Sodalis glossinidius;TypeIII_controlToxin;Non-Vertebrate
D3VML5;Bacillus velezensis;TypeIII_controlToxin;Non-Vertebrate
B4XHJ7;Lysinibacillus sphaericus;TypeIII_controlToxin;Non-Vertebrate
I0KFP2;Fibrella aestuarina;TypeIII_controlToxin;Non-Vertebrate
N2A3B2;Eubacterium plexicaudatum;TypeIII_controlToxin;Non-Vertebrate
E0SAL0;Dickeya dadantii;TypeIII_controlToxin;Non-Vertebrate
E0SIS4;Dickeya dadantii;TypeIII_controlToxin;Non-Vertebrate
Q9KMN9;Vibrio cholerae;Type_III;Non-Vertebrate
Q9KS43;Vibrio cholerae;Type_III;Non-Vertebrate
Q9KS45;Vibrio cholerae;Type_III;Non-Vertebrate
Q9KMN9;Vibrio cholerae;Type_III;Vertebrate
Q9KS43;Vibrio cholerae;Type_III;Vertebrate
Q9KS45;Vibrio cholerae;Type_III;Vertebrate
B5R7C3;Salmonella gallinarum;Type_III;Vertebrate
A0KHZ7;Aeromonas hydrophila;Type_III;Vertebrate
K7WKL8;Aeromonas hydrophila;Type_III;Vertebrate
Q7NUS9;Chromobacterium violaceum;Type_III;Vertebrate
Q7NVS7;Chromobacterium violaceum;Type_III;Vertebrate
P17452;Pasteurella multocida;Type_III;Vertebrate
Q6EAT3;Salmonella enterica;Type_III;Vertebrate
P16154;Clostridioides difficile;Type_III;Vertebrate
P18177;Clostridioides difficile;Type_III;Vertebrate
P0DUB4;Paeniclostridium sordellii;Type_III;Vertebrate
M9ZTT7;Paeniclostridium sordellii;Type_III;Vertebrate
B5AGT2;Clostridium perfringens;Type_III;Vertebrate
O05442;Mycobacterium tuberculosis;Type_III;Vertebrate
P75409;Mycoplasma pneumoniae;Type_III;Vertebrate
YP_094184.1;Legionella pneumophila;Type_III;Vertebrate
YP_094225.1;Legionella pneumophila;Type_III;Vertebrate
YP_096173.1;Legionella pneumophila;Type_III;Vertebrate
YP_094300.1;Legionella pneumophila;Type_III;Vertebrate
YP_095994.1;Legionella pneumophila;Type_III;Vertebrate
YP_096157.1;Legionella pneumophila;Type_III;Vertebrate
YP_095992.1;Legionella pneumophila;Type_III;Vertebrate
YP_096150.1;Legionella pneumophila;Type_III;Vertebrate
YP_096234.1;Legionella pneumophila;Type_III;Vertebrate
YP_004159284.1;Bartonella clarridgeiae;Type_III;Vertebrate
YP_096160.1;Legionella pneumophila;Type_III;Vertebrate
YP_067323.1;Rickettsia typhi;Type_III;Vertebrate
YP_095003.1;Legionella pneumophila;Type_III;Vertebrate
YP_096161.1;Legionella pneumophila;Type_III;Vertebrate
YP_095728.1;Legionella pneumophila;Type_III;Vertebrate
YP_125189.1;Legionella pneumophila;Type_III;Vertebrate
YP_124394.1;Legionella pneumophila;Type_III;Vertebrate
YP_095745.1;Legionella pneumophila;Type_III;Vertebrate
YP_094420.1;Legionella pneumophila;Type_III;Vertebrate
YP_002304025.1;Coxiella burnetii;Type_III;Vertebrate
YP_002306228.1;Coxiella burnetii;Type_III;Vertebrate
YP_094076.1;Legionella pneumophila;Type_III;Vertebrate
YP_122373.1;Legionella pneumophila;Type_III;Vertebrate
YP_094224.1;Legionella pneumophila;Type_III;Vertebrate
YP_122575.1;Legionella pneumophila;Type_III;Vertebrate
YP_125602.1;Legionella pneumophila;Type_III;Vertebrate
YP_001249594.1;Legionella pneumophila;Type_III;Vertebrate
YP_003617437.1;Legionella pneumophila;Type_III;Vertebrate
YP_094527.1;Legionella pneumophila;Type_III;Vertebrate
YP_122885.1;Legionella pneumophila;Type_III;Vertebrate
YP_125889.1;Legionella pneumophila;Type_III;Vertebrate
YP_001252108.1;Legionella pneumophila;Type_III;Vertebrate
YP_003617733.1;Legionella pneumophila;Type_III;Vertebrate
YP_094449.1;Legionella pneumophila;Type_III;Vertebrate
YP_122809.1;Legionella pneumophila;Type_III;Vertebrate
YP_095607.1;Legionella pneumophila;Type_III;Vertebrate
YP_095688.1;Legionella pneumophila;Type_III;Vertebrate
YP_123950.1;Legionella pneumophila;Type_III;Vertebrate
YP_095778.1;Legionella pneumophila;Type_III;Vertebrate
YP_124034.1;Legionella pneumophila;Type_III;Vertebrate
YP_095924.1;Legionella pneumophila;Type_III;Vertebrate
YP_124199.1;Legionella pneumophila;Type_III;Vertebrate
YP_124559.1;Legionella pneumophila;Type_III;Vertebrate
YP_127554.1;Legionella pneumophila;Type_III;Vertebrate
YP_001251044.1;Legionella pneumophila;Type_III;Vertebrate
YP_003619588.1;Legionella pneumophila;Type_III;Vertebrate
YP_096309.1;Legionella pneumophila;Type_III;Vertebrate
YP_127577.1;Legionella pneumophila;Type_III;Vertebrate
YP_124581.1;Legionella pneumophila;Type_III;Vertebrate
YP_001251068.1;Legionella pneumophila;Type_III;Vertebrate
YP_096331.1;Legionella pneumophila;Type_III;Vertebrate
YP_003619612.1;Legionella pneumophila;Type_III;Vertebrate
YP_127608.1;Legionella pneumophila;Type_III;Vertebrate
YP_124611.1;Legionella pneumophila;Type_III;Vertebrate
YP_096360.1;Legionella pneumophila;Type_III;Vertebrate
YP_003619644.1;Legionella pneumophila;Type_III;Vertebrate
YP_001251099.1;Legionella pneumophila;Type_III;Vertebrate
YP_096368.1;Legionella pneumophila;Type_III;Vertebrate
YP_124619.1;Legionella pneumophila;Type_III;Vertebrate
YP_124946.1;Legionella pneumophila;Type_III;Vertebrate
YP_096593.1;Legionella pneumophila;Type_III;Vertebrate
YP_003619931.1;Legionella pneumophila;Type_III;Vertebrate
YP_001249887.1;Legionella pneumophila;Type_III;Vertebrate
YP_127840.1;Legionella pneumophila;Type_III;Vertebrate
YP_127843.1;Legionella pneumophila;Type_III;Vertebrate
YP_124949.1;Legionella pneumophila;Type_III;Vertebrate
YP_003619936.1;Legionella pneumophila;Type_III;Vertebrate
YP_001249882.1;Legionella pneumophila;Type_III;Vertebrate
YP_096810.1;Legionella pneumophila;Type_III;Vertebrate
YP_125171.1;Legionella pneumophila;Type_III;Vertebrate
YP_128058.1;Legionella pneumophila;Type_III;Vertebrate
YP_001252334.1;Legionella pneumophila;Type_III;Vertebrate
YP_003620158.1;Legionella pneumophila;Type_III;Vertebrate
YP_125191.1;Legionella pneumophila;Type_III;Vertebrate
YP_096827.1;Legionella pneumophila;Type_III;Vertebrate
YP_125249.1;Legionella pneumophila;Type_III;Vertebrate
YP_096882.1;Legionella pneumophila;Type_III;Vertebrate
YP_096929.1;Legionella pneumophila;Type_III;Vertebrate
YP_125306.1;Legionella pneumophila;Type_III;Vertebrate
YP_125349.1;Legionella pneumophila;Type_III;Vertebrate
YP_096967.1;Legionella pneumophila;Type_III;Vertebrate
NP_819032.2;Coxiella burnetii;Type_III;Vertebrate
YP_001199348.1;Streptococcus suis;Type_III;Vertebrate
ABQ56040.1;Legionella pneumophila;Type_III;Vertebrate
ABQ56057.1;Legionella pneumophila;Type_III;Vertebrate
ABQ56059.1;Legionella pneumophila;Type_III;Vertebrate
ABS76498.1;Coxiella burnetii;Type_III;Vertebrate
ABS76507.1;Coxiella burnetii;Type_III;Vertebrate
ABS76998.1;Coxiella burnetii;Type_III;Vertebrate
ABS77015.1;Coxiella burnetii;Type_III;Vertebrate
ABS77048.1;Coxiella burnetii;Type_III;Vertebrate
ABS77055.1;Coxiella burnetii;Type_III;Vertebrate
ABS77064.1;Coxiella burnetii;Type_III;Vertebrate
ABS77082.1;Coxiella burnetii;Type_III;Vertebrate
ABS77168.1;Coxiella burnetii;Type_III;Vertebrate
ABS77302.1;Coxiella burnetii;Type_III;Vertebrate
ABS77361.1;Coxiella burnetii;Type_III;Vertebrate
ABS77468.1;Coxiella burnetii;Type_III;Vertebrate
ABS77646.1;Coxiella burnetii;Type_III;Vertebrate
ABS77665.1;Coxiella burnetii;Type_III;Vertebrate
ABS77689.1;Coxiella burnetii;Type_III;Vertebrate
ABS77711.1;Coxiella burnetii;Type_III;Vertebrate
ABS77922.1;Coxiella burnetii;Type_III;Vertebrate
ABS77982.1;Coxiella burnetii;Type_III;Vertebrate
ABS78030.1;Coxiella burnetii;Type_III;Vertebrate
ABS78049.1;Coxiella burnetii;Type_III;Vertebrate
ABS78079.1;Coxiella burnetii;Type_III;Vertebrate
ABS78319.1;Coxiella burnetii;Type_III;Vertebrate
ABS78320.1;Coxiella burnetii;Type_III;Vertebrate
ABS78322.1;Coxiella burnetii;Type_III;Vertebrate
ABS78353.1;Coxiella burnetii;Type_III;Vertebrate
ABS78369.1;Coxiella burnetii;Type_III;Vertebrate
ABS78441.1;Coxiella burnetii;Type_III;Vertebrate
ABS78479.1;Coxiella burnetii;Type_III;Vertebrate
ABS78482.1;Coxiella burnetii;Type_III;Vertebrate
ABS78513.1;Coxiella burnetii;Type_III;Vertebrate
ABS78537.1;Coxiella burnetii;Type_III;Vertebrate
ABS78560.1;Coxiella burnetii;Type_III;Vertebrate
ABS78588.1;Coxiella burnetii;Type_III;Vertebrate
ABS78590.1;Coxiella burnetii;Type_III;Vertebrate
ABV76526.1;Rickettsia rickettsii;Type_III;Vertebrate
ABY72903.1;Rickettsia rickettsii;Type_III;Vertebrate
AAL52397.1;Brucella melitensis;Type_III;Vertebrate
ABS78581.2;Coxiella burnetii;Type_III;Vertebrate
ABS76760.2;Coxiella burnetii;Type_III;Vertebrate
ABS76830.2;Coxiella burnetii;Type_III;Vertebrate
ABS76964.2;Coxiella burnetii;Type_III;Vertebrate
ABS77747.2;Coxiella burnetii;Type_III;Vertebrate
ABS78074.2;Coxiella burnetii;Type_III;Vertebrate
ABS77804.2;Coxiella burnetii;Type_III;Vertebrate
ABS77885.2;Coxiella burnetii;Type_III;Vertebrate
ABS76689.2;Coxiella burnetii;Type_III;Vertebrate
ABS77435.2;Coxiella burnetii;Type_III;Vertebrate
ABS78002.2;Coxiella burnetii;Type_III;Vertebrate
ACJ17586.1;Coxiella burnetii;Type_III;Vertebrate
ACJ17618.1;Coxiella burnetii;Type_III;Vertebrate
ACJ17619.1;Coxiella burnetii;Type_III;Vertebrate
ACJ17771.1;Coxiella burnetii;Type_III;Vertebrate
ACJ17778.1;Coxiella burnetii;Type_III;Vertebrate
ACJ17834.1;Coxiella burnetii;Type_III;Vertebrate
ACJ17838.1;Coxiella burnetii;Type_III;Vertebrate
ACJ17863.1;Coxiella burnetii;Type_III;Vertebrate
ACJ17864.1;Coxiella burnetii;Type_III;Vertebrate
ACJ17873.1;Coxiella burnetii;Type_III;Vertebrate
ACJ17987.1;Coxiella burnetii;Type_III;Vertebrate
ACJ18203.1;Coxiella burnetii;Type_III;Vertebrate
ACJ18241.1;Coxiella burnetii;Type_III;Vertebrate
ACJ18298.1;Coxiella burnetii;Type_III;Vertebrate
ACJ18454.1;Coxiella burnetii;Type_III;Vertebrate
ACJ18555.1;Coxiella burnetii;Type_III;Vertebrate
ACJ18649.1;Coxiella burnetii;Type_III;Vertebrate
ACJ18673.1;Coxiella burnetii;Type_III;Vertebrate
ACJ18792.1;Coxiella burnetii;Type_III;Vertebrate
ACJ18838.1;Coxiella burnetii;Type_III;Vertebrate
ACJ19065.1;Coxiella burnetii;Type_III;Vertebrate
ACJ19072.1;Coxiella burnetii;Type_III;Vertebrate
ACJ19085.1;Coxiella burnetii;Type_III;Vertebrate
ACJ19147.1;Coxiella burnetii;Type_III;Vertebrate
ACJ19258.1;Coxiella burnetii;Type_III;Vertebrate
ACJ19264.1;Coxiella burnetii;Type_III;Vertebrate
ACJ19267.1;Coxiella burnetii;Type_III;Vertebrate
ACJ19285.1;Coxiella burnetii;Type_III;Vertebrate
ACJ19310.1;Coxiella burnetii;Type_III;Vertebrate
ACJ19406.1;Coxiella burnetii;Type_III;Vertebrate
ACJ19516.1;Coxiella burnetii;Type_III;Vertebrate
ACJ19563.1;Coxiella burnetii;Type_III;Vertebrate
ACJ19636.1;Coxiella burnetii;Type_III;Vertebrate
ACJ19669.1;Coxiella burnetii;Type_III;Vertebrate
ACJ19682.1;Coxiella burnetii;Type_III;Vertebrate
ACJ19689.1;Coxiella burnetii;Type_III;Vertebrate
ACJ19818.1;Coxiella burnetii;Type_III;Vertebrate
ACJ19869.1;Coxiella burnetii;Type_III;Vertebrate
ACJ19906.1;Coxiella burnetii;Type_III;Vertebrate
ACJ20005.1;Coxiella burnetii;Type_III;Vertebrate
ACJ20041.1;Coxiella burnetii;Type_III;Vertebrate
ACJ20165.1;Coxiella burnetii;Type_III;Vertebrate
ACJ20188.1;Coxiella burnetii;Type_III;Vertebrate
ACJ20265.1;Coxiella burnetii;Type_III;Vertebrate
ACJ20432.1;Coxiella burnetii;Type_III;Vertebrate
ACJ20518.1;Coxiella burnetii;Type_III;Vertebrate
ACJ20746.1;Coxiella burnetii;Type_III;Vertebrate
ACJ20770.1;Coxiella burnetii;Type_III;Vertebrate
ACJ20814.1;Coxiella burnetii;Type_III;Vertebrate
ACJ20815.1;Coxiella burnetii;Type_III;Vertebrate
ACJ20920.1;Coxiella burnetii;Type_III;Vertebrate
ACJ20932.1;Coxiella burnetii;Type_III;Vertebrate
ACJ20947.1;Coxiella burnetii;Type_III;Vertebrate
ACJ20955.1;Coxiella burnetii;Type_III;Vertebrate
ACJ20979.1;Coxiella burnetii;Type_III;Vertebrate
ACJ21089.1;Coxiella burnetii;Type_III;Vertebrate
ACJ21157.1;Coxiella burnetii;Type_III;Vertebrate
ACJ21163.1;Coxiella burnetii;Type_III;Vertebrate
ACJ21166.1;Coxiella burnetii;Type_III;Vertebrate
ACJ21198.1;Coxiella burnetii;Type_III;Vertebrate
ACJ21212.1;Coxiella burnetii;Type_III;Vertebrate
NP_819229.2;Coxiella burnetii;Type_III;Vertebrate
NP_819902.2;Coxiella burnetii;Type_III;Vertebrate
NP_820338.2;Coxiella burnetii;Type_III;Vertebrate
NP_820476.2;Coxiella burnetii;Type_III;Vertebrate
YP_002333017.1;Coxiella burnetii;Type_III;Vertebrate
NP_820773.2;Coxiella burnetii;Type_III;Vertebrate
NP_820990.2;Coxiella burnetii;Type_III;Vertebrate
AAN29664.1;Brucella suis;Type_III;Vertebrate
NP_819024.1;Coxiella burnetii;Type_III;Vertebrate
NP_819030.1;Coxiella burnetii;Type_III;Vertebrate
NP_819031.1;Coxiella burnetii;Type_III;Vertebrate
NP_819033.1;Coxiella burnetii;Type_III;Vertebrate
NP_819037.1;Coxiella burnetii;Type_III;Vertebrate
NP_819040.1;Coxiella burnetii;Type_III;Vertebrate
NP_819042.1;Coxiella burnetii;Type_III;Vertebrate
NP_819050.1;Coxiella burnetii;Type_III;Vertebrate
NP_819077.1;Coxiella burnetii;Type_III;Vertebrate
NP_819115.1;Coxiella burnetii;Type_III;Vertebrate
NP_819163.1;Coxiella burnetii;Type_III;Vertebrate
NP_819172.1;Coxiella burnetii;Type_III;Vertebrate
NP_819247.1;Coxiella burnetii;Type_III;Vertebrate
NP_819412.1;Coxiella burnetii;Type_III;Vertebrate
NP_819427.1;Coxiella burnetii;Type_III;Vertebrate
NP_819504.1;Coxiella burnetii;Type_III;Vertebrate
NP_819545.1;Coxiella burnetii;Type_III;Vertebrate
NP_819566.1;Coxiella burnetii;Type_III;Vertebrate
NP_819620.1;Coxiella burnetii;Type_III;Vertebrate
NP_819656.1;Coxiella burnetii;Type_III;Vertebrate
NP_819667.1;Coxiella burnetii;Type_III;Vertebrate
NP_819695.1;Coxiella burnetii;Type_III;Vertebrate
NP_819795.1;Coxiella burnetii;Type_III;Vertebrate
NP_819986.1;Coxiella burnetii;Type_III;Vertebrate
NP_820063.1;Coxiella burnetii;Type_III;Vertebrate
NP_820078.1;Coxiella burnetii;Type_III;Vertebrate
NP_820193.1;Coxiella burnetii;Type_III;Vertebrate
NP_820254.1;Coxiella burnetii;Type_III;Vertebrate
NP_820359.1;Coxiella burnetii;Type_III;Vertebrate
NP_820376.1;Coxiella burnetii;Type_III;Vertebrate
NP_820417.1;Coxiella burnetii;Type_III;Vertebrate
NP_820513.1;Coxiella burnetii;Type_III;Vertebrate
NP_820549.1;Coxiella burnetii;Type_III;Vertebrate
NP_820559.1;Coxiella burnetii;Type_III;Vertebrate
NP_820577.1;Coxiella burnetii;Type_III;Vertebrate
NP_820589.1;Coxiella burnetii;Type_III;Vertebrate
NP_820596.1;Coxiella burnetii;Type_III;Vertebrate
NP_820621.1;Coxiella burnetii;Type_III;Vertebrate
NP_820647.1;Coxiella burnetii;Type_III;Vertebrate
NP_820658.1;Coxiella burnetii;Type_III;Vertebrate
NP_820659.1;Coxiella burnetii;Type_III;Vertebrate
NP_820667.1;Coxiella burnetii;Type_III;Vertebrate
NP_820668.1;Coxiella burnetii;Type_III;Vertebrate
NP_820705.1;Coxiella burnetii;Type_III;Vertebrate
NP_820732.1;Coxiella burnetii;Type_III;Vertebrate
NP_820734.1;Coxiella burnetii;Type_III;Vertebrate
NP_820769.1;Coxiella burnetii;Type_III;Vertebrate
NP_820770.1;Coxiella burnetii;Type_III;Vertebrate
NP_820797.1;Coxiella burnetii;Type_III;Vertebrate
NP_820798.1;Coxiella burnetii;Type_III;Vertebrate
NP_820840.1;Coxiella burnetii;Type_III;Vertebrate
NP_820982.1;Coxiella burnetii;Type_III;Vertebrate
NP_820988.1;Coxiella burnetii;Type_III;Vertebrate
NP_821001.1;Coxiella burnetii;Type_III;Vertebrate
NP_821046.1;Coxiella burnetii;Type_III;Vertebrate
YP_094194.1;Legionella pneumophila;Type_III;Vertebrate
YP_094214.1;Legionella pneumophila;Type_III;Vertebrate
YP_094437.1;Legionella pneumophila;Type_III;Vertebrate
YP_095385.1;Legionella pneumophila;Type_III;Vertebrate
YP_095397.1;Legionella pneumophila;Type_III;Vertebrate
YP_095437.1;Legionella pneumophila;Type_III;Vertebrate
YP_095690.1;Legionella pneumophila;Type_III;Vertebrate
YP_095905.1;Legionella pneumophila;Type_III;Vertebrate
YP_095977.1;Legionella pneumophila;Type_III;Vertebrate
YP_096320.1;Legionella pneumophila;Type_III;Vertebrate
YP_096462.1;Legionella pneumophila;Type_III;Vertebrate
YP_096532.1;Legionella pneumophila;Type_III;Vertebrate
YP_096559.1;Legionella pneumophila;Type_III;Vertebrate
YP_096814.1;Legionella pneumophila;Type_III;Vertebrate
YP_096898.1;Legionella pneumophila;Type_III;Vertebrate
CAH11303.1;Legionella pneumophila;Type_III;Vertebrate
CAH11504.1;Legionella pneumophila;Type_III;Vertebrate
CAH12461.1;Legionella pneumophila;Type_III;Vertebrate
CAH12786.1;Legionella pneumophila;Type_III;Vertebrate
CAH12835.1;Legionella pneumophila;Type_III;Vertebrate
CAH13280.1;Legionella pneumophila;Type_III;Vertebrate
CAH13570.1;Legionella pneumophila;Type_III;Vertebrate
CAH13571.1;Legionella pneumophila;Type_III;Vertebrate
AAX74124.1;Brucella abortus;Type_III;Vertebrate
CAJ10235.1;Brucella abortus;Type_III;Vertebrate
CAJ10634.1;Brucella abortus;Type_III;Vertebrate
CAJ10668.1;Brucella abortus;Type_III;Vertebrate
CAJ10712.1;Brucella abortus;Type_III;Vertebrate
CAJ10803.1;Brucella abortus;Type_III;Vertebrate
CAJ11448.1;Brucella abortus;Type_III;Vertebrate
CAJ11627.1;Brucella abortus;Type_III;Vertebrate
CAJ11904.1;Brucella abortus;Type_III;Vertebrate
ABD44037.1;Anaplasma phagocytophilum;Type_III;Vertebrate
ABD44194.1;Anaplasma phagocytophilum;Type_III;Vertebrate
ABD45145.1;Ehrlichia chaffeensis;Type_III;Vertebrate
ABD45195.1;Ehrlichia chaffeensis;Type_III;Vertebrate
NP_223213.1;Helicobacter pylori;Type_III;Vertebrate
NP_207343.1;Helicobacter pylori;Type_III;Vertebrate
NP_539653.1;Brucella melitensis;Type_III;Vertebrate
NP_819070.1;Coxiella burnetii;Type_III;Vertebrate
NP_819096.1;Coxiella burnetii;Type_III;Vertebrate
NP_819125.1;Coxiella burnetii;Type_III;Vertebrate
NP_819130.1;Coxiella burnetii;Type_III;Vertebrate
NP_819221.1;Coxiella burnetii;Type_III;Vertebrate
NP_819338.1;Coxiella burnetii;Type_III;Vertebrate
NP_819448.1;Coxiella burnetii;Type_III;Vertebrate
NP_819463.1;Coxiella burnetii;Type_III;Vertebrate
NP_819484.1;Coxiella burnetii;Type_III;Vertebrate
NP_819665.1;Coxiella burnetii;Type_III;Vertebrate
NP_819802.1;Coxiella burnetii;Type_III;Vertebrate
NP_819814.1;Coxiella burnetii;Type_III;Vertebrate
NP_819821.1;Coxiella burnetii;Type_III;Vertebrate
NP_819899.1;Coxiella burnetii;Type_III;Vertebrate
NP_820208.1;Coxiella burnetii;Type_III;Vertebrate
NP_820212.1;Coxiella burnetii;Type_III;Vertebrate
NP_820409.1;Coxiella burnetii;Type_III;Vertebrate
NP_820440.1;Coxiella burnetii;Type_III;Vertebrate
NP_820443.1;Coxiella burnetii;Type_III;Vertebrate
NP_820526.1;Coxiella burnetii;Type_III;Vertebrate
NP_820539.1;Coxiella burnetii;Type_III;Vertebrate
NP_820552.1;Coxiella burnetii;Type_III;Vertebrate
NP_820618.1;Coxiella burnetii;Type_III;Vertebrate
NP_820731.1;Coxiella burnetii;Type_III;Vertebrate
NP_820749.1;Coxiella burnetii;Type_III;Vertebrate
NP_820802.1;Coxiella burnetii;Type_III;Vertebrate
NP_820804.1;Coxiella burnetii;Type_III;Vertebrate
NP_821023.1;Coxiella burnetii;Type_III;Vertebrate
NP_821048.1;Coxiella burnetii;Type_III;Vertebrate
NP_882282.1;Bordetella pertussis;Type_III;Vertebrate
YP_034062.1;Bartonella henselae;Type_III;Vertebrate
YP_034064.1;Bartonella henselae;Type_III;Vertebrate
YP_034065.1;Bartonella henselae;Type_III;Vertebrate
YP_034066.1;Bartonella henselae;Type_III;Vertebrate
YP_034067.1;Bartonella henselae;Type_III;Vertebrate
YP_034068.1;Bartonella henselae;Type_III;Vertebrate
YP_034069.1;Bartonella henselae;Type_III;Vertebrate
YP_094067.1;Legionella pneumophila;Type_III;Vertebrate
YP_094093.1;Legionella pneumophila;Type_III;Vertebrate
YP_094100.1;Legionella pneumophila;Type_III;Vertebrate
YP_094134.1;Legionella pneumophila;Type_III;Vertebrate
YP_094135.1;Legionella pneumophila;Type_III;Vertebrate
YP_094144.1;Legionella pneumophila;Type_III;Vertebrate
YP_094150.1;Legionella pneumophila;Type_III;Vertebrate
YP_094157.1;Legionella pneumophila;Type_III;Vertebrate
YP_094180.1;Legionella pneumophila;Type_III;Vertebrate
YP_094189.1;Legionella pneumophila;Type_III;Vertebrate
YP_094245.1;Legionella pneumophila;Type_III;Vertebrate
YP_094281.1;Legionella pneumophila;Type_III;Vertebrate
YP_094288.1;Legionella pneumophila;Type_III;Vertebrate
YP_094294.1;Legionella pneumophila;Type_III;Vertebrate
YP_094329.1;Legionella pneumophila;Type_III;Vertebrate
YP_094338.1;Legionella pneumophila;Type_III;Vertebrate
YP_094339.1;Legionella pneumophila;Type_III;Vertebrate
YP_094348.1;Legionella pneumophila;Type_III;Vertebrate
YP_094409.1;Legionella pneumophila;Type_III;Vertebrate
YP_094434.1;Legionella pneumophila;Type_III;Vertebrate
YP_094480.1;Legionella pneumophila;Type_III;Vertebrate
YP_094481.1;Legionella pneumophila;Type_III;Vertebrate
YP_094562.1;Legionella pneumophila;Type_III;Vertebrate
YP_094563.1;Legionella pneumophila;Type_III;Vertebrate
YP_094657.1;Legionella pneumophila;Type_III;Vertebrate
YP_094670.1;Legionella pneumophila;Type_III;Vertebrate
YP_094678.1;Legionella pneumophila;Type_III;Vertebrate
YP_094731.1;Legionella pneumophila;Type_III;Vertebrate
YP_094732.1;Legionella pneumophila;Type_III;Vertebrate
YP_094932.1;Legionella pneumophila;Type_III;Vertebrate
YP_094974.1;Legionella pneumophila;Type_III;Vertebrate
YP_094997.1;Legionella pneumophila;Type_III;Vertebrate
YP_095002.1;Legionella pneumophila;Type_III;Vertebrate
YP_095134.1;Legionella pneumophila;Type_III;Vertebrate
YP_095153.1;Legionella pneumophila;Type_III;Vertebrate
YP_095154.1;Legionella pneumophila;Type_III;Vertebrate
YP_095177.1;Legionella pneumophila;Type_III;Vertebrate
YP_095178.1;Legionella pneumophila;Type_III;Vertebrate
YP_095181.1;Legionella pneumophila;Type_III;Vertebrate
YP_095191.1;Legionella pneumophila;Type_III;Vertebrate
YP_095258.1;Legionella pneumophila;Type_III;Vertebrate
YP_095303.1;Legionella pneumophila;Type_III;Vertebrate
YP_095320.1;Legionella pneumophila;Type_III;Vertebrate
YP_095384.1;Legionella pneumophila;Type_III;Vertebrate
YP_095455.1;Legionella pneumophila;Type_III;Vertebrate
YP_095512.1;Legionella pneumophila;Type_III;Vertebrate
YP_095517.1;Legionella pneumophila;Type_III;Vertebrate
YP_095520.1;Legionella pneumophila;Type_III;Vertebrate
YP_095525.1;Legionella pneumophila;Type_III;Vertebrate
YP_095617.1;Legionella pneumophila;Type_III;Vertebrate
YP_095627.1;Legionella pneumophila;Type_III;Vertebrate
YP_095648.1;Legionella pneumophila;Type_III;Vertebrate
YP_095652.1;Legionella pneumophila;Type_III;Vertebrate
YP_095669.1;Legionella pneumophila;Type_III;Vertebrate
YP_095687.1;Legionella pneumophila;Type_III;Vertebrate
YP_095716.1;Legionella pneumophila;Type_III;Vertebrate
YP_095729.1;Legionella pneumophila;Type_III;Vertebrate
YP_095744.1;Legionella pneumophila;Type_III;Vertebrate
YP_095777.1;Legionella pneumophila;Type_III;Vertebrate
YP_095877.1;Legionella pneumophila;Type_III;Vertebrate
YP_095901.1;Legionella pneumophila;Type_III;Vertebrate
YP_095907.1;Legionella pneumophila;Type_III;Vertebrate
YP_095949.1;Legionella pneumophila;Type_III;Vertebrate
YP_095963.1;Legionella pneumophila;Type_III;Vertebrate
YP_095964.1;Legionella pneumophila;Type_III;Vertebrate
YP_095965.1;Legionella pneumophila;Type_III;Vertebrate
YP_095966.1;Legionella pneumophila;Type_III;Vertebrate
YP_095974.1;Legionella pneumophila;Type_III;Vertebrate
YP_095976.1;Legionella pneumophila;Type_III;Vertebrate
YP_095978.1;Legionella pneumophila;Type_III;Vertebrate
YP_095979.1;Legionella pneumophila;Type_III;Vertebrate
YP_095980.1;Legionella pneumophila;Type_III;Vertebrate
YP_095981.1;Legionella pneumophila;Type_III;Vertebrate
YP_095982.1;Legionella pneumophila;Type_III;Vertebrate
YP_095985.1;Legionella pneumophila;Type_III;Vertebrate
YP_096166.1;Legionella pneumophila;Type_III;Vertebrate
YP_096167.1;Legionella pneumophila;Type_III;Vertebrate
YP_096168.1;Legionella pneumophila;Type_III;Vertebrate
YP_096169.1;Legionella pneumophila;Type_III;Vertebrate
YP_096170.1;Legionella pneumophila;Type_III;Vertebrate
YP_096179.1;Legionella pneumophila;Type_III;Vertebrate
YP_096188.1;Legionella pneumophila;Type_III;Vertebrate
YP_096212.1;Legionella pneumophila;Type_III;Vertebrate
YP_096228.1;Legionella pneumophila;Type_III;Vertebrate
YP_096260.1;Legionella pneumophila;Type_III;Vertebrate
YP_096307.1;Legionella pneumophila;Type_III;Vertebrate
YP_096336.1;Legionella pneumophila;Type_III;Vertebrate
YP_096337.1;Legionella pneumophila;Type_III;Vertebrate
YP_096399.1;Legionella pneumophila;Type_III;Vertebrate
YP_096408.1;Legionella pneumophila;Type_III;Vertebrate
YP_096414.1;Legionella pneumophila;Type_III;Vertebrate
YP_096415.1;Legionella pneumophila;Type_III;Vertebrate
YP_096417.1;Legionella pneumophila;Type_III;Vertebrate
YP_096418.1;Legionella pneumophila;Type_III;Vertebrate
YP_096419.1;Legionella pneumophila;Type_III;Vertebrate
YP_096430.1;Legionella pneumophila;Type_III;Vertebrate
YP_096441.1;Legionella pneumophila;Type_III;Vertebrate
YP_096471.1;Legionella pneumophila;Type_III;Vertebrate
YP_096472.1;Legionella pneumophila;Type_III;Vertebrate
YP_096489.1;Legionella pneumophila;Type_III;Vertebrate
YP_096497.1;Legionella pneumophila;Type_III;Vertebrate
YP_096511.1;Legionella pneumophila;Type_III;Vertebrate
YP_096515.1;Legionella pneumophila;Type_III;Vertebrate
YP_096516.1;Legionella pneumophila;Type_III;Vertebrate
YP_096517.1;Legionella pneumophila;Type_III;Vertebrate
YP_096518.1;Legionella pneumophila;Type_III;Vertebrate
YP_096530.1;Legionella pneumophila;Type_III;Vertebrate
YP_096534.1;Legionella pneumophila;Type_III;Vertebrate
YP_096536.1;Legionella pneumophila;Type_III;Vertebrate
YP_096589.1;Legionella pneumophila;Type_III;Vertebrate
YP_096596.1;Legionella pneumophila;Type_III;Vertebrate
YP_096608.1;Legionella pneumophila;Type_III;Vertebrate
YP_096722.1;Legionella pneumophila;Type_III;Vertebrate
YP_096747.1;Legionella pneumophila;Type_III;Vertebrate
YP_096789.1;Legionella pneumophila;Type_III;Vertebrate
YP_096799.1;Legionella pneumophila;Type_III;Vertebrate
YP_096821.1;Legionella pneumophila;Type_III;Vertebrate
YP_096824.1;Legionella pneumophila;Type_III;Vertebrate
YP_096825.1;Legionella pneumophila;Type_III;Vertebrate
YP_096826.1;Legionella pneumophila;Type_III;Vertebrate
YP_096856.1;Legionella pneumophila;Type_III;Vertebrate
YP_096868.1;Legionella pneumophila;Type_III;Vertebrate
YP_126891.1;Legionella pneumophila;Type_III;Vertebrate
YP_127402.1;Legionella pneumophila;Type_III;Vertebrate
YP_127810.1;Legionella pneumophila;Type_III;Vertebrate
YP_124884.1;Legionella pneumophila;Type_III;Vertebrate
YP_153570.1;Anaplasma marginale;Type_III;Vertebrate
YP_153762.1;Anaplasma marginale;Type_III;Vertebrate
YP_153927.1;Anaplasma marginale;Type_III;Vertebrate
YP_154242.1;Anaplasma marginale;Type_III;Vertebrate
YP_414449.1;Brucella melitensis;Type_III;Vertebrate
YP_414462.1;Brucella melitensis;Type_III;Vertebrate
YP_414661.1;Brucella melitensis;Type_III;Vertebrate
YP_414665.1;Brucella melitensis;Type_III;Vertebrate
YP_415003.1;Brucella melitensis;Type_III;Vertebrate
YP_415338.1;Brucella melitensis;Type_III;Vertebrate
YP_418361.1;Brucella melitensis;Type_III;Vertebrate
YP_505436.1;Anaplasma phagocytophilum;Type_III;Vertebrate
YP_505319.1;Anaplasma phagocytophilum;Type_III;Vertebrate
YP_507621.1;Ehrlichia chaffeensis;Type_III;Vertebrate
YP_627265.1;Helicobacter pylori;Type_III;Vertebrate
YP_001424216.1;Coxiella burnetii;Type_III;Vertebrate
YP_001425340.1;Coxiella burnetii;Type_III;Vertebrate
YP_001423669.1;Coxiella burnetii;Type_III;Vertebrate
YP_001424652.1;Coxiella burnetii;Type_III;Vertebrate
YP_001424964.1;Coxiella burnetii;Type_III;Vertebrate
YP_001910294.1;Helicobacter pylori;Type_III;Vertebrate
YP_002266135.1;Helicobacter pylori;Type_III;Vertebrate
YP_001424477.2;Coxiella burnetii;Type_III;Vertebrate
YP_001425341.2;Coxiella burnetii;Type_III;Vertebrate
YP_002301189.1;Helicobacter pylori;Type_III;Vertebrate
YP_002302734.1;Coxiella burnetii;Type_III;Vertebrate
YP_002303330.1;Coxiella burnetii;Type_III;Vertebrate
YP_002303693.1;Coxiella burnetii;Type_III;Vertebrate
YP_002303928.1;Coxiella burnetii;Type_III;Vertebrate
YP_002304003.1;Coxiella burnetii;Type_III;Vertebrate
YP_002305058.1;Coxiella burnetii;Type_III;Vertebrate
YP_002305652.1;Coxiella burnetii;Type_III;Vertebrate
YP_002305730.1;Coxiella burnetii;Type_III;Vertebrate
YP_002306162.1;Coxiella burnetii;Type_III;Vertebrate
NP_819950.2;Coxiella burnetii;Type_III;Vertebrate
YP_002332980.1;Coxiella burnetii;Type_III;Vertebrate
NP_820305.2;Coxiella burnetii;Type_III;Vertebrate
YP_002333001.1;Coxiella burnetii;Type_III;Vertebrate
NP_821027.2;Coxiella burnetii;Type_III;Vertebrate
Q5QSZ9;Bartonella henselae;Type_III;Vertebrate
A0A0R4J737;Bartonella henselae;Type_III;Vertebrate
A0A0R4J6H0;Bartonella henselae;Type_III;Vertebrate
A0A0R4J6P7;Bartonella henselae;Type_III;Vertebrate
A0A0R4J7V3;Bartonella henselae;Type_III;Vertebrate
A0A0R4J835;Bartonella henselae;Type_III;Vertebrate
Q6G2A9;Bartonella henselae;Type_III;Vertebrate
I3QKD5;Bartonella henselae;Type_III;Vertebrate
I3QKE3;Bartonella henselae;Type_III;Vertebrate
I3QKE4;Bartonella henselae;Type_III;Vertebrate
P04977;Bordetella pertussis;Type_III;Vertebrate
P04979;Bordetella pertussis;Type_III;Vertebrate
P0A3R5;Bordetella pertussis;Type_III;Vertebrate
P55980;Helicobacter pylori;Type_III;Vertebrate
Q2GG12;Ehrlichia chaffeensis;Type_III;Vertebrate
Q5X443;Legionella pneumophila;Type_III;Vertebrate
Q5ZSM7;Legionella pneumophila;Type_III;Vertebrate
Q5ZSQ2;Legionella pneumophila;Type_III;Vertebrate
Q5ZV00;Legionella pneumophila;Type_III;Vertebrate
Q5ZYI2;Legionella pneumophila;Type_III;Vertebrate
YP_003077623.1;Escherichia coli;Type_III;Vertebrate
YP_003078466.1;Escherichia coli;Type_III;Vertebrate
YP_003079770.1;Escherichia coli;Type_III;Vertebrate
YP_003079771.1;Escherichia coli;Type_III;Vertebrate
YP_003080462.1;Escherichia coli;Type_III;Vertebrate
YP_003080474.1;Escherichia coli;Type_III;Vertebrate
YP_003080476.1;Escherichia coli;Type_III;Vertebrate
YP_003080501.1;Escherichia coli;Type_III;Vertebrate
YP_003223457.1;Escherichia coli;Type_III;Vertebrate
YP_003223469.1;Escherichia coli;Type_III;Vertebrate
YP_003223471.1;Escherichia coli;Type_III;Vertebrate
YP_003223478.1;Escherichia coli;Type_III;Vertebrate
YP_003223496.1;Escherichia coli;Type_III;Vertebrate
YP_003228218.1;Escherichia coli;Type_III;Vertebrate
YP_003232132.1;Escherichia coli;Type_III;Vertebrate
YP_003232150.1;Escherichia coli;Type_III;Vertebrate
YP_003232157.1;Escherichia coli;Type_III;Vertebrate
YP_003232159.1;Escherichia coli;Type_III;Vertebrate
YP_003232171.1;Escherichia coli;Type_III;Vertebrate
YP_003233582.1;Escherichia coli;Type_III;Vertebrate
YP_003236067.1;Escherichia coli;Type_III;Vertebrate
YP_003236070.1;Escherichia coli;Type_III;Vertebrate
YP_003236082.1;Escherichia coli;Type_III;Vertebrate
YP_003236084.1;Escherichia coli;Type_III;Vertebrate
YP_003236091.1;Escherichia coli;Type_III;Vertebrate
YP_003294925.1;Edwardsiella tarda;Type_III;Vertebrate
YP_003294926.1;Edwardsiella tarda;Type_III;Vertebrate
YP_003363979.1;Citrobacter rodentium;Type_III;Vertebrate
YP_003363980.1;Citrobacter rodentium;Type_III;Vertebrate
YP_003364209.1;Citrobacter rodentium;Type_III;Vertebrate
YP_003364692.1;Citrobacter rodentium;Type_III;Vertebrate
YP_003364693.1;Citrobacter rodentium;Type_III;Vertebrate
YP_003365223.1;Citrobacter rodentium;Type_III;Vertebrate
YP_003366482.1;Citrobacter rodentium;Type_III;Vertebrate
YP_003366484.1;Citrobacter rodentium;Type_III;Vertebrate
YP_003366488.1;Citrobacter rodentium;Type_III;Vertebrate
YP_003366489.1;Citrobacter rodentium;Type_III;Vertebrate
YP_003366496.1;Citrobacter rodentium;Type_III;Vertebrate
YP_003366498.1;Citrobacter rodentium;Type_III;Vertebrate
YP_003366505.1;Citrobacter rodentium;Type_III;Vertebrate
YP_003366672.1;Citrobacter rodentium;Type_III;Vertebrate
YP_003367307.1;Citrobacter rodentium;Type_III;Vertebrate
YP_003367517.1;Citrobacter rodentium;Type_III;Vertebrate
YP_003368270.1;Citrobacter rodentium;Type_III;Vertebrate
YP_003368271.1;Citrobacter rodentium;Type_III;Vertebrate
YP_003368274.1;Citrobacter rodentium;Type_III;Vertebrate
YP_068456.1;Yersinia pseudotuberculosis;Type_III;Vertebrate
YP_150865.1;Salmonella enterica;Type_III;Vertebrate
YP_216410.1;Salmonella enterica;Type_III;Vertebrate
YP_216586.2;Salmonella enterica;Type_III;Vertebrate
ZP_02468792.1;Burkholderia thailandensis;Type_III;Vertebrate
ZP_02576126.1;Salmonella enterica;Type_III;Vertebrate
ZP_02658655.1;Salmonella enterica;Type_III;Vertebrate
ZP_02665847.1;Salmonella enterica;Type_III;Vertebrate
ZP_02697119.1;Salmonella enterica;Type_III;Vertebrate
ZP_02834272.1;Salmonella enterica;Type_III;Vertebrate
ZP_02904444.1;Escherichia albertii;Type_III;Vertebrate
ZP_03075317.1;Salmonella enterica;Type_III;Vertebrate
ZP_03217067.1;Salmonella enterica;Type_III;Vertebrate
ZP_03355405.1;Salmonella enterica;Type_III;Vertebrate
ZP_03368310.1;Salmonella enterica;Type_III;Vertebrate
ZP_05940050.1;Escherichia coli;Type_III;Vertebrate
ZP_05940062.1;Escherichia coli;Type_III;Vertebrate
ZP_05940090.1;Escherichia coli;Type_III;Vertebrate
ZP_05951360.1;Escherichia coli;Type_III;Vertebrate
ZP_06208163.1;Yersinia pestis;Type_III;Vertebrate
NP_052388.1;Yersinia enterocolitica;Type_III;Vertebrate
NP_783660.1;Yersinia enterocolitica;Type_III;Vertebrate
NP_798065.1;Vibrio parahaemolyticus;Type_III;Vertebrate
NP_857756.1;Yersinia pestis;Type_III;Vertebrate
NP_857953.1;Yersinia pestis;Type_III;Vertebrate
NP_863509.1;Yersinia enterocolitica;Type_III;Vertebrate
NP_902244.1;Chromobacterium violaceum;Type_III;Vertebrate
NP_995386.1;Yersinia pestis;Type_III;Vertebrate
YP_001004061.1;Yersinia enterocolitica;Type_III;Vertebrate
YP_001004064.1;Yersinia enterocolitica;Type_III;Vertebrate
YP_001143938.1;Aeromonas salmonicida;Type_III;Vertebrate
YP_001293944.1;Yersinia pestis;Type_III;Vertebrate
YP_001570794.1;Salmonella enterica;Type_III;Vertebrate
YP_001587907.1;Salmonella enterica;Type_III;Vertebrate
YP_001588508.1;Salmonella enterica;Type_III;Vertebrate
YP_001604457.1;Yersinia pestis;Type_III;Vertebrate
YP_001653440.1;Chlamydia trachomatis;Type_III;Vertebrate
YP_001654133.1;Chlamydia trachomatis;Type_III;Vertebrate
YP_001654428.1;Chlamydia trachomatis;Type_III;Vertebrate
YP_001874613.1;Yersinia pseudotuberculosis;Type_III;Vertebrate
YP_002040480.1;Salmonella enterica;Type_III;Vertebrate
YP_002040654.1;Salmonella enterica;Type_III;Vertebrate
YP_002040848.1;Salmonella enterica;Type_III;Vertebrate
YP_002045225.1;Salmonella enterica;Type_III;Vertebrate
YP_002045405.1;Salmonella enterica;Type_III;Vertebrate
YP_002045642.1;Salmonella enterica;Type_III;Vertebrate
YP_002114231.1;Salmonella enterica;Type_III;Vertebrate
YP_002114626.1;Salmonella enterica;Type_III;Vertebrate
YP_002142350.1;Salmonella enterica;Type_III;Vertebrate
YP_002146434.1;Salmonella enterica;Type_III;Vertebrate
YP_002146817.1;Salmonella enterica;Type_III;Vertebrate
YP_002215545.1;Salmonella enterica;Type_III;Vertebrate
YP_002215912.1;Salmonella enterica;Type_III;Vertebrate
YP_002226269.1;Salmonella enterica;Type_III;Vertebrate
YP_002226843.1;Salmonella enterica;Type_III;Vertebrate
YP_002243274.1;Salmonella enterica;Type_III;Vertebrate
YP_002243555.1;Salmonella enterica;Type_III;Vertebrate
YP_002243920.1;Salmonella enterica;Type_III;Vertebrate
YP_002244314.1;Salmonella enterica;Type_III;Vertebrate
YP_002328290.1;Escherichia coli;Type_III;Vertebrate
YP_002328981.1;Escherichia coli;Type_III;Vertebrate
YP_002328982.1;Escherichia coli;Type_III;Vertebrate
YP_002330704.1;Escherichia coli;Type_III;Vertebrate
YP_002887715.1;Chlamydia trachomatis;Type_III;Vertebrate
YP_002888592.1;Chlamydia trachomatis;Type_III;Vertebrate
YP_003076800.1;Escherichia coli;Type_III;Vertebrate
YP_003076801.1;Escherichia coli;Type_III;Vertebrate
YP_003076802.1;Escherichia coli;Type_III;Vertebrate
YP_003077614.1;Escherichia coli;Type_III;Vertebrate
YP_003077616.1;Escherichia coli;Type_III;Vertebrate
ACT70725.1;Escherichia coli;Type_III;Vertebrate
ACT70726.1;Escherichia coli;Type_III;Vertebrate
ACT71538.1;Escherichia coli;Type_III;Vertebrate
ACT71540.1;Escherichia coli;Type_III;Vertebrate
ACT71547.1;Escherichia coli;Type_III;Vertebrate
ACT72390.1;Escherichia coli;Type_III;Vertebrate
ACT73694.1;Escherichia coli;Type_III;Vertebrate
ACT73695.1;Escherichia coli;Type_III;Vertebrate
ACT74386.1;Escherichia coli;Type_III;Vertebrate
ACT74398.1;Escherichia coli;Type_III;Vertebrate
ACT74400.1;Escherichia coli;Type_III;Vertebrate
ACT74425.1;Escherichia coli;Type_III;Vertebrate
ACY64328.1;Yersinia pestis;Type_III;Vertebrate
ACY83714.1;Edwardsiella tarda;Type_III;Vertebrate
ACY83715.1;Edwardsiella tarda;Type_III;Vertebrate
ACY87887.1;Salmonella enterica;Type_III;Vertebrate
ACY88176.1;Salmonella enterica;Type_III;Vertebrate
ACY88411.1;Salmonella enterica;Type_III;Vertebrate
BAE19884.1;Edwardsiella tarda;Type_III;Vertebrate
BAE19885.1;Edwardsiella tarda;Type_III;Vertebrate
BAF45424.1;Escherichia coli;Type_III;Vertebrate
BAF45425.1;Escherichia coli;Type_III;Vertebrate
BAF45426.1;Escherichia coli;Type_III;Vertebrate
BAF45427.1;Escherichia coli;Type_III;Vertebrate
BAF45428.1;Escherichia coli;Type_III;Vertebrate
BAF45429.1;Escherichia coli;Type_III;Vertebrate
BAF45430.1;Escherichia coli;Type_III;Vertebrate
BAF45431.1;Escherichia coli;Type_III;Vertebrate
BAF45432.1;Escherichia coli;Type_III;Vertebrate
BAF45433.1;Escherichia coli;Type_III;Vertebrate
BAF45434.1;Escherichia coli;Type_III;Vertebrate
BAF45435.1;Escherichia coli;Type_III;Vertebrate
BAF45436.1;Escherichia coli;Type_III;Vertebrate
BAF45437.1;Escherichia coli;Type_III;Vertebrate
BAF45438.1;Escherichia coli;Type_III;Vertebrate
BAF45439.1;Escherichia coli;Type_III;Vertebrate
BAF45440.1;Escherichia coli;Type_III;Vertebrate
BAF45441.1;Escherichia coli;Type_III;Vertebrate
BAF45442.1;Escherichia coli;Type_III;Vertebrate
BAF45443.1;Escherichia coli;Type_III;Vertebrate
BAF45444.1;Escherichia coli;Type_III;Vertebrate
BAF45445.1;Escherichia coli;Type_III;Vertebrate
BAF45446.1;Escherichia coli;Type_III;Vertebrate
BAF45447.1;Escherichia coli;Type_III;Vertebrate
BAF45448.1;Escherichia coli;Type_III;Vertebrate
BAF45449.1;Escherichia coli;Type_III;Vertebrate
BAF45450.1;Escherichia coli;Type_III;Vertebrate
BAF45451.1;Escherichia coli;Type_III;Vertebrate
BAF45452.1;Escherichia coli;Type_III;Vertebrate
BAF45453.1;Escherichia coli;Type_III;Vertebrate
BAF45454.1;Escherichia coli;Type_III;Vertebrate
BAF45455.1;Escherichia coli;Type_III;Vertebrate
BAF45456.1;Escherichia coli;Type_III;Vertebrate
BAF45457.1;Escherichia coli;Type_III;Vertebrate
BAF45458.1;Escherichia coli;Type_III;Vertebrate
BAF45459.1;Escherichia coli;Type_III;Vertebrate
BAF45460.1;Escherichia coli;Type_III;Vertebrate
BAF45461.1;Escherichia coli;Type_III;Vertebrate
BAF45462.1;Escherichia coli;Type_III;Vertebrate
BAF52034.1;Escherichia coli;Type_III;Vertebrate
BAF52035.1;Escherichia coli;Type_III;Vertebrate
BAF52358.1;Escherichia coli;Type_III;Vertebrate
BAF52359.1;Escherichia coli;Type_III;Vertebrate
BAF52360.1;Escherichia coli;Type_III;Vertebrate
BAF52361.1;Escherichia coli;Type_III;Vertebrate
BAF52363.1;Escherichia coli;Type_III;Vertebrate
BAF52364.1;Escherichia coli;Type_III;Vertebrate
BAF52365.1;Escherichia coli;Type_III;Vertebrate
BAF52366.1;Escherichia coli;Type_III;Vertebrate
BAF52367.1;Escherichia coli;Type_III;Vertebrate
BAF52368.1;Escherichia coli;Type_III;Vertebrate
BAF52369.1;Escherichia coli;Type_III;Vertebrate
BAF52370.1;Escherichia coli;Type_III;Vertebrate
BAF52371.1;Escherichia coli;Type_III;Vertebrate
BAF52372.1;Escherichia coli;Type_III;Vertebrate
BAF52373.1;Escherichia coli;Type_III;Vertebrate
BAF52374.1;Escherichia coli;Type_III;Vertebrate
BAF52375.1;Escherichia coli;Type_III;Vertebrate
BAF52376.1;Escherichia coli;Type_III;Vertebrate
BAF52377.1;Escherichia coli;Type_III;Vertebrate
BAF52548.1;Escherichia coli;Type_III;Vertebrate
BAF52549.1;Escherichia coli;Type_III;Vertebrate
BAF92845.1;Escherichia coli;Type_III;Vertebrate
BAF96518.1;Escherichia coli;Type_III;Vertebrate
BAF96522.1;Escherichia coli;Type_III;Vertebrate
BAF96525.1;Escherichia coli;Type_III;Vertebrate
BAF96530.1;Escherichia coli;Type_III;Vertebrate
BAF96533.1;Escherichia coli;Type_III;Vertebrate
BAF96538.1;Escherichia coli;Type_III;Vertebrate
BAF96539.1;Escherichia coli;Type_III;Vertebrate
BAF96540.1;Escherichia coli;Type_III;Vertebrate
BAF96541.1;Escherichia coli;Type_III;Vertebrate
BAG66368.1;Escherichia coli;Type_III;Vertebrate
BAG66369.1;Escherichia coli;Type_III;Vertebrate
BAG66372.1;Escherichia coli;Type_III;Vertebrate
BAG66379.1;Escherichia coli;Type_III;Vertebrate
BAG66565.1;Escherichia coli;Type_III;Vertebrate
BAG66724.1;Escherichia coli;Type_III;Vertebrate
BAG66853.1;Escherichia coli;Type_III;Vertebrate
BAI24478.1;Escherichia coli;Type_III;Vertebrate
BAI28392.1;Escherichia coli;Type_III;Vertebrate
BAI28410.1;Escherichia coli;Type_III;Vertebrate
BAI28417.1;Escherichia coli;Type_III;Vertebrate
BAI28419.1;Escherichia coli;Type_III;Vertebrate
BAI28431.1;Escherichia coli;Type_III;Vertebrate
BAI32323.1;Escherichia coli;Type_III;Vertebrate
BAI32335.1;Escherichia coli;Type_III;Vertebrate
BAI32337.1;Escherichia coli;Type_III;Vertebrate
BAI32344.1;Escherichia coli;Type_III;Vertebrate
BAI32362.1;Escherichia coli;Type_III;Vertebrate
BAI37516.1;Escherichia coli;Type_III;Vertebrate
BAI37519.1;Escherichia coli;Type_III;Vertebrate
BAI37531.1;Escherichia coli;Type_III;Vertebrate
BAI37533.1;Escherichia coli;Type_III;Vertebrate
BAI37540.1;Escherichia coli;Type_III;Vertebrate
CAA12185.1;Salmonella enterica;Type_III;Vertebrate
CAA12187.1;Salmonella enterica;Type_III;Vertebrate
CAA12188.1;Salmonella enterica;Type_III;Vertebrate
CAA12189.1;Salmonella enterica;Type_III;Vertebrate
CAA12191.1;Salmonella enterica;Type_III;Vertebrate
CAA12192.1;Salmonella enterica;Type_III;Vertebrate
CAA73507.1;Escherichia coli;Type_III;Vertebrate
CAL10029.1;Yersinia enterocolitica;Type_III;Vertebrate
CAL10034.1;Yersinia enterocolitica;Type_III;Vertebrate
CAM11313.1;Escherichia coli;Type_III;Vertebrate
CAM11314.1;Escherichia coli;Type_III;Vertebrate
CAM11315.1;Escherichia coli;Type_III;Vertebrate
CAM11316.1;Escherichia coli;Type_III;Vertebrate
CAM11317.1;Escherichia coli;Type_III;Vertebrate
CAM11318.1;Escherichia coli;Type_III;Vertebrate
CAM11319.1;Escherichia coli;Type_III;Vertebrate
CAM11320.1;Escherichia coli;Type_III;Vertebrate
CAM11321.1;Escherichia coli;Type_III;Vertebrate
CAM11322.1;Escherichia coli;Type_III;Vertebrate
CAM11323.1;Escherichia coli;Type_III;Vertebrate
CAM11324.1;Escherichia coli;Type_III;Vertebrate
CAM11325.1;Escherichia coli;Type_III;Vertebrate
CAP03784.1;Chlamydia trachomatis;Type_III;Vertebrate
CAP06738.1;Chlamydia trachomatis;Type_III;Vertebrate
CAR32737.1;Salmonella enterica;Type_III;Vertebrate
CAR33808.1;Salmonella enterica;Type_III;Vertebrate
CAR37113.1;Salmonella enterica;Type_III;Vertebrate
CAX09642.1;Chlamydia trachomatis;Type_III;Vertebrate
CAX10239.1;Chlamydia trachomatis;Type_III;Vertebrate
CAX10536.1;Chlamydia trachomatis;Type_III;Vertebrate
CAX11132.1;Chlamydia trachomatis;Type_III;Vertebrate
CAX18572.1;Escherichia coli;Type_III;Vertebrate
CAX18574.1;Escherichia coli;Type_III;Vertebrate
CAX18581.1;Escherichia coli;Type_III;Vertebrate
CAX18647.1;Escherichia coli;Type_III;Vertebrate
CAX18649.1;Escherichia coli;Type_III;Vertebrate
CAX18727.1;Escherichia coli;Type_III;Vertebrate
CAX18729.1;Escherichia coli;Type_III;Vertebrate
CAX18736.1;Escherichia coli;Type_III;Vertebrate
CBA72793.1;Arsenophonus nasoniae;Type_III;Vertebrate
CBA72795.1;Arsenophonus nasoniae;Type_III;Vertebrate
CBA72798.1;Arsenophonus nasoniae;Type_III;Vertebrate
CBA73375.1;Arsenophonus nasoniae;Type_III;Vertebrate
CBG25278.1;Salmonella enterica;Type_III;Vertebrate
CBG87121.1;Citrobacter rodentium;Type_III;Vertebrate
CBG87122.1;Citrobacter rodentium;Type_III;Vertebrate
CBG87356.1;Citrobacter rodentium;Type_III;Vertebrate
CBG87859.1;Citrobacter rodentium;Type_III;Vertebrate
CBG87860.1;Citrobacter rodentium;Type_III;Vertebrate
CBG88408.1;Citrobacter rodentium;Type_III;Vertebrate
CBG89704.1;Citrobacter rodentium;Type_III;Vertebrate
CBG89706.1;Citrobacter rodentium;Type_III;Vertebrate
CBG89710.1;Citrobacter rodentium;Type_III;Vertebrate
CBG89711.1;Citrobacter rodentium;Type_III;Vertebrate
CBG89719.1;Citrobacter rodentium;Type_III;Vertebrate
CBG89721.1;Citrobacter rodentium;Type_III;Vertebrate
CBG89728.1;Citrobacter rodentium;Type_III;Vertebrate
CBG89902.1;Citrobacter rodentium;Type_III;Vertebrate
CBG90573.1;Citrobacter rodentium;Type_III;Vertebrate
CBG90792.1;Citrobacter rodentium;Type_III;Vertebrate
CBG91572.1;Citrobacter rodentium;Type_III;Vertebrate
CBG91573.1;Citrobacter rodentium;Type_III;Vertebrate
CBG91576.1;Citrobacter rodentium;Type_III;Vertebrate
CBJ14605.1;Chlamydia trachomatis;Type_III;Vertebrate
EFA45613.1;Yersinia pestis;Type_III;Vertebrate
AAC28881.1;Salmonella enterica;Type_III;Vertebrate
AAC69806.1;Yersinia pestis;Type_III;Vertebrate
AAD16811.1;Yersinia enterocolitica;Type_III;Vertebrate
AAK69208.1;Yersinia enterocolitica;Type_III;Vertebrate
AAL20326.1;Salmonella enterica;Type_III;Vertebrate
AAN37523.1;Yersinia enterocolitica;Type_III;Vertebrate
AAO68326.1;Salmonella enterica;Type_III;Vertebrate
AAQ75736.1;Citrobacter rodentium;Type_III;Vertebrate
AAR26341.1;Aeromonas hydrophila;Type_III;Vertebrate
AAR84051.1;Citrobacter rodentium;Type_III;Vertebrate
AAS47019.1;Citrobacter rodentium;Type_III;Vertebrate
AAS47020.1;Citrobacter rodentium;Type_III;Vertebrate
AAS48168.1;Citrobacter rodentium;Type_III;Vertebrate
AAS48169.1;Citrobacter rodentium;Type_III;Vertebrate
AAS58577.1;Yersinia pestis;Type_III;Vertebrate
AAS91821.1;Aeromonas hydrophila;Type_III;Vertebrate
AAU95471.1;Citrobacter rodentium;Type_III;Vertebrate
AAV30235.1;Aeromonas hydrophila;Type_III;Vertebrate
AAV69404.1;Edwardsiella tarda;Type_III;Vertebrate
AAV69405.1;Edwardsiella tarda;Type_III;Vertebrate
AAX49626.1;Salmonella enterica;Type_III;Vertebrate
AAX65329.1;Salmonella enterica;Type_III;Vertebrate
AAX76903.1;Edwardsiella tarda;Type_III;Vertebrate
ABB16332.1;Escherichia coli;Type_III;Vertebrate
ABB16333.1;Escherichia coli;Type_III;Vertebrate
ABD48949.1;Aeromonas salmonicida;Type_III;Vertebrate
ABD48950.1;Aeromonas salmonicida;Type_III;Vertebrate
ABD48951.1;Aeromonas salmonicida;Type_III;Vertebrate
ABD94685.1;Pseudomonas aeruginosa;Type_III;Vertebrate
ABD94731.1;Pseudomonas aeruginosa;Type_III;Vertebrate
ABJ98887.1;Aeromonas veronii;Type_III;Vertebrate
ABJ98888.1;Aeromonas veronii;Type_III;Vertebrate
ABO92190.1;Aeromonas salmonicida;Type_III;Vertebrate
ABR13262.1;Aeromonas piscicola;Type_III;Vertebrate
ABR14860.1;Yersinia pestis;Type_III;Vertebrate
ABX88786.1;Yersinia pestis;Type_III;Vertebrate
ACC91156.1;Yersinia pseudotuberculosis;Type_III;Vertebrate
ACF62143.1;Salmonella enterica;Type_III;Vertebrate
ACF66736.1;Salmonella enterica;Type_III;Vertebrate
ACT70724.1;Escherichia coli;Type_III;Vertebrate
A2S1Q7;Burkholderia mallei;Type_III;Vertebrate
A2S1Q9;Burkholderia mallei;Type_III;Vertebrate
A3MCH6;Burkholderia mallei;Type_III;Vertebrate
A3MCH8;Burkholderia mallei;Type_III;Vertebrate
A3NLC6;Burkholderia pseudomallei;Type_III;Vertebrate
A3NLC8;Burkholderia pseudomallei;Type_III;Vertebrate
A3P6Y8;Burkholderia pseudomallei;Type_III;Vertebrate
A3P6Z0;Burkholderia pseudomallei;Type_III;Vertebrate
A9MJD1;Salmonella arizonae;Type_III;Vertebrate
A9N5C6;Salmonella paratyphi;Type_III;Vertebrate
D0ZI38;Salmonella typhimurium;Type_III;Vertebrate
D0ZIB5;Salmonella typhimurium;Type_III;Vertebrate
D0ZPH9;Salmonella typhimurium;Type_III;Vertebrate
D0ZRB2;Salmonella typhimurium;Type_III;Vertebrate
D0ZVG2;Salmonella typhimurium;Type_III;Vertebrate
D0ZXR5;Salmonella typhimurium;Type_III;Vertebrate
O06949;Salmonella dublin;Type_III;Vertebrate
O30916;Salmonella typhimurium;Type_III;Vertebrate
O34105;Salmonella dublin;Type_III;Vertebrate
O52623;Salmonella typhimurium;Type_III;Vertebrate
O68703;Yersinia pestis;Type_III;Vertebrate
O84947;Salmonella typhimurium;Type_III;Vertebrate
P0CE12;Salmonella typhimurium;Type_III;Vertebrate
P17778;Yersinia pestis;Type_III;Vertebrate
P18009;Shigella flexneri;Type_III;Vertebrate
P18014;Shigella flexneri;Type_III;Vertebrate
P27475;Yersinia enterocolitica;Type_III;Vertebrate
P31498;Yersinia pseudotuberculosis;Type_III;Vertebrate
P33546;Shigella flexneri;Type_III;Vertebrate
P74849;Salmonella typhi;Type_III;Vertebrate
P74851;Salmonella typhi;Type_III;Vertebrate
P74873;Salmonella typhimurium;Type_III;Vertebrate
Q07566;Shigella flexneri;Type_III;Vertebrate
Q2ET08;Shigella dysenteriae;Type_III;Vertebrate
Q2ET28;Shigella boydii;Type_III;Vertebrate
Q2T703;Burkholderia thailandensis;Type_III;Vertebrate
Q2T704;Burkholderia thailandensis;Type_III;Vertebrate
Q2T710;Burkholderia thailandensis;Type_III;Vertebrate
Q31SR9;Shigella boydii;Type_III;Vertebrate
Q326N4;Shigella dysenteriae;Type_III;Vertebrate
Q327I2;Shigella dysenteriae;Type_III;Vertebrate
Q3JL24;Burkholderia pseudomallei;Type_III;Vertebrate
Q3JL30;Burkholderia pseudomallei;Type_III;Vertebrate
Q3JL32;Burkholderia pseudomallei;Type_III;Vertebrate
Q3YTK0;Shigella sonnei;Type_III;Vertebrate
Q3YTY3;Shigella sonnei;Type_III;Vertebrate
Q55286;Shigella sonnei;Type_III;Vertebrate
Q56019;Salmonella typhimurium;Type_III;Vertebrate
E1WAC8;Salmonella typhimurium;Type_III;Vertebrate
P0CL47;Salmonella typhimurium;Type_III;Vertebrate
E1WAC6;Salmonella typhimurium;Type_III;Vertebrate
P0CL52;Salmonella typhimurium;Type_III;Vertebrate
Q56061;Salmonella typhimurium;Type_III;Vertebrate
Q56134;Salmonella typhi;Type_III;Vertebrate
Q56135;Salmonella typhi;Type_III;Vertebrate
Q57KZ6;Salmonella choleraesuis;Type_III;Vertebrate
Q57M66;Salmonella choleraesuis;Type_III;Vertebrate
Q5PEA9;Salmonella paratyphi;Type_III;Vertebrate
Q5PEX4;Salmonella paratyphi;Type_III;Vertebrate
Q5PFI5;Salmonella paratyphi;Type_III;Vertebrate
Q5PHN0;Salmonella paratyphi;Type_III;Vertebrate
Q5PI48;Salmonella paratyphi;Type_III;Vertebrate
Q62B14;Burkholderia mallei;Type_III;Vertebrate
Q62B16;Burkholderia mallei;Type_III;Vertebrate
Q63K41;Burkholderia pseudomallei;Type_III;Vertebrate
Q79BT1;Salmonella dublin;Type_III;Vertebrate
Q7BD17;Salmonella enterica;Type_III;Vertebrate
Q7BU69;Shigella flexneri;Type_III;Vertebrate
Q7BVH7;Salmonella typhimurium;Type_III;Vertebrate
Q7CQD4;Salmonella typhimurium;Type_III;Vertebrate
Q83RJ4;Shigella flexneri;Type_III;Vertebrate
Q87P32;Vibrio parahaemolyticus;Type_III;Vertebrate
Q8VPM1;Salmonella hadar;Type_III;Vertebrate
Q8VQB5;Salmonella enteritidis;Type_III;Vertebrate
Q8VSP9;Shigella flexneri;Type_III;Vertebrate
Q8VSQ6;Salmonella gallinarum;Type_III;Vertebrate
Q8VSR1;Salmonella enterica;Type_III;Vertebrate
Q8VSR2;Salmonella houtenae;Type_III;Vertebrate
Q8Z4G9;Salmonella typhi;Type_III;Vertebrate
Q8Z550;Salmonella typhi;Type_III;Vertebrate
Q8Z7R1;Salmonella typhi;Type_III;Vertebrate
Q8ZMM8;Salmonella typhimurium;Type_III;Vertebrate
Q8ZNG2;Salmonella typhimurium;Type_III;Vertebrate
Q8ZP57;Salmonella typhimurium;Type_III;Vertebrate
Q8ZPA6;Salmonella typhimurium;Type_III;Vertebrate
Q8ZPD7;Salmonella typhimurium;Type_III;Vertebrate
Q8ZQ59;Salmonella typhimurium;Type_III;Vertebrate
Q8ZQ79;Salmonella typhimurium;Type_III;Vertebrate
Q8ZQQ2;Salmonella typhimurium;Type_III;Vertebrate
Q9AH17;Salmonella bongori;Type_III;Vertebrate
Q9AH18;Salmonella houtenae;Type_III;Vertebrate
Q9AH19;Salmonella diarizonae;Type_III;Vertebrate
Q9FD10;Salmonella typhimurium;Type_III;Vertebrate
Q9KIB9;Salmonella typhimurium;Type_III;Vertebrate
Q9R803;Salmonella typhimurium;Type_III;Vertebrate
Q9RER2;Salmonella blockley;Type_III;Vertebrate
Q9RPM6;Salmonella typhi;Type_III;Vertebrate
A5PM30;Burkholderia mallei;Type_III;Vertebrate
A8YQR4;Edwardsiella tarda;Type_III;Vertebrate
B4EMB9;Burkholderia cenocepacia;Type_III;Vertebrate
D3GUW5;Escherichia coli;Type_III;Vertebrate
P46855;Escherichia coli;Type_III;Vertebrate
Q2T2K7;Burkholderia thailandensis;Type_III;Vertebrate
Q2T422;Burkholderia thailandensis;Type_III;Vertebrate
Q2T6Y9;Burkholderia thailandensis;Type_III;Vertebrate
Q8XDQ1;Escherichia coli;Type_III;Vertebrate
Q93IS4;Salmonella typhimurium;Type_III;Vertebrate
Q9HU94;Pseudomonas aeruginosa;Type_III;Vertebrate
Q9HYC2;Pseudomonas aeruginosa;Type_III;Vertebrate
A0A0H3AIG7;Vibrio cholerae;Type_III;Vertebrate
A0FKE4;Aeromonas veronii;Type_III;Vertebrate
A0FKE5;Aeromonas veronii;Type_III;Vertebrate
A0KHA9;Aeromonas hydrophila;Type_III;Vertebrate
A1JQ83;Yersinia enterocolitica;Type_III;Vertebrate
A1JU65;Yersinia enterocolitica;Type_III;Vertebrate
A1JU68;Yersinia enterocolitica;Type_III;Vertebrate
A1JU78;Yersinia enterocolitica;Type_III;Vertebrate
A1JUA6;Yersinia enterocolitica;Type_III;Vertebrate
A1JUA9;Yersinia enterocolitica;Type_III;Vertebrate
A1JUC4;Yersinia enterocolitica;Type_III;Vertebrate
A1KWP2;Escherichia coli;Type_III;Vertebrate
A1KWP3;Escherichia coli;Type_III;Vertebrate
A1KWP4;Escherichia coli;Type_III;Vertebrate
A1KWP5;Escherichia coli;Type_III;Vertebrate
A1KWP6;Escherichia coli;Type_III;Vertebrate
A1KWP7;Escherichia coli;Type_III;Vertebrate
A1KWP8;Escherichia coli;Type_III;Vertebrate
A1KWP9;Escherichia coli;Type_III;Vertebrate
A1KWQ0;Escherichia coli;Type_III;Vertebrate
A1KWQ1;Escherichia coli;Type_III;Vertebrate
A1KWQ2;Escherichia coli;Type_III;Vertebrate
A1KWQ3;Escherichia coli;Type_III;Vertebrate
A1KWQ4;Escherichia coli;Type_III;Vertebrate
A2A0W5;Escherichia coli;Type_III;Vertebrate
A2A0W7;Escherichia coli;Type_III;Vertebrate
A2A0X2;Escherichia coli;Type_III;Vertebrate
A2A0X3;Escherichia coli;Type_III;Vertebrate
A2A0X5;Escherichia coli;Type_III;Vertebrate
A2A0X8;Escherichia coli;Type_III;Vertebrate
A2A0Y3;Escherichia coli;Type_III;Vertebrate
A2A0Y6;Escherichia coli;Type_III;Vertebrate
A2A0Z2;Escherichia coli;Type_III;Vertebrate
A2A0Z4;Escherichia coli;Type_III;Vertebrate
A2A0Z6;Escherichia coli;Type_III;Vertebrate
A2S1Q0;Burkholderia mallei;Type_III;Vertebrate
A2S1Q1;Burkholderia mallei;Type_III;Vertebrate
A2S1Q3;Burkholderia mallei;Type_III;Vertebrate
A3MCG8;Burkholderia mallei;Type_III;Vertebrate
A3MCG9;Burkholderia mallei;Type_III;Vertebrate
A3MCH1;Burkholderia mallei;Type_III;Vertebrate
A3N464;Burkholderia pseudomallei;Type_III;Vertebrate
A3NLD2;Burkholderia pseudomallei;Type_III;Vertebrate
A3NLD4;Burkholderia pseudomallei;Type_III;Vertebrate
A3NLD5;Burkholderia pseudomallei;Type_III;Vertebrate
A3P6Z4;Burkholderia pseudomallei;Type_III;Vertebrate
A3P6Z6;Burkholderia pseudomallei;Type_III;Vertebrate
A3P6Z7;Burkholderia pseudomallei;Type_III;Vertebrate
A4PCI6;Escherichia coli;Type_III;Vertebrate
A4PCI7;Escherichia coli;Type_III;Vertebrate
A4PDT6;Escherichia coli;Type_III;Vertebrate
A4PDT7;Escherichia coli;Type_III;Vertebrate
A4PDT8;Escherichia coli;Type_III;Vertebrate
A4PDT9;Escherichia coli;Type_III;Vertebrate
A4PDU1;Escherichia coli;Type_III;Vertebrate
A4PDU2;Escherichia coli;Type_III;Vertebrate
A4PDU3;Escherichia coli;Type_III;Vertebrate
A4PDU4;Escherichia coli;Type_III;Vertebrate
A4PDU5;Escherichia coli;Type_III;Vertebrate
A4PDU6;Escherichia coli;Type_III;Vertebrate
A4PDU7;Escherichia coli;Type_III;Vertebrate
A4PDU8;Escherichia coli;Type_III;Vertebrate
A4PDU9;Escherichia coli;Type_III;Vertebrate
A4PDV0;Escherichia coli;Type_III;Vertebrate
A4PDV1;Escherichia coli;Type_III;Vertebrate
A4PDV2;Escherichia coli;Type_III;Vertebrate
A4PDV3;Escherichia coli;Type_III;Vertebrate
A4PDV5;Escherichia coli;Type_III;Vertebrate
A4PHQ3;Escherichia coli;Type_III;Vertebrate
A4PHQ4;Escherichia coli;Type_III;Vertebrate
A4SUE7;Aeromonas salmonicida;Type_III;Vertebrate
A6YCJ6;Aeromonas hydrophila;Type_III;Vertebrate
A7MQ14;Cronobacter sakazakii;Type_III;Vertebrate
A8AER8;Citrobacter koseri;Type_III;Vertebrate
A8AGA8;Citrobacter koseri;Type_III;Vertebrate
A8R3Y1;Escherichia coli;Type_III;Vertebrate
A9BLK0;Delftia acidovorans;Type_III;Vertebrate
A9BLY3;Delftia acidovorans;Type_III;Vertebrate
A9MG90;Salmonella arizonae;Type_III;Vertebrate
A9R9H4;Yersinia pestis;Type_III;Vertebrate
A9ZNE5;Escherichia coli;Type_III;Vertebrate
A9ZNE9;Escherichia coli;Type_III;Vertebrate
A9ZNF2;Escherichia coli;Type_III;Vertebrate
A9ZNF7;Escherichia coli;Type_III;Vertebrate
A9ZNG0;Escherichia coli;Type_III;Vertebrate
A9ZNG5;Escherichia coli;Type_III;Vertebrate
A9ZNG6;Escherichia coli;Type_III;Vertebrate
A9ZNG7;Escherichia coli;Type_III;Vertebrate
A9ZNG8;Escherichia coli;Type_III;Vertebrate
B0B9M3;Chlamydia trachomatis;Type_III;Vertebrate
B0B9M4;Chlamydia trachomatis;Type_III;Vertebrate
B0B9M5;Chlamydia trachomatis;Type_III;Vertebrate
B0VVE2;Acinetobacter baumannii;Type_III;Vertebrate
B1GVN9;Citrobacter rodentium;Type_III;Vertebrate
B1YTK4;Burkholderia ambifaria;Type_III;Vertebrate
B2SWU8;Paraburkholderia phytofirmans;Type_III;Vertebrate
B2TCX2;Paraburkholderia phytofirmans;Type_III;Vertebrate
B2TSV7;Shigella boydii;Type_III;Vertebrate
B2TT54;Shigella boydii;Type_III;Vertebrate
B3Y094;Escherichia coli;Type_III;Vertebrate
B3Y095;Escherichia coli;Type_III;Vertebrate
B3Y098;Escherichia coli;Type_III;Vertebrate
B3Y0A5;Escherichia coli;Type_III;Vertebrate
B3Y0U1;Escherichia coli;Type_III;Vertebrate
B3Y1A0;Escherichia coli;Type_III;Vertebrate
B3Y1M9;Escherichia coli;Type_III;Vertebrate
B4SX34;Salmonella newport;Type_III;Vertebrate
B4T918;Salmonella heidelberg;Type_III;Vertebrate
B4TMK5;Salmonella schwarzengrund;Type_III;Vertebrate
B5F5S8;Salmonella agona;Type_III;Vertebrate
B5F8C9;Salmonella agona;Type_III;Vertebrate
B5FM34;Salmonella dublin;Type_III;Vertebrate
B5QZK6;Salmonella enteritidis;Type_III;Vertebrate
B5R8S6;Salmonella gallinarum;Type_III;Vertebrate
B7UH72;Escherichia coli;Type_III;Vertebrate
B7UI20;Escherichia coli;Type_III;Vertebrate
B7UI21;Escherichia coli;Type_III;Vertebrate
B7UI22;Escherichia coli;Type_III;Vertebrate
B7ULW4;Escherichia coli;Type_III;Vertebrate
B7ULW8;Escherichia coli;Type_III;Vertebrate
B7UM88;Escherichia coli;Type_III;Vertebrate
B7UM94;Escherichia coli;Type_III;Vertebrate
B7UM99;Escherichia coli;Type_III;Vertebrate
B7UMA0;Escherichia coli;Type_III;Vertebrate
B7UMA2;Escherichia coli;Type_III;Vertebrate
B7UMC8;Escherichia coli;Type_III;Vertebrate
B7UMR0;Escherichia coli;Type_III;Vertebrate
B7UNX2;Escherichia coli;Type_III;Vertebrate
B7UNX3;Escherichia coli;Type_III;Vertebrate
B7UNX4;Escherichia coli;Type_III;Vertebrate
B7UNX6;Escherichia coli;Type_III;Vertebrate
B7UR60;Escherichia coli;Type_III;Vertebrate
B7UR62;Escherichia coli;Type_III;Vertebrate
B7UR63;Escherichia coli;Type_III;Vertebrate
B8ZY94;Escherichia coli;Type_III;Vertebrate
B8ZY96;Escherichia coli;Type_III;Vertebrate
B8ZYA3;Escherichia coli;Type_III;Vertebrate
B8ZYG0;Escherichia coli;Type_III;Vertebrate
B8ZYG2;Escherichia coli;Type_III;Vertebrate
B8ZYN7;Escherichia coli;Type_III;Vertebrate
B9A807;Vibrio parahaemolyticus;Type_III;Vertebrate
B9A810;Vibrio parahaemolyticus;Type_III;Vertebrate
C5IZN1;Vibrio cholerae;Type_III;Vertebrate
C6BHF2;Ralstonia pickettii;Type_III;Vertebrate
C6UYI3;Escherichia coli;Type_III;Vertebrate
C8BNX0;Pseudomonas syringae;Type_III;Vertebrate
C8UFJ4;Escherichia coli;Type_III;Vertebrate
C8UFJ7;Escherichia coli;Type_III;Vertebrate
C8UFL1;Escherichia coli;Type_III;Vertebrate
C8UFL8;Escherichia coli;Type_III;Vertebrate
C8UMB1;Escherichia coli;Type_III;Vertebrate
C9X8K0;Salmonella typhimurium;Type_III;Vertebrate
C9XXJ5;Cronobacter turicensis;Type_III;Vertebrate
C9XYW6;Cronobacter turicensis;Type_III;Vertebrate
C9XZ04;Cronobacter turicensis;Type_III;Vertebrate
D0ZDK9;Edwardsiella tarda;Type_III;Vertebrate
D0ZDL0;Edwardsiella tarda;Type_III;Vertebrate
D0ZMG9;Salmonella typhimurium;Type_III;Vertebrate
D1MWR4;Bordetella pertussis;Type_III;Vertebrate
D2AJ46;Shigella flexneri;Type_III;Vertebrate
D2AJ54;Shigella flexneri;Type_III;Vertebrate
D2AJ70;Shigella flexneri;Type_III;Vertebrate
D2AJE7;Shigella flexneri;Type_III;Vertebrate
D2AJI2;Shigella flexneri;Type_III;Vertebrate
D2AJU0;Shigella flexneri;Type_III;Vertebrate
D2AJU3;Shigella flexneri;Type_III;Vertebrate
D2TI15;Citrobacter rodentium;Type_III;Vertebrate
D2TJZ3;Citrobacter rodentium;Type_III;Vertebrate
D2TJZ4;Citrobacter rodentium;Type_III;Vertebrate
D2TK70;Citrobacter rodentium;Type_III;Vertebrate
D2TK72;Citrobacter rodentium;Type_III;Vertebrate
D2TKD5;Citrobacter rodentium;Type_III;Vertebrate
D2TKD7;Citrobacter rodentium;Type_III;Vertebrate
D2TKE1;Citrobacter rodentium;Type_III;Vertebrate
D2TKE2;Citrobacter rodentium;Type_III;Vertebrate
D2TKE9;Citrobacter rodentium;Type_III;Vertebrate
D2TKF1;Citrobacter rodentium;Type_III;Vertebrate
D2TKF8;Citrobacter rodentium;Type_III;Vertebrate
D2TKG4;Citrobacter rodentium;Type_III;Vertebrate
D2TKG5;Citrobacter rodentium;Type_III;Vertebrate
D2TKH5;Citrobacter rodentium;Type_III;Vertebrate
D2TML3;Citrobacter rodentium;Type_III;Vertebrate
D2TRA0;Citrobacter rodentium;Type_III;Vertebrate
D2TRX7;Citrobacter rodentium;Type_III;Vertebrate
D2TRX8;Citrobacter rodentium;Type_III;Vertebrate
D2TRY1;Citrobacter rodentium;Type_III;Vertebrate
D2TT37;Citrobacter rodentium;Type_III;Vertebrate
D2TT38;Citrobacter rodentium;Type_III;Vertebrate
D2TTX7;Citrobacter rodentium;Type_III;Vertebrate
D2TZ31;Arsenophonus nasoniae;Type_III;Vertebrate
D2TZ32;Arsenophonus nasoniae;Type_III;Vertebrate
D2TZ34;Arsenophonus nasoniae;Type_III;Vertebrate
D2ZDL2;Enterobacter cancerogenus;Type_III;Vertebrate
D4E4R6;Serratia odorifera;Type_III;Vertebrate
D5WCZ6;Burkholderia sp.;Type_III;Vertebrate
D6J6Z7;Escherichia coli;Type_III;Vertebrate
E8WJ67;Geobacter sp.;Type_III;Vertebrate
F5RYK9;Enterobacter hormaechei;Type_III;Vertebrate
F6AQK3;Delftia sp.;Type_III;Vertebrate
G4QDA2;Taylorella asinigenitalis;Type_III;Vertebrate
H9L407;Salmonella typhimurium;Type_III;Vertebrate
H9L446;Salmonella typhimurium;Type_III;Vertebrate
H9L477;Salmonella typhimurium;Type_III;Vertebrate
H9L486;Salmonella typhimurium;Type_III;Vertebrate
H9L4J2;Salmonella typhimurium;Type_III;Vertebrate
H9L4Q3;Vibrio cholerae;Type_III;Vertebrate
K0GGG6;Chlamydia trachomatis;Type_III;Vertebrate
O30783;Chlamydia caviae;Type_III;Vertebrate
O34020;Chlamydia caviae;Type_III;Vertebrate
O34208;Pseudomonas aeruginosa;Type_III;Vertebrate
P0DPS5;Chlamydia trachomatis;Type_III;Vertebrate
A0A0H3MD02;Chlamydia trachomatis;Type_III;Vertebrate
O84056;Chlamydia trachomatis;Type_III;Vertebrate
O84085;Chlamydia trachomatis;Type_III;Vertebrate
O84107;Chlamydia trachomatis;Type_III;Vertebrate
P0DJI4;Chlamydia trachomatis;Type_III;Vertebrate
P0DJI5;Chlamydia trachomatis;Type_III;Vertebrate
A0A0H3MGR4;Chlamydia trachomatis;Type_III;Vertebrate
P0DPS6;Chlamydia trachomatis;Type_III;Vertebrate
O84144;Chlamydia trachomatis;Type_III;Vertebrate
O84163;Chlamydia trachomatis;Type_III;Vertebrate
O84226;Chlamydia trachomatis;Type_III;Vertebrate
O84232;Chlamydia trachomatis;Type_III;Vertebrate
O84235;Chlamydia trachomatis;Type_III;Vertebrate
O84236;Chlamydia trachomatis;Type_III;Vertebrate
O84290;Chlamydia trachomatis;Type_III;Vertebrate
O84342;Chlamydia trachomatis;Type_III;Vertebrate
O84378;Chlamydia trachomatis;Type_III;Vertebrate
O84436;Chlamydia trachomatis;Type_III;Vertebrate
O84449;Chlamydia trachomatis;Type_III;Vertebrate
O84462;Chlamydia trachomatis;Type_III;Vertebrate
O84534;Chlamydia trachomatis;Type_III;Vertebrate
O84554;Chlamydia trachomatis;Type_III;Vertebrate
O84616;Chlamydia trachomatis;Type_III;Vertebrate
O84623;Chlamydia trachomatis;Type_III;Vertebrate
O84625;Chlamydia trachomatis;Type_III;Vertebrate
O84626;Chlamydia trachomatis;Type_III;Vertebrate
O84648;Chlamydia trachomatis;Type_III;Vertebrate
O84700;Chlamydia trachomatis;Type_III;Vertebrate
O84718;Chlamydia trachomatis;Type_III;Vertebrate
O84723;Chlamydia trachomatis;Type_III;Vertebrate
O84743;Chlamydia trachomatis;Type_III;Vertebrate
O84854;Chlamydia trachomatis;Type_III;Vertebrate
O84855;Chlamydia trachomatis;Type_III;Vertebrate
O84856;Chlamydia trachomatis;Type_III;Vertebrate
O84869;Chlamydia trachomatis;Type_III;Vertebrate
O84871;Chlamydia trachomatis;Type_III;Vertebrate
O84883;Chlamydia trachomatis;Type_III;Vertebrate
O84944;Salmonella typhimurium;Type_III;Vertebrate
O84949;Salmonella typhimurium;Type_III;Vertebrate
O84951;Salmonella typhimurium;Type_III;Vertebrate
O84952;Salmonella typhimurium;Type_III;Vertebrate
O85239;Yersinia enterocolitica;Type_III;Vertebrate
O85345;Pseudomonas aeruginosa;Type_III;Vertebrate
O85646;Escherichia coli;Type_III;Vertebrate
P08008;Yersinia pseudotuberculosis;Type_III;Vertebrate
P08538;Yersinia pseudotuberculosis;Type_III;Vertebrate
P0A1K5;Shigella flexneri;Type_III;Vertebrate
P0A2M9;Salmonella typhimurium;Type_III;Vertebrate
P0AE20;Escherichia coli;Type_III;Vertebrate
P0C2N1;Yersinia enterocolitica;Type_III;Vertebrate
P0C2N4;Yersinia enterocolitica;Type_III;Vertebrate
P0CI27;Chlamydia trachomatis;Type_III;Vertebrate
P0CZ04;Salmonella typhimurium;Type_III;Vertebrate
P0DJ88;Escherichia coli;Type_III;Vertebrate
P0DJ89;Escherichia coli;Type_III;Vertebrate
P0DJI3;Chlamydia trachomatis;Type_III;Vertebrate
P15273;Yersinia enterocolitica;Type_III;Vertebrate
P18010;Shigella flexneri;Type_III;Vertebrate
P18011;Shigella flexneri;Type_III;Vertebrate
P18012;Shigella flexneri;Type_III;Vertebrate
P18013;Shigella flexneri;Type_III;Vertebrate
P21211;Yersinia enterocolitica;Type_III;Vertebrate
P27474;Yersinia enterocolitica;Type_III;Vertebrate
P28764;Listeria monocytogenes;Type_III;Vertebrate
P31492;Yersinia enterocolitica;Type_III;Vertebrate
P31493;Yersinia pestis;Type_III;Vertebrate
P33548;Shigella flexneri;Type_III;Vertebrate
P37033;Legionella pneumophila;Type_III;Vertebrate
P37131;Yersinia enterocolitica;Type_III;Vertebrate
P37132;Yersinia enterocolitica;Type_III;Vertebrate
P40296;Yersinia pseudotuberculosis;Type_III;Vertebrate
P40613;Salmonella typhimurium;Type_III;Vertebrate
P40699;Salmonella typhimurium;Type_III;Vertebrate
P40722;Salmonella typhimurium;Type_III;Vertebrate
P42713;Yersinia pestis;Type_III;Vertebrate
P68590;Yersinia pestis;Type_III;Vertebrate
P69978;Yersinia pestis;Type_III;Vertebrate
D0ZWR8;Salmonella typhimurium;Type_III;Vertebrate
P74988;Yersinia enterocolitica;Type_III;Vertebrate
Q04640;Shigella flexneri;Type_III;Vertebrate
Q05129;Escherichia coli;Type_III;Vertebrate
Q05608;Yersinia pseudotuberculosis;Type_III;Vertebrate
Q13LX5;Paraburkholderia xenovorans;Type_III;Vertebrate
Q13YG4;Paraburkholderia xenovorans;Type_III;Vertebrate
Q1W4Y8;Pseudomonas aeruginosa;Type_III;Vertebrate
Q27RI0;Aeromonas salmonicida;Type_III;Vertebrate
Q27RI1;Aeromonas salmonicida;Type_III;Vertebrate
Q29ST3;Legionella pneumophila;Type_III;Vertebrate
Q2F7Y9;Escherichia coli;Type_III;Vertebrate
Q2F7Z0;Escherichia coli;Type_III;Vertebrate
Q2QHF9;Salmonella typhimurium;Type_III;Vertebrate
Q2T708;Burkholderia thailandensis;Type_III;Vertebrate
Q2T711;Burkholderia thailandensis;Type_III;Vertebrate
Q31SH3;Shigella boydii;Type_III;Vertebrate
Q326S7;Shigella dysenteriae;Type_III;Vertebrate
Q326T5;Shigella dysenteriae;Type_III;Vertebrate
Q326Z6;Shigella dysenteriae;Type_III;Vertebrate
Q327E0;Shigella dysenteriae;Type_III;Vertebrate
Q327J1;Shigella dysenteriae;Type_III;Vertebrate
Q3JL23;Burkholderia pseudomallei;Type_III;Vertebrate
Q3JL26;Burkholderia pseudomallei;Type_III;Vertebrate
Q3YTH5;Shigella sonnei;Type_III;Vertebrate
Q3YTN8;Shigella sonnei;Type_III;Vertebrate
Q46210;Chlamydia caviae;Type_III;Vertebrate
Q47184;Escherichia coli;Type_III;Vertebrate
Q4ACE6;Edwardsiella tarda;Type_III;Vertebrate
Q4G4C8;Edwardsiella tarda;Type_III;Vertebrate
Q4G4D0;Edwardsiella tarda;Type_III;Vertebrate
Q4G4D1;Edwardsiella tarda;Type_III;Vertebrate
Q51451;Pseudomonas aeruginosa;Type_III;Vertebrate
Q56026;Salmonella typhimurium;Type_III;Vertebrate
Q56921;Yersinia enterocolitica;Type_III;Vertebrate
Q56935;Yersinia pseudotuberculosis;Type_III;Vertebrate
Q57MS9;Salmonella choleraesuis;Type_III;Vertebrate
Q57P56;Salmonella choleraesuis;Type_III;Vertebrate
Q57PN2;Salmonella choleraesuis;Type_III;Vertebrate
Q57PP1;Salmonella choleraesuis;Type_III;Vertebrate
Q57QR2;Salmonella choleraesuis;Type_III;Vertebrate
Q58I88;Escherichia coli;Type_III;Vertebrate
Q5X159;Legionella pneumophila;Type_III;Vertebrate
Q5XL02;Aeromonas hydrophila;Type_III;Vertebrate
Q5XMK7;Citrobacter rodentium;Type_III;Vertebrate
Q5ZR83;Legionella pneumophila;Type_III;Vertebrate
Q5ZR84;Legionella pneumophila;Type_III;Vertebrate
Q5ZRA8;Legionella pneumophila;Type_III;Vertebrate
Q5ZRE6;Legionella pneumophila;Type_III;Vertebrate
Q5ZRH0;Legionella pneumophila;Type_III;Vertebrate
Q5ZRH5;Legionella pneumophila;Type_III;Vertebrate
Q5ZRJ3;Legionella pneumophila;Type_III;Vertebrate
Q5ZRJ6;Legionella pneumophila;Type_III;Vertebrate
Q5ZRJ7;Legionella pneumophila;Type_III;Vertebrate
Q5ZRK2;Legionella pneumophila;Type_III;Vertebrate
Q5ZRK7;Legionella pneumophila;Type_III;Vertebrate
Q5ZRN6;Legionella pneumophila;Type_III;Vertebrate
Q5ZRP8;Legionella pneumophila;Type_III;Vertebrate
Q5ZRP9;Legionella pneumophila;Type_III;Vertebrate
Q5ZRQ0;Legionella pneumophila;Type_III;Vertebrate
Q5ZRQ1;Legionella pneumophila;Type_III;Vertebrate
Q5ZRQ2;Legionella pneumophila;Type_III;Vertebrate
Q5ZRQ4;Legionella pneumophila;Type_III;Vertebrate
Q5ZRR5;Legionella pneumophila;Type_III;Vertebrate
Q5ZRS4;Legionella pneumophila;Type_III;Vertebrate
Q5ZRS6;Legionella pneumophila;Type_III;Vertebrate
Q5ZRT5;Legionella pneumophila;Type_III;Vertebrate
Q5ZRX6;Legionella pneumophila;Type_III;Vertebrate
Q5ZRX7;Legionella pneumophila;Type_III;Vertebrate
Q5ZS27;Legionella pneumophila;Type_III;Vertebrate
Q5ZS82;Legionella pneumophila;Type_III;Vertebrate
Q5ZS91;Legionella pneumophila;Type_III;Vertebrate
Q5ZSB6;Legionella pneumophila;Type_III;Vertebrate
Q5ZSC8;Legionella pneumophila;Type_III;Vertebrate
Q5ZSD5;Legionella pneumophila;Type_III;Vertebrate
Q5ZSE2;Legionella pneumophila;Type_III;Vertebrate
Q5ZSG2;Legionella pneumophila;Type_III;Vertebrate
Q5ZSG5;Legionella pneumophila;Type_III;Vertebrate
Q5ZSH1;Legionella pneumophila;Type_III;Vertebrate
Q5ZSH6;Legionella pneumophila;Type_III;Vertebrate
Q5ZSH8;Legionella pneumophila;Type_III;Vertebrate
Q5ZSH9;Legionella pneumophila;Type_III;Vertebrate
Q5ZSI8;Legionella pneumophila;Type_III;Vertebrate
Q5ZSJ0;Legionella pneumophila;Type_III;Vertebrate
Q5ZSJ1;Legionella pneumophila;Type_III;Vertebrate
Q5ZSJ2;Legionella pneumophila;Type_III;Vertebrate
Q5ZSJ4;Legionella pneumophila;Type_III;Vertebrate
Q5ZSK6;Legionella pneumophila;Type_III;Vertebrate
Q5ZSK8;Legionella pneumophila;Type_III;Vertebrate
Q5ZSL2;Legionella pneumophila;Type_III;Vertebrate
Q5ZSL3;Legionella pneumophila;Type_III;Vertebrate
Q5ZSL9;Legionella pneumophila;Type_III;Vertebrate
Q5ZSN5;Legionella pneumophila;Type_III;Vertebrate
Q5ZSQ3;Legionella pneumophila;Type_III;Vertebrate
Q5ZSQ6;Legionella pneumophila;Type_III;Vertebrate
Q5ZSR1;Legionella pneumophila;Type_III;Vertebrate
Q5ZSR5;Legionella pneumophila;Type_III;Vertebrate
Q5ZSS2;Legionella pneumophila;Type_III;Vertebrate
Q5ZSS3;Legionella pneumophila;Type_III;Vertebrate
Q5ZST2;Legionella pneumophila;Type_III;Vertebrate
Q5ZSU1;Legionella pneumophila;Type_III;Vertebrate
Q5ZSU2;Legionella pneumophila;Type_III;Vertebrate
Q5ZSU4;Legionella pneumophila;Type_III;Vertebrate
Q5ZSU6;Legionella pneumophila;Type_III;Vertebrate
Q5ZSV5;Legionella pneumophila;Type_III;Vertebrate
Q5ZSV7;Legionella pneumophila;Type_III;Vertebrate
Q5ZSV9;Legionella pneumophila;Type_III;Vertebrate
Q5ZSW0;Legionella pneumophila;Type_III;Vertebrate
Q5ZSY4;Legionella pneumophila;Type_III;Vertebrate
Q5ZSZ1;Legionella pneumophila;Type_III;Vertebrate
Q5ZSZ4;Legionella pneumophila;Type_III;Vertebrate
Q5ZSZ6;Legionella pneumophila;Type_III;Vertebrate
Q5ZT06;Legionella pneumophila;Type_III;Vertebrate
Q5ZT14;Legionella pneumophila;Type_III;Vertebrate
Q5ZT21;Legionella pneumophila;Type_III;Vertebrate
Q5ZT37;Legionella pneumophila;Type_III;Vertebrate
Q5ZT43;Legionella pneumophila;Type_III;Vertebrate
Q5ZT54;Legionella pneumophila;Type_III;Vertebrate
Q5ZT65;Legionella pneumophila;Type_III;Vertebrate
Q5ZT67;Legionella pneumophila;Type_III;Vertebrate
Q5ZT79;Legionella pneumophila;Type_III;Vertebrate
Q5ZT91;Legionella pneumophila;Type_III;Vertebrate
Q5ZTB4;Legionella pneumophila;Type_III;Vertebrate
Q5ZTB8;Legionella pneumophila;Type_III;Vertebrate
Q5ZTC3;Legionella pneumophila;Type_III;Vertebrate
Q5ZTD9;Legionella pneumophila;Type_III;Vertebrate
Q5ZTE6;Legionella pneumophila;Type_III;Vertebrate
Q5ZTE7;Legionella pneumophila;Type_III;Vertebrate
Q5ZTG2;Legionella pneumophila;Type_III;Vertebrate
Q5ZTG3;Legionella pneumophila;Type_III;Vertebrate
Q5ZTI6;Legionella pneumophila;Type_III;Vertebrate
Q5ZTJ5;Legionella pneumophila;Type_III;Vertebrate
Q5ZTJ7;Legionella pneumophila;Type_III;Vertebrate
Q5ZTK1;Legionella pneumophila;Type_III;Vertebrate
Q5ZTK6;Legionella pneumophila;Type_III;Vertebrate
Q5ZTK8;Legionella pneumophila;Type_III;Vertebrate
Q5ZTL2;Legionella pneumophila;Type_III;Vertebrate
Q5ZTL4;Legionella pneumophila;Type_III;Vertebrate
Q5ZTL7;Legionella pneumophila;Type_III;Vertebrate
Q5ZTM4;Legionella pneumophila;Type_III;Vertebrate
Q5ZTV8;Legionella pneumophila;Type_III;Vertebrate
Q5ZU22;Legionella pneumophila;Type_III;Vertebrate
Q5ZU30;Legionella pneumophila;Type_III;Vertebrate
Q5ZU32;Legionella pneumophila;Type_III;Vertebrate
Q5ZU36;Legionella pneumophila;Type_III;Vertebrate
Q5ZU39;Legionella pneumophila;Type_III;Vertebrate
Q5ZU43;Legionella pneumophila;Type_III;Vertebrate
Q5ZU44;Legionella pneumophila;Type_III;Vertebrate
Q5ZU45;Legionella pneumophila;Type_III;Vertebrate
Q5ZU46;Legionella pneumophila;Type_III;Vertebrate
Q5ZU48;Legionella pneumophila;Type_III;Vertebrate
Q5ZU49;Legionella pneumophila;Type_III;Vertebrate
Q5ZU55;Legionella pneumophila;Type_III;Vertebrate
Q5ZU58;Legionella pneumophila;Type_III;Vertebrate
Q5ZU59;Legionella pneumophila;Type_III;Vertebrate
Q5ZU60;Legionella pneumophila;Type_III;Vertebrate
Q5ZU61;Legionella pneumophila;Type_III;Vertebrate
Q5ZU75;Legionella pneumophila;Type_III;Vertebrate
Q5ZU83;Legionella pneumophila;Type_III;Vertebrate
Q5ZUA0;Legionella pneumophila;Type_III;Vertebrate
Q5ZUB7;Legionella pneumophila;Type_III;Vertebrate
Q5ZUB9;Legionella pneumophila;Type_III;Vertebrate
Q5ZUE7;Legionella pneumophila;Type_III;Vertebrate
Q5ZUG2;Legionella pneumophila;Type_III;Vertebrate
Q5ZUH6;Legionella pneumophila;Type_III;Vertebrate
Q5ZUJ5;Legionella pneumophila;Type_III;Vertebrate
Q5ZUK0;Legionella pneumophila;Type_III;Vertebrate
Q5ZUK1;Legionella pneumophila;Type_III;Vertebrate
Q5ZUL7;Legionella pneumophila;Type_III;Vertebrate
Q5ZUP1;Legionella pneumophila;Type_III;Vertebrate
Q5ZUP2;Legionella pneumophila;Type_III;Vertebrate
Q5ZUS4;Legionella pneumophila;Type_III;Vertebrate
Q5ZUS5;Legionella pneumophila;Type_III;Vertebrate
Q5ZUS6;Legionella pneumophila;Type_III;Vertebrate
Q5ZUV0;Legionella pneumophila;Type_III;Vertebrate
Q5ZUV5;Legionella pneumophila;Type_III;Vertebrate
Q5ZUV7;Legionella pneumophila;Type_III;Vertebrate
Q5ZUV8;Legionella pneumophila;Type_III;Vertebrate
Q5ZUV9;Legionella pneumophila;Type_III;Vertebrate
Q5ZUX2;Legionella pneumophila;Type_III;Vertebrate
Q5ZUX5;Legionella pneumophila;Type_III;Vertebrate
Q5ZUX6;Legionella pneumophila;Type_III;Vertebrate
Q5ZUX9;Legionella pneumophila;Type_III;Vertebrate
Q5ZUY1;Legionella pneumophila;Type_III;Vertebrate
Q5ZUY2;Legionella pneumophila;Type_III;Vertebrate
Q5ZUY8;Legionella pneumophila;Type_III;Vertebrate
Q5ZV03;Legionella pneumophila;Type_III;Vertebrate
Q5ZV17;Legionella pneumophila;Type_III;Vertebrate
Q5ZV21;Legionella pneumophila;Type_III;Vertebrate
Q5ZV42;Legionella pneumophila;Type_III;Vertebrate
Q5ZV52;Legionella pneumophila;Type_III;Vertebrate
Q5ZV62;Legionella pneumophila;Type_III;Vertebrate
Q5ZV89;Legionella pneumophila;Type_III;Vertebrate
Q5ZVE4;Legionella pneumophila;Type_III;Vertebrate
Q5ZVE9;Legionella pneumophila;Type_III;Vertebrate
Q5ZVF1;Legionella pneumophila;Type_III;Vertebrate
Q5ZVF2;Legionella pneumophila;Type_III;Vertebrate
Q5ZVF6;Legionella pneumophila;Type_III;Vertebrate
Q5ZVF7;Legionella pneumophila;Type_III;Vertebrate
Q5ZVI7;Legionella pneumophila;Type_III;Vertebrate
Q5ZVJ1;Legionella pneumophila;Type_III;Vertebrate
Q5ZVL4;Legionella pneumophila;Type_III;Vertebrate
Q5ZVN2;Legionella pneumophila;Type_III;Vertebrate
Q5ZVT4;Legionella pneumophila;Type_III;Vertebrate
Q5ZVT5;Legionella pneumophila;Type_III;Vertebrate
Q5ZVT6;Legionella pneumophila;Type_III;Vertebrate
Q5ZVX2;Legionella pneumophila;Type_III;Vertebrate
Q5ZVX6;Legionella pneumophila;Type_III;Vertebrate
Q5ZVZ8;Legionella pneumophila;Type_III;Vertebrate
Q5ZW15;Legionella pneumophila;Type_III;Vertebrate
Q5ZW60;Legionella pneumophila;Type_III;Vertebrate
Q5ZWA2;Legionella pneumophila;Type_III;Vertebrate
Q5ZWB4;Legionella pneumophila;Type_III;Vertebrate
Q5ZWB9;Legionella pneumophila;Type_III;Vertebrate
Q5ZWC7;Legionella pneumophila;Type_III;Vertebrate
Q5ZWD1;Legionella pneumophila;Type_III;Vertebrate
Q5ZWD3;Legionella pneumophila;Type_III;Vertebrate
Q5ZWD7;Legionella pneumophila;Type_III;Vertebrate
Q5ZWE0;Legionella pneumophila;Type_III;Vertebrate
Q5ZWE1;Legionella pneumophila;Type_III;Vertebrate
Q5ZWE8;Legionella pneumophila;Type_III;Vertebrate
Q5ZWF6;Legionella pneumophila;Type_III;Vertebrate
Q5ZWG1;Legionella pneumophila;Type_III;Vertebrate
Q5ZWG4;Legionella pneumophila;Type_III;Vertebrate
Q5ZWH4;Legionella pneumophila;Type_III;Vertebrate
Q5ZWH5;Legionella pneumophila;Type_III;Vertebrate
Q5ZWH6;Legionella pneumophila;Type_III;Vertebrate
Q5ZWH7;Legionella pneumophila;Type_III;Vertebrate
Q5ZWH9;Legionella pneumophila;Type_III;Vertebrate
Q5ZWI4;Legionella pneumophila;Type_III;Vertebrate
Q5ZWK2;Legionella pneumophila;Type_III;Vertebrate
Q5ZWW5;Legionella pneumophila;Type_III;Vertebrate
Q5ZWW6;Legionella pneumophila;Type_III;Vertebrate
Q5ZWW7;Legionella pneumophila;Type_III;Vertebrate
Q5ZWX1;Legionella pneumophila;Type_III;Vertebrate
Q5ZWY8;Legionella pneumophila;Type_III;Vertebrate
Q5ZWY9;Legionella pneumophila;Type_III;Vertebrate
Q5ZWZ3;Legionella pneumophila;Type_III;Vertebrate
Q5ZX07;Legionella pneumophila;Type_III;Vertebrate
Q5ZX12;Legionella pneumophila;Type_III;Vertebrate
Q5ZX35;Legionella pneumophila;Type_III;Vertebrate
Q5ZXD5;Legionella pneumophila;Type_III;Vertebrate
Q5ZXJ8;Legionella pneumophila;Type_III;Vertebrate
Q5ZXN5;Legionella pneumophila;Type_III;Vertebrate
Q5ZXN6;Legionella pneumophila;Type_III;Vertebrate
Q5ZXT6;Legionella pneumophila;Type_III;Vertebrate
Q5ZXT9;Legionella pneumophila;Type_III;Vertebrate
Q5ZXU7;Legionella pneumophila;Type_III;Vertebrate
Q5ZXW0;Legionella pneumophila;Type_III;Vertebrate
Q5ZY53;Legionella pneumophila;Type_III;Vertebrate
Q5ZY54;Legionella pneumophila;Type_III;Vertebrate
Q5ZY89;Legionella pneumophila;Type_III;Vertebrate
Q5ZYD3;Legionella pneumophila;Type_III;Vertebrate
Q5ZYD5;Legionella pneumophila;Type_III;Vertebrate
Q5ZYD6;Legionella pneumophila;Type_III;Vertebrate
Q5ZYG7;Legionella pneumophila;Type_III;Vertebrate
Q5ZYG9;Legionella pneumophila;Type_III;Vertebrate
Q5ZYH0;Legionella pneumophila;Type_III;Vertebrate
Q5ZYH1;Legionella pneumophila;Type_III;Vertebrate
Q5ZYH9;Legionella pneumophila;Type_III;Vertebrate
Q5ZYJ6;Legionella pneumophila;Type_III;Vertebrate
Q5ZYJ7;Legionella pneumophila;Type_III;Vertebrate
Q5ZYK7;Legionella pneumophila;Type_III;Vertebrate
Q5ZYK8;Legionella pneumophila;Type_III;Vertebrate
Q5ZYR7;Legionella pneumophila;Type_III;Vertebrate
Q5ZYS6;Legionella pneumophila;Type_III;Vertebrate
Q5ZYS7;Legionella pneumophila;Type_III;Vertebrate
Q5ZYT5;Legionella pneumophila;Type_III;Vertebrate
Q5ZYT6;Legionella pneumophila;Type_III;Vertebrate
Q5ZYV1;Legionella pneumophila;Type_III;Vertebrate
Q5ZYV7;Legionella pneumophila;Type_III;Vertebrate
Q5ZYW5;Legionella pneumophila;Type_III;Vertebrate
Q5ZYX1;Legionella pneumophila;Type_III;Vertebrate
Q5ZZ01;Legionella pneumophila;Type_III;Vertebrate
Q5ZZ03;Legionella pneumophila;Type_III;Vertebrate
Q5ZZ16;Legionella pneumophila;Type_III;Vertebrate
Q5ZZ20;Legionella pneumophila;Type_III;Vertebrate
Q5ZZ30;Legionella pneumophila;Type_III;Vertebrate
Q5ZZ39;Legionella pneumophila;Type_III;Vertebrate
Q5ZZ40;Legionella pneumophila;Type_III;Vertebrate
Q5ZZ51;Legionella pneumophila;Type_III;Vertebrate
Q5ZZ71;Legionella pneumophila;Type_III;Vertebrate
Q5ZZ76;Legionella pneumophila;Type_III;Vertebrate
Q5ZZ81;Legionella pneumophila;Type_III;Vertebrate
Q5ZZ85;Legionella pneumophila;Type_III;Vertebrate
Q5ZZA4;Legionella pneumophila;Type_III;Vertebrate
Q5ZZA8;Legionella pneumophila;Type_III;Vertebrate
Q5ZZB5;Legionella pneumophila;Type_III;Vertebrate
Q5ZZC1;Legionella pneumophila;Type_III;Vertebrate
Q5ZZD0;Legionella pneumophila;Type_III;Vertebrate
Q5ZZD1;Legionella pneumophila;Type_III;Vertebrate
Q5ZZF1;Legionella pneumophila;Type_III;Vertebrate
Q5ZZG4;Legionella pneumophila;Type_III;Vertebrate
Q5ZZH2;Legionella pneumophila;Type_III;Vertebrate
Q5ZZI0;Legionella pneumophila;Type_III;Vertebrate
Q5ZZI9;Legionella pneumophila;Type_III;Vertebrate
Q5ZZJ8;Legionella pneumophila;Type_III;Vertebrate
Q5ZZK2;Legionella pneumophila;Type_III;Vertebrate
Q62B07;Burkholderia mallei;Type_III;Vertebrate
Q62B08;Burkholderia mallei;Type_III;Vertebrate
Q62B10;Burkholderia mallei;Type_III;Vertebrate
Q63K34;Burkholderia pseudomallei;Type_III;Vertebrate
Q63K35;Burkholderia pseudomallei;Type_III;Vertebrate
Q63K37;Burkholderia pseudomallei;Type_III;Vertebrate
Q63K38;Burkholderia pseudomallei;Type_III;Vertebrate
Q63K40;Burkholderia pseudomallei;Type_III;Vertebrate
Q63K42;Burkholderia pseudomallei;Type_III;Vertebrate
Q63K50;Burkholderia pseudomallei;Type_III;Vertebrate
Q663I2;Yersinia pseudotuberculosis;Type_III;Vertebrate
Q663L9;Yersinia pseudotuberculosis;Type_III;Vertebrate
Q699Q8;Aeromonas hydrophila;Type_III;Vertebrate
Q6PLD0;Vibrio parahaemolyticus;Type_III;Vertebrate
Q6Q513;Citrobacter rodentium;Type_III;Vertebrate
Q6XVT8;Shigella flexneri;Type_III;Vertebrate
A0A4P7TTX1;Shigella flexneri;Type_III;Vertebrate
Q7BRY7;Yersinia enterocolitica;Type_III;Vertebrate
Q7BRY8;Yersinia enterocolitica;Type_III;Vertebrate
Q7BRZ4;Yersinia enterocolitica;Type_III;Vertebrate
Q7BS06;Yersinia enterocolitica;Type_III;Vertebrate
Q7DB81;Escherichia coli;Type_III;Vertebrate
Q7DB85;Escherichia coli;Type_III;Vertebrate
Q7MYD1;Photorhabdus laumondii;Type_III;Vertebrate
Q7N439;Photorhabdus laumondii;Type_III;Vertebrate
Q7NUX3;Chromobacterium violaceum;Type_III;Vertebrate
Q7NYG6;Chromobacterium violaceum;Type_III;Vertebrate
Q7P1B7;Chromobacterium violaceum;Type_III;Vertebrate
Q7VWI4;Bordetella pertussis;Type_III;Vertebrate
Q7WRZ5;Escherichia coli;Type_III;Vertebrate
Q824H6;Chlamydophila caviae;Type_III;Vertebrate
Q84CS5;Bordetella pertussis;Type_III;Vertebrate
Q84CS9;Bordetella pertussis;Type_III;Vertebrate
Q84GR3;Yersinia enterocolitica;Type_III;Vertebrate
Q84GT9;Yersinia enterocolitica;Type_III;Vertebrate
Q87GE5;Vibrio parahaemolyticus;Type_III;Vertebrate
Q87GF9;Vibrio parahaemolyticus;Type_III;Vertebrate
Q87GI9;Vibrio parahaemolyticus;Type_III;Vertebrate
Q87P35;Vibrio parahaemolyticus;Type_III;Vertebrate
Q87P38;Vibrio parahaemolyticus;Type_III;Vertebrate
Q8VSC3;Shigella flexneri;Type_III;Vertebrate
Q8X482;Escherichia coli;Type_III;Vertebrate
Q8X4X1;Escherichia coli;Type_III;Vertebrate
Q8X782;Escherichia coli;Type_III;Vertebrate
Q8XAL7;Escherichia coli;Type_III;Vertebrate
Q8XBX7;Escherichia coli;Type_III;Vertebrate
Q8XC86;Escherichia coli;Type_III;Vertebrate
Q8Z4Z6;Salmonella typhi;Type_III;Vertebrate
Q8Z6L6;Salmonella typhi;Type_III;Vertebrate
Q8Z969;Salmonella typhi;Type_III;Vertebrate
Q8ZMI3;Salmonella typhimurium;Type_III;Vertebrate
Q8ZMY7;Salmonella typhimurium;Type_III;Vertebrate
Q8ZN18;Salmonella typhimurium;Type_III;Vertebrate
Q8ZNP4;Salmonella typhimurium;Type_III;Vertebrate
Q8ZNR3;Salmonella typhimurium;Type_III;Vertebrate
Q8ZQA1;Salmonella typhimurium;Type_III;Vertebrate
Q8ZQC8;Salmonella typhimurium;Type_III;Vertebrate
Q93KQ5;Yersinia enterocolitica;Type_III;Vertebrate
Q93KQ6;Yersinia enterocolitica;Type_III;Vertebrate
Q93KU8;Yersinia enterocolitica;Type_III;Vertebrate
Q93Q17;Aeromonas salmonicida;Type_III;Vertebrate
Q93RN4;Yersinia pseudotuberculosis;Type_III;Vertebrate
Q99PZ6;Shigella flexneri;Type_III;Vertebrate
Q9AJW7;Shigella flexneri;Type_III;Vertebrate
Q9I788;Pseudomonas aeruginosa;Type_III;Vertebrate
Q9KWH9;Escherichia coli;Type_III;Vertebrate
Q9L9J3;Salmonella typhimurium;Type_III;Vertebrate
Q9REZ5;Bordetella bronchiseptica;Type_III;Vertebrate
Q9REZ7;Bordetella bronchiseptica;Type_III;Vertebrate
Q9RI12;Yersinia pestis;Type_III;Vertebrate
Q9S4P4;Salmonella dublin;Type_III;Vertebrate
Q9Z6N8;Chlamydia pneumoniae;Type_III;Vertebrate
Q9Z780;Chlamydia pneumoniae;Type_III;Vertebrate
Q9Z785;Chlamydia pneumoniae;Type_III;Vertebrate
Q9Z7E2;Chlamydia pneumoniae;Type_III;Vertebrate
Q9Z7J8;Chlamydia pneumoniae;Type_III;Vertebrate
Q9Z7K3;Chlamydia pneumoniae;Type_III;Vertebrate
Q9Z7Q6;Chlamydia pneumoniae;Type_III;Vertebrate
Q9Z7W9;Chlamydia pneumoniae;Type_III;Vertebrate
Q9Z7Y1;Chlamydia pneumoniae;Type_III;Vertebrate
Q9Z861;Chlamydia pneumoniae;Type_III;Vertebrate
Q9Z877;Chlamydia pneumoniae;Type_III;Vertebrate
Q9Z8G9;Chlamydia pneumoniae;Type_III;Vertebrate
Q9Z8L3;Chlamydia pneumoniae;Type_III;Vertebrate
Q9Z8L4;Chlamydia pneumoniae;Type_III;Vertebrate
Q9Z8N0;Chlamydia pneumoniae;Type_III;Vertebrate
Q9Z8P6;Chlamydia pneumoniae;Type_III;Vertebrate
Q9Z8P7;Chlamydia pneumoniae;Type_III;Vertebrate
Q9Z8X8;Chlamydia pneumoniae;Type_III;Vertebrate
Q9Z8Z8;Chlamydia pneumoniae;Type_III;Vertebrate
P40136;Bacillus anthracis;Type_III;Vertebrate
P15917;Bacillus anthracis;Type_III;Vertebrate
Q46669;Escherichia coli;Type_III;Vertebrate
Q8Z6A7;Salmonella typhi;Type_III;Vertebrate
Q9S676;Aggregatibacter actinomycetemcomitans;Type_III;Vertebrate
Q46101;Campylobacter jejuni;Type_III;Vertebrate
A0A0A8J2Q4;Salmonella enterica;Type_III;Vertebrate
A4F2C8;Campylobacter fetus;Type_III;Vertebrate
A4F298;Campylobacter coli;Type_III;Vertebrate
A0A3T0PDD9;Bordetella pertussis;Type_III;Vertebrate
P01555;Vibrio cholerae;Type_III;Vertebrate
P0DKX7;Bordetella pertussis;Type_III;Vertebrate
P00587;Corynebacterium diphteriae;Type_III;Vertebrate
P0DPI1;Clostridium botulinum;Type_III;Vertebrate
Q9FBI2;Shigella dysenteriae;Type_III;Vertebrate
C4B698;Clostridium botulinum;Type_III;Vertebrate
Q46220;Clostridium perfringens;Type_III;Vertebrate
P11439;Pseudomonas aeruginosa;Type_III;Vertebrate
WP_123778901.1;Yersinia pseudotuberculosis;Type_III;Vertebrate
E6Z0R3;Bartonella schoenbuchensis;Type_III;Vertebrate
Q8FDW4;Escherichia coli;Type_III;Vertebrate
P21454;Salmonella typhimurium;Type_III;Vertebrate
Q48245;Helicobacter pylori;Type_III;Vertebrate
Q5EK40;Vibrio cholerae;Type_III;Vertebrate
P17450;Salmonella choleraesuis;Type_III;Vertebrate
Q6EZC2;Escherichia coli;Type_III;Vertebrate
A0A0N2IV24;Bordetella pertussis;Type_III;Vertebrate
Q7W4W3;Bordetella parapertussis;Type_III;Vertebrate
A0A0K5ZZ47;Escherichia coli;Type_III;Vertebrate
A0A0C6PDA9;Bordetella bronchiseptica;Type_III;Vertebrate
Q46962;Escherichia coli;Type_III;Vertebrate
O32586;Escherichia coli;Type_III;Vertebrate
C5ZZQ2;Escherichia coli;Type_III;Vertebrate
Q0E668;Escherichia coli;Type_III;Vertebrate
A0A2X1ZPD4;Photobacterium damselae;Type_III;Vertebrate
Q0PZH6;Aeromonas hydrophila;Type_II;Vertebrate
Q08677;Aeromonas salmonicida;Type_II;Vertebrate
Q44061;Aeromonas hydrophila;Type_II;Vertebrate
A0A3T1A1W4;Aeromonas hydrophila;Type_II;Vertebrate
O87652;Aeromonas hydrophila;Type_II;Vertebrate
U1IBD2;Gallibacterium anatis;Type_II;Vertebrate
P96091;Treponema denticola;Type_II;Vertebrate
P55128;Actinobacillus pleuropneumoniae;Type_II;Vertebrate
B2YGA4;Gardnerella vaginalis;Type_II;Vertebrate
A0A6G7B150;Lactobacillus iners;Type_II;Vertebrate
B4U1J5;Streptococcus equi;Type_II;Vertebrate
P0C1V1;Staphylococcus aureus;Type_II;Vertebrate
P0DF96;Streptococcus pyogenes;Type_II;Vertebrate
Q53957;Streptococcus canis;Type_II;Vertebrate
Q0TUS0;Clostridium perfringens;Type_II;Vertebrate
P23564;Paenibacillus alvei;Type_II;Vertebrate
P0C2J9;Streptococcus pneumoniae;Type_II;Vertebrate
P31831;Listeria ivanovii;Type_II;Vertebrate
A0A0F7RBI7;Bacillus anthracis;Type_II;Vertebrate
D7BPC7;Arcanobacterium haemolyticum;Type_II;Vertebrate
A0A3Q9GLK9;Trueperella pyogenes;Type_II;Vertebrate
P09616;Staphylococcus aureus;Type_II;Vertebrate
O05387;Bacillus cereus;Type_II;Vertebrate
Q46308;Clostridium perfringens;Type_II;Vertebrate
Q9EVA1;Bacillus cereus;Type_II;Vertebrate
A8ULG6;Clostridium perfringens;Type_II;Vertebrate
A7JZC6;Vibrio antiquarius;Type_II;Vertebrate
I6VBE8;Clostridium chauvoei;Type_II;Vertebrate
Q53747;Staphylococcus aureus;Type_II;Vertebrate
P0A074;Staphylococcus aureus;Type_II;Vertebrate
P0A077;Staphylococcus aureus;Type_II;Vertebrate
B5D5T8;Staphylococcus pseudintermedius;Type_II;Vertebrate
P09167;Aeromonas hydrophila;Type_II;Vertebrate
Q53482;Clostridium septicum;Type_II;Vertebrate
Q7WZI1;Bacillus thuringiensis;Type_II;Vertebrate
Q02307;Clostridium perfringens;Type_II;Vertebrate
P15377;Actinobacillus pleuropneumoniae;Type_II;Vertebrate
P14608;Pseudomonas aeruginosa;Type_II;Vertebrate
E3BJR0;Vibrio caribbeanicus;Type_II;Vertebrate
Q52052;Enterococcus faecalis;Type_II;Vertebrate
Q52053;Enterococcus faecalis;Type_II;Vertebrate
P0C2E9;Clostridium perfringens;Type_II;Vertebrate
Q815P0;Bacillus cereus;Type_II;Vertebrate
P0C0I3;Streptococcus pyogenes;Type_II;Vertebrate
P13128;Listeria monocytogenes;Type_II;Vertebrate
O85102;Streptococcus suis;Type_II;Vertebrate
O31241;Trueperella pyogenes;Type_II;Vertebrate
S3JSS5;Treponema medium;Type_II;Vertebrate
C1CWG1;Deinococcus deserti;Type_II;Vertebrate
M3B575;Streptomyces mobaraensis;Type_II;Vertebrate
Q9LCB8;Streptococcus intermedius;Type_II;Vertebrate
U6S4M9;Enterococcus faecalis;Type_II;Vertebrate
A6GVU3;Flavobacterium psychrophilum;Type_II;Vertebrate
H1Q242;Prevotella micans;Type_II;Vertebrate
F9YPV7;Capnocytophaga canimorsus;Type_II;Vertebrate
Q8YX86;Nostoc sp.;Type_II;Vertebrate
U6B8P7;Candidatus Liberibacter;Type_II;Vertebrate
P09545;Vibrio cholerae;Type_II;Vertebrate
P19247;Vibrio vulnificus;Type_II;Vertebrate
D1J6Q5;Photobacterium damselae;Type_II;Vertebrate
Q9L4L8;Bacillus cereus;Type_II;Vertebrate
Q9REG6;Bacillus cereus;Type_II;Vertebrate
Q9REG7;Bacillus cereus;Type_II;Vertebrate
Q47877;Edwardsiella tarda;Type_II;Vertebrate
Q2TM55;Bacillus cereus;Type_II;Vertebrate
Q63CS3;Bacillus cereus;Type_II;Vertebrate
Q63CS4;Bacillus cereus;Type_II;Vertebrate
A5N119;Clostridium kluyveri;Type_II;Vertebrate
P55117;Bibersteinia trehalosi;Type_II;Vertebrate
P09983;Escherichia coli;Type_II;Vertebrate
J7QLC0;Bordetella pertussis;Type_II;Vertebrate
D2SZ13;Gallibacterium anatis;Type_II;Vertebrate
A8QWG8;Escherichia coli;Type_II;Vertebrate
P16462;Aggregatibacter actinomycetemcomitans;Type_II;Vertebrate
A1YKW7;Kingella kingae;Type_II;Vertebrate
WP_005169901.1;Yersinia enterocolitica;Type_II;Vertebrate
WP_076706633.1;Yersinia enterocolitica;Type_II;Vertebrate
P15713;Pseudomonas aeruginosa;Type_II;Vertebrate
Q9RGS8;Burkholderia pseudomallei;Type_II;Vertebrate
P06200;Pseudomonas aeruginosa;Type_II;Vertebrate
Q84FI6;Bacillus cereus;Type_II;Vertebrate
P11889;Bacillus cereus;Type_II;Vertebrate
P14262;Bacillus cereus;Type_II;Vertebrate
P08954;Bacillus thuringiensis;Type_II;Non-Vertebrate
Q9RF12;Clostridium perfringens;Type_II;Vertebrate
P20419;Paraclostridium bifermentans;Type_II;Vertebrate
Q46150;Clostridium novyi;Type_II;Vertebrate
Q0TV31;Clostridium perfringens;Type_II;Vertebrate
Q2FWP1;Staphylococcus aureus;Type_II;Vertebrate
A0A2X2Q5N2;Burkholderia cepacia;Type_II;Vertebrate
P59115;Leptospira interrogans;Type_II;Vertebrate
P59116;Leptospira interrogans;Type_II;Vertebrate
Q72P44;Leptospira interrogans;Type_II;Vertebrate
P17627;Leptospira interrogans;Type_II;Vertebrate
Q2G1X0;Staphylococcus aureus;Type_II;Vertebrate
A0A2P0ZHP7;Clostridium perfringens;Type_II;Vertebrate
P81242;Bacillus cereus;Type_II;Vertebrate
Q2TM57;Bacillus cereus;Type_II;Vertebrate
P54355;Bacteroides fragilis;Type_I;Vertebrate
P0C0J0;Streptococcus pyogenes;Type_I;Vertebrate
A0A6B0D2Z3;Staphylococcus aureus;Type_I;Vertebrate
P06886;Staphylococcus aureus;Type_I;Vertebrate
P01559;Escherichia coli;Type_I;Vertebrate
P01552;Staphylococcus aureus;Type_I;Vertebrate
P34071;Staphylococcus aureus;Type_I;Vertebrate
P0A0L8;Staphylococcus aureus;Type_I;Vertebrate
P0DJY7;Streptococcus pyogenes;Type_I;Vertebrate
Q54738;Streptococcus pyogenes;Type_I;Vertebrate
P20723;Staphylococcus aureus;Type_I;Vertebrate
P0A0L2;Staphylococcus aureus;Type_I;Vertebrate
P12993;Staphylococcus aureus;Type_I;Vertebrate
P0A0M0;Staphylococcus aureus;Type_I;Vertebrate
P0A0L5;Staphylococcus aureus;Type_I;Vertebrate
Q8NKX2;Streptococcus pyogenes;Type_I;Vertebrate
P0C0I6;Streptococcus pyogenes;Type_I;Vertebrate
Q9X5C7;Streptococcus pyogenes;Type_I;Vertebrate
P0DG08;Streptococcus pyogenes;Type_I;Vertebrate
P0C0I7;Streptococcus pyogenes;Type_I;Vertebrate
Q6VBI7;Streptococcus canis;Type_I;Vertebrate
Q1CQC6;Streptococcus pyogenes;Type_I;Vertebrate
Q7BAE3;Streptococcus pyogenes;Type_I;Vertebrate
P0A0L4;Staphylococcus aureus;Type_I;Vertebrate
A0A0H3KHN8;Staphylococcus aureus;Type_I;Vertebrate
S5TIL4;Streptococcus equi;Type_I;Vertebrate
A0A380JN30;Streptococcus equi;Type_I;Vertebrate
S5TQU4;Streptococcus equi;Type_I;Vertebrate
Q9L920;Streptococcus equi;Type_I;Vertebrate
S5U857;Streptococcus equi;Type_I;Vertebrate
A0A172PYN3;Streptococcus equi;Type_I;Vertebrate
H2EPC8;Streptococcus equi;Type_I;Vertebrate
A0A2X3U5V2;Streptococcus equi;Type_I;Vertebrate
Q938P4;Streptococcus dysgalactiae;Type_I;Vertebrate
Q76FM2;Streptococcus dysgalactiae;Type_I;Vertebrate
P07593;Yersinia enterocolitica;Type_I;Vertebrate
O50319;Yersinia enterocolitica;Type_I;Vertebrate
P74977;Yersinia enterocolitica;Type_I;Vertebrate
P31518;Yersinia kristensenii;Type_I;Vertebrate
A0A1V4PWS3;Mycobacterium sp.;Type_I;Vertebrate
G0Z026;Staphylococcus aureus;Type_I;Vertebrate
P06717;Escherichia coli;Type_I;Vertebrate
B8X9B6;Aeromonas salmonicida;Type_IV;Vertebrate
P09331;Staphylococcus aureus;Type_IV;Vertebrate
P09332;Staphylococcus aureus;Type_IV;Vertebrate
Q8D4Y9;Vibrio vulnificus;Type_IV;Vertebrate
P43153;Clostridium perfringens;Type_IV;Vertebrate
P33437;Porphyromonas gingivalis;Type_IV;Vertebrate
Q9X721;Hathewaya histolytica;Type_IV;Vertebrate
Q46085;Hathewaya histolytica;Type_IV;Vertebrate
Q9KRJ0;Vibrio cholerae;Type_IV;Vertebrate
P43154;Vibrio alginolyticus;Type_IV;Vertebrate
Q59223;Bacillus sp.;Type_IV;Vertebrate
P20724;Bacillus sp.;Type_IV;Vertebrate
P81177;Staphylococcus aureus;Type_IV;Vertebrate
P14756;Pseudomonas aeruginosa;Type_IV;Vertebrate
P0C0Q3;Staphylococcus epidermidis;Type_IV;Vertebrate
P14789;Pseudomonas aeruginosa;Type_IV;Vertebrate
P0C0Q4;Staphylococcus epidermidis;Type_IV;Vertebrate
P26831;Clostridium perfringens;Type_IV;Vertebrate
Q54873;Streptococcus pneumoniae;Type_IV;Vertebrate
P0CZ00;Cutibacterium acnes;Type_IV;Vertebrate
Q53591;Streptococcus agalactiae;Type_IV;Vertebrate
P0CZ01;Cutibacterium acnes;Type_IV;Vertebrate
O25534;Helicobacter pylori;Type_IV;Vertebrate
D0EM77;Tannerella forsythia;Type_IV;Vertebrate
P23694;Serratia marcescens;Type_IV;Vertebrate
Q97T80;Streptococcus pneumoniae;Type_IV;Vertebrate
B1LKV6;Escherichia coli;Type_IV;Vertebrate
Q11137;Proteus mirabilis;Type_IV;Vertebrate